movie_id,title,genres,content_text
3186,Movie 3186,,Movie 3186 
1022,Movie 1022,,Movie 1022 
1270,Movie 1270,,Movie 1270 
1721,Movie 1721,,Movie 1721 
2340,Movie 2340,,Movie 2340 
1836,Movie 1836,,Movie 1836 
3408,Movie 3408,,Movie 3408 
1207,Movie 1207,,Movie 1207 
2804,Movie 2804,,Movie 2804 
260,Movie 260,,Movie 260 
720,Movie 720,,Movie 720 
1193,Movie 1193,,Movie 1193 
919,Movie 919,,Movie 919 
608,Movie 608,,Movie 608 
2692,Movie 2692,,Movie 2692 
1961,Movie 1961,,Movie 1961 
2028,Movie 2028,,Movie 2028 
3105,Movie 3105,,Movie 3105 
938,Movie 938,,Movie 938 
1035,Movie 1035,,Movie 1035 
1962,Movie 1962,,Movie 1962 
150,Movie 150,,Movie 150 
1028,Movie 1028,,Movie 1028 
2018,Movie 2018,,Movie 2018 
1097,Movie 1097,,Movie 1097 
914,Movie 914,,Movie 914 
1287,Movie 1287,,Movie 1287 
2797,Movie 2797,,Movie 2797 
1246,Movie 1246,,Movie 1246 
2762,Movie 2762,,Movie 2762 
661,Movie 661,,Movie 661 
2918,Movie 2918,,Movie 2918 
531,Movie 531,,Movie 531 
3114,Movie 3114,,Movie 3114 
2791,Movie 2791,,Movie 2791 
1029,Movie 1029,,Movie 1029 
2321,Movie 2321,,Movie 2321 
594,Movie 594,,Movie 594 
1197,Movie 1197,,Movie 1197 
2398,Movie 2398,,Movie 2398 
1545,Movie 1545,,Movie 1545 
527,Movie 527,,Movie 527 
1,Movie 1,,Movie 1 
588,Movie 588,,Movie 588 
595,Movie 595,,Movie 595 
745,Movie 745,,Movie 745 
2687,Movie 2687,,Movie 2687 
783,Movie 783,,Movie 783 
2294,Movie 2294,,Movie 2294 
2355,Movie 2355,,Movie 2355 
1566,Movie 1566,,Movie 1566 
1907,Movie 1907,,Movie 1907 
48,Movie 48,,Movie 48 
1198,Movie 1198,,Movie 1198 
1210,Movie 1210,,Movie 1210 
1217,Movie 1217,,Movie 1217 
2717,Movie 2717,,Movie 2717 
1293,Movie 1293,,Movie 1293 
2943,Movie 2943,,Movie 2943 
1225,Movie 1225,,Movie 1225 
318,Movie 318,,Movie 318 
2858,Movie 2858,,Movie 2858 
3030,Movie 3030,,Movie 3030 
1213,Movie 1213,,Movie 1213 
1945,Movie 1945,,Movie 1945 
593,Movie 593,,Movie 593 
3095,Movie 3095,,Movie 3095 
515,Movie 515,,Movie 515 
1873,Movie 1873,,Movie 1873 
3468,Movie 3468,,Movie 3468 
1090,Movie 1090,,Movie 1090 
2501,Movie 2501,,Movie 2501 
110,Movie 110,,Movie 110 
2067,Movie 2067,,Movie 2067 
3035,Movie 3035,,Movie 3035 
1247,Movie 1247,,Movie 1247 
3147,Movie 3147,,Movie 3147 
1357,Movie 1357,,Movie 1357 
1196,Movie 1196,,Movie 1196 
1957,Movie 1957,,Movie 1957 
920,Movie 920,,Movie 920 
1953,Movie 1953,,Movie 1953 
1084,Movie 1084,,Movie 1084 
1834,Movie 1834,,Movie 1834 
3471,Movie 3471,,Movie 3471 
3654,Movie 3654,,Movie 3654 
3735,Movie 3735,,Movie 3735 
1259,Movie 1259,,Movie 1259 
1784,Movie 1784,,Movie 1784 
1954,Movie 1954,,Movie 1954 
1968,Movie 1968,,Movie 1968 
2728,Movie 2728,,Movie 2728 
902,Movie 902,,Movie 902 
1103,Movie 1103,,Movie 1103 
3451,Movie 3451,,Movie 3451 
2852,Movie 2852,,Movie 2852 
3334,Movie 3334,,Movie 3334 
3578,Movie 3578,,Movie 3578 
3068,Movie 3068,,Movie 3068 
265,Movie 265,,Movie 265 
2312,Movie 2312,,Movie 2312 
590,Movie 590,,Movie 590 
1253,Movie 1253,,Movie 1253 
3071,Movie 3071,,Movie 3071 
1244,Movie 1244,,Movie 1244 
3699,Movie 3699,,Movie 3699 
1245,Movie 1245,,Movie 1245 
1955,Movie 1955,,Movie 1955 
2236,Movie 2236,,Movie 2236 
3678,Movie 3678,,Movie 3678 
982,Movie 982,,Movie 982 
1442,Movie 1442,,Movie 1442 
2194,Movie 2194,,Movie 2194 
2268,Movie 2268,,Movie 2268 
3255,Movie 3255,,Movie 3255 
235,Movie 235,,Movie 235 
647,Movie 647,,Movie 647 
1096,Movie 1096,,Movie 1096 
498,Movie 498,,Movie 498 
1124,Movie 1124,,Movie 1124 
3893,Movie 3893,,Movie 3893 
1188,Movie 1188,,Movie 1188 
1537,Movie 1537,,Movie 1537 
2396,Movie 2396,,Movie 2396 
2359,Movie 2359,,Movie 2359 
356,Movie 356,,Movie 356 
1265,Movie 1265,,Movie 1265 
3108,Movie 3108,,Movie 3108 
3809,Movie 3809,,Movie 3809 
457,Movie 457,,Movie 457 
589,Movie 589,,Movie 589 
2571,Movie 2571,,Movie 2571 
163,Movie 163,,Movie 163 
380,Movie 380,,Movie 380 
480,Movie 480,,Movie 480 
1610,Movie 1610,,Movie 1610 
2916,Movie 2916,,Movie 2916 
3418,Movie 3418,,Movie 3418 
21,Movie 21,,Movie 21 
349,Movie 349,,Movie 349 
1408,Movie 1408,,Movie 1408 
1527,Movie 1527,,Movie 1527 
3256,Movie 3256,,Movie 3256 
2006,Movie 2006,,Movie 2006 
2353,Movie 2353,,Movie 2353 
1370,Movie 1370,,Movie 1370 
2278,Movie 2278,,Movie 2278 
648,Movie 648,,Movie 648 
2427,Movie 2427,,Movie 2427 
1372,Movie 1372,,Movie 1372 
1552,Movie 1552,,Movie 1552 
1792,Movie 1792,,Movie 1792 
780,Movie 780,,Movie 780 
1385,Movie 1385,,Movie 1385 
2490,Movie 2490,,Movie 2490 
165,Movie 165,,Movie 165 
368,Movie 368,,Movie 368 
459,Movie 459,,Movie 459 
1801,Movie 1801,,Movie 1801 
2881,Movie 2881,,Movie 2881 
3107,Movie 3107,,Movie 3107 
442,Movie 442,,Movie 442 
1597,Movie 1597,,Movie 1597 
1690,Movie 1690,,Movie 1690 
2628,Movie 2628,,Movie 2628 
3257,Movie 3257,,Movie 3257 
736,Movie 736,,Movie 736 
2002,Movie 2002,,Movie 2002 
292,Movie 292,,Movie 292 
2126,Movie 2126,,Movie 2126 
95,Movie 95,,Movie 95 
434,Movie 434,,Movie 434 
1544,Movie 1544,,Movie 1544 
1687,Movie 1687,,Movie 1687 
1917,Movie 1917,,Movie 1917 
3534,Movie 3534,,Movie 3534 
1431,Movie 1431,,Movie 1431 
1266,Movie 1266,,Movie 1266 
1378,Movie 1378,,Movie 1378 
1379,Movie 1379,,Movie 1379 
3671,Movie 3671,,Movie 3671 
2871,Movie 2871,,Movie 2871 
3168,Movie 3168,,Movie 3168 
1291,Movie 1291,,Movie 1291 
2167,Movie 2167,,Movie 2167 
1261,Movie 1261,,Movie 1261 
1580,Movie 1580,,Movie 1580 
1615,Movie 1615,,Movie 1615 
653,Movie 653,,Movie 653 
733,Movie 733,,Movie 733 
2115,Movie 2115,,Movie 2115 
2470,Movie 2470,,Movie 2470 
1049,Movie 1049,,Movie 1049 
552,Movie 552,,Movie 552 
2617,Movie 2617,,Movie 2617 
2735,Movie 2735,,Movie 2735 
1136,Movie 1136,,Movie 1136 
1394,Movie 1394,,Movie 1394 
2997,Movie 2997,,Movie 2997 
3421,Movie 3421,,Movie 3421 
1304,Movie 1304,,Movie 1304 
3619,Movie 3619,,Movie 3619 
1079,Movie 1079,,Movie 1079 
1641,Movie 1641,,Movie 1641 
3552,Movie 3552,,Movie 3552 
104,Movie 104,,Movie 104 
3868,Movie 3868,,Movie 3868 
2081,Movie 2081,,Movie 2081 
3527,Movie 3527,,Movie 3527 
1387,Movie 1387,,Movie 1387 
1201,Movie 1201,,Movie 1201 
2366,Movie 2366,,Movie 2366 
2947,Movie 2947,,Movie 2947 
1214,Movie 1214,,Movie 1214 
1240,Movie 1240,,Movie 1240 
3702,Movie 3702,,Movie 3702 
1036,Movie 1036,,Movie 1036 
2951,Movie 2951,,Movie 2951 
908,Movie 908,,Movie 908 
1250,Movie 1250,,Movie 1250 
1127,Movie 1127,,Movie 1127 
2188,Movie 2188,,Movie 2188 
2683,Movie 2683,,Movie 2683 
3051,Movie 3051,,Movie 3051 
2770,Movie 2770,,Movie 2770 
2908,Movie 2908,,Movie 2908 
3786,Movie 3786,,Movie 3786 
3016,Movie 3016,,Movie 3016 
1093,Movie 1093,,Movie 1093 
2759,Movie 2759,,Movie 2759 
2599,Movie 2599,,Movie 2599 
3113,Movie 3113,,Movie 3113 
2428,Movie 2428,,Movie 2428 
2959,Movie 2959,,Movie 2959 
3409,Movie 3409,,Movie 3409 
2333,Movie 2333,,Movie 2333 
2580,Movie 2580,,Movie 2580 
2607,Movie 2607,,Movie 2607 
2716,Movie 2716,,Movie 2716 
2318,Movie 2318,,Movie 2318 
2390,Movie 2390,,Movie 2390 
913,Movie 913,,Movie 913 
2723,Movie 2723,,Movie 2723 
2734,Movie 2734,,Movie 2734 
968,Movie 968,,Movie 968 
24,Movie 24,,Movie 24 
299,Movie 299,,Movie 299 
2013,Movie 2013,,Movie 2013 
1513,Movie 1513,,Movie 1513 
2560,Movie 2560,,Movie 2560 
2395,Movie 2395,,Movie 2395 
3081,Movie 3081,,Movie 3081 
2700,Movie 2700,,Movie 2700 
2806,Movie 2806,,Movie 2806 
3176,Movie 3176,,Movie 3176 
2070,Movie 2070,,Movie 2070 
2337,Movie 2337,,Movie 2337 
2721,Movie 2721,,Movie 2721 
2987,Movie 2987,,Movie 2987 
3793,Movie 3793,,Movie 3793 
3624,Movie 3624,,Movie 3624 
3514,Movie 3514,,Movie 3514 
3513,Movie 3513,,Movie 3513 
3744,Movie 3744,,Movie 3744 
3799,Movie 3799,,Movie 3799 
501,Movie 501,,Movie 501 
1243,Movie 1243,,Movie 1243 
1617,Movie 1617,,Movie 1617 
1046,Movie 1046,,Movie 1046 
3083,Movie 3083,,Movie 3083 
296,Movie 296,,Movie 296 
50,Movie 50,,Movie 50 
1089,Movie 1089,,Movie 1089 
1719,Movie 1719,,Movie 1719 
714,Movie 714,,Movie 714 
860,Movie 860,,Movie 860 
896,Movie 896,,Movie 896 
1192,Movie 1192,,Movie 1192 
1704,Movie 1704,,Movie 1704 
800,Movie 800,,Movie 800 
994,Movie 994,,Movie 994 
1554,Movie 1554,,Movie 1554 
1684,Movie 1684,,Movie 1684 
176,Movie 176,,Movie 176 
2289,Movie 2289,,Movie 2289 
3728,Movie 3728,,Movie 3728 
34,Movie 34,,Movie 34 
562,Movie 562,,Movie 562 
1730,Movie 1730,,Movie 1730 
1788,Movie 1788,,Movie 1788 
162,Movie 162,,Movie 162 
1912,Movie 1912,,Movie 1912 
1649,Movie 1649,,Movie 1649 
2282,Movie 2282,,Movie 2282 
41,Movie 41,,Movie 41 
728,Movie 728,,Movie 728 
1175,Movie 1175,,Movie 1175 
2437,Movie 2437,,Movie 2437 
36,Movie 36,,Movie 36 
581,Movie 581,,Movie 581 
2159,Movie 2159,,Movie 2159 
2291,Movie 2291,,Movie 2291 
1449,Movie 1449,,Movie 1449 
1171,Movie 1171,,Movie 1171 
3163,Movie 3163,,Movie 3163 
461,Movie 461,,Movie 461 
3267,Movie 3267,,Movie 3267 
32,Movie 32,,Movie 32 
1509,Movie 1509,,Movie 1509 
3046,Movie 3046,,Movie 3046 
39,Movie 39,,Movie 39 
1529,Movie 1529,,Movie 1529 
29,Movie 29,,Movie 29 
1095,Movie 1095,,Movie 1095 
3260,Movie 3260,,Movie 3260 
3499,Movie 3499,,Movie 3499 
1279,Movie 1279,,Movie 1279 
1500,Movie 1500,,Movie 1500 
1635,Movie 1635,,Movie 1635 
1650,Movie 1650,,Movie 1650 
1923,Movie 1923,,Movie 1923 
47,Movie 47,,Movie 47 
866,Movie 866,,Movie 866 
1734,Movie 1734,,Movie 1734 
215,Movie 215,,Movie 215 
3006,Movie 3006,,Movie 3006 
2323,Movie 2323,,Movie 2323 
2890,Movie 2890,,Movie 2890 
272,Movie 272,,Movie 272 
1535,Movie 1535,,Movie 1535 
1759,Movie 1759,,Movie 1759 
1594,Movie 1594,,Movie 1594 
1517,Movie 1517,,Movie 1517 
1885,Movie 1885,,Movie 1885 
16,Movie 16,,Movie 16 
1392,Movie 1392,,Movie 1392 
3100,Movie 3100,,Movie 3100 
1747,Movie 1747,,Movie 1747 
497,Movie 497,,Movie 497 
1466,Movie 1466,,Movie 1466 
2384,Movie 2384,,Movie 2384 
1732,Movie 1732,,Movie 1732 
2058,Movie 2058,,Movie 2058 
1729,Movie 1729,,Movie 1729 
2952,Movie 2952,,Movie 2952 
224,Movie 224,,Movie 224 
357,Movie 357,,Movie 357 
509,Movie 509,,Movie 509 
1429,Movie 1429,,Movie 1429 
321,Movie 321,,Movie 321 
348,Movie 348,,Movie 348 
412,Movie 412,,Movie 412 
1653,Movie 1653,,Movie 1653 
1715,Movie 1715,,Movie 1715 
6,Movie 6,,Movie 6 
1643,Movie 1643,,Movie 1643 
3020,Movie 3020,,Movie 3020 
3249,Movie 3249,,Movie 3249 
3476,Movie 3476,,Movie 3476 
1966,Movie 1966,,Movie 1966 
1268,Movie 1268,,Movie 1268 
3386,Movie 3386,,Movie 3386 
1794,Movie 1794,,Movie 1794 
377,Movie 377,,Movie 377 
506,Movie 506,,Movie 506 
202,Movie 202,,Movie 202 
194,Movie 194,,Movie 194 
1683,Movie 1683,,Movie 1683 
1722,Movie 1722,,Movie 1722 
1921,Movie 1921,,Movie 1921 
2725,Movie 2725,,Movie 2725 
3079,Movie 3079,,Movie 3079 
3266,Movie 3266,,Movie 3266 
1191,Movie 1191,,Movie 1191 
1897,Movie 1897,,Movie 1897 
1733,Movie 1733,,Movie 1733 
52,Movie 52,,Movie 52 
1909,Movie 1909,,Movie 1909 
353,Movie 353,,Movie 353 
551,Movie 551,,Movie 551 
229,Movie 229,,Movie 229 
2029,Movie 2029,,Movie 2029 
1485,Movie 1485,,Movie 1485 
1884,Movie 1884,,Movie 1884 
288,Movie 288,,Movie 288 
3072,Movie 3072,,Movie 3072 
912,Movie 912,,Movie 912 
1043,Movie 1043,,Movie 1043 
17,Movie 17,,Movie 17 
1441,Movie 1441,,Movie 1441 
1296,Movie 1296,,Movie 1296 
3685,Movie 3685,,Movie 3685 
1674,Movie 1674,,Movie 1674 
2100,Movie 2100,,Movie 2100 
1959,Movie 1959,,Movie 1959 
2802,Movie 2802,,Movie 2802 
1088,Movie 1088,,Movie 1088 
1101,Movie 1101,,Movie 1101 
2406,Movie 2406,,Movie 2406 
2469,Movie 2469,,Movie 2469 
3501,Movie 3501,,Movie 3501 
3524,Movie 3524,,Movie 3524 
569,Movie 569,,Movie 569 
1806,Movie 1806,,Movie 1806 
2082,Movie 2082,,Movie 2082 
2506,Movie 2506,,Movie 2506 
2966,Movie 2966,,Movie 2966 
838,Movie 838,,Movie 838 
199,Movie 199,,Movie 199 
364,Movie 364,,Movie 364 
1688,Movie 1688,,Movie 1688 
1030,Movie 1030,,Movie 1030 
1380,Movie 1380,,Movie 1380 
1947,Movie 1947,,Movie 1947 
3604,Movie 3604,,Movie 3604 
2017,Movie 2017,,Movie 2017 
3600,Movie 3600,,Movie 3600 
3610,Movie 3610,,Movie 3610 
266,Movie 266,,Movie 266 
383,Movie 383,,Movie 383 
1007,Movie 1007,,Movie 1007 
3074,Movie 3074,,Movie 3074 
3508,Movie 3508,,Movie 3508 
3682,Movie 3682,,Movie 3682 
3753,Movie 3753,,Movie 3753 
3536,Movie 3536,,Movie 3536 
3565,Movie 3565,,Movie 3565 
3717,Movie 3717,,Movie 3717 
1569,Movie 1569,,Movie 1569 
597,Movie 597,,Movie 597 
1221,Movie 1221,,Movie 1221 
1997,Movie 1997,,Movie 1997 
474,Movie 474,,Movie 474 
861,Movie 861,,Movie 861 
1573,Movie 1573,,Movie 1573 
111,Movie 111,,Movie 111 
3481,Movie 3481,,Movie 3481 
393,Movie 393,,Movie 393 
3265,Movie 3265,,Movie 3265 
555,Movie 555,,Movie 555 
1916,Movie 1916,,Movie 1916 
2699,Movie 2699,,Movie 2699 
2600,Movie 2600,,Movie 2600 
25,Movie 25,,Movie 25 
1059,Movie 1059,,Movie 1059 
1277,Movie 1277,,Movie 1277 
1735,Movie 1735,,Movie 1735 
1393,Movie 1393,,Movie 1393 
1639,Movie 1639,,Movie 1639 
2329,Movie 2329,,Movie 2329 
3252,Movie 3252,,Movie 3252 
2336,Movie 2336,,Movie 2336 
2686,Movie 2686,,Movie 2686 
3250,Movie 3250,,Movie 3250 
337,Movie 337,,Movie 337 
3148,Movie 3148,,Movie 3148 
58,Movie 58,,Movie 58 
73,Movie 73,,Movie 73 
1673,Movie 1673,,Movie 1673 
538,Movie 538,,Movie 538 
1120,Movie 1120,,Movie 1120 
1411,Movie 1411,,Movie 1411 
3246,Movie 3246,,Movie 3246 
161,Movie 161,,Movie 161 
508,Movie 508,,Movie 508 
2324,Movie 2324,,Movie 2324 
2442,Movie 2442,,Movie 2442 
1840,Movie 1840,,Movie 1840 
524,Movie 524,,Movie 524 
1660,Movie 1660,,Movie 1660 
1678,Movie 1678,,Movie 1678 
476,Movie 476,,Movie 476 
14,Movie 14,,Movie 14 
1682,Movie 1682,,Movie 1682 
2712,Movie 2712,,Movie 2712 
253,Movie 253,,Movie 253 
345,Movie 345,,Movie 345 
650,Movie 650,,Movie 650 
1589,Movie 1589,,Movie 1589 
2702,Movie 2702,,Movie 2702 
1621,Movie 1621,,Movie 1621 
1810,Movie 1810,,Movie 1810 
2541,Movie 2541,,Movie 2541 
269,Movie 269,,Movie 269 
1693,Movie 1693,,Movie 1693 
151,Movie 151,,Movie 151 
454,Movie 454,,Movie 454 
465,Movie 465,,Movie 465 
2297,Movie 2297,,Movie 2297 
2688,Movie 2688,,Movie 2688 
1476,Movie 1476,,Movie 1476 
3259,Movie 3259,,Movie 3259 
230,Movie 230,,Movie 230 
1701,Movie 1701,,Movie 1701 
3528,Movie 3528,,Movie 3528 
282,Movie 282,,Movie 282 
2023,Movie 2023,,Movie 2023 
2320,Movie 2320,,Movie 2320 
1711,Movie 1711,,Movie 1711 
2429,Movie 2429,,Movie 2429 
1488,Movie 1488,,Movie 1488 
3425,Movie 3425,,Movie 3425 
3173,Movie 3173,,Movie 3173 
105,Movie 105,,Movie 105 
510,Movie 510,,Movie 510 
2314,Movie 2314,,Movie 2314 
4,Movie 4,,Movie 4 
1027,Movie 1027,,Movie 1027 
3155,Movie 3155,,Movie 3155 
42,Movie 42,,Movie 42 
3500,Movie 3500,,Movie 3500 
1274,Movie 1274,,Movie 1274 
3213,Movie 3213,,Movie 3213 
741,Movie 741,,Movie 741 
3751,Movie 3751,,Movie 3751 
3178,Movie 3178,,Movie 3178 
3916,Movie 3916,,Movie 3916 
3948,Movie 3948,,Movie 3948 
1233,Movie 1233,,Movie 1233 
1148,Movie 1148,,Movie 1148 
1307,Movie 1307,,Movie 1307 
3510,Movie 3510,,Movie 3510 
3755,Movie 3755,,Movie 3755 
3623,Movie 3623,,Movie 3623 
3298,Movie 3298,,Movie 3298 
3301,Movie 3301,,Movie 3301 
3452,Movie 3452,,Movie 3452 
3826,Movie 3826,,Movie 3826 
3484,Movie 3484,,Movie 3484 
1223,Movie 1223,,Movie 1223 
3160,Movie 3160,,Movie 3160 
1310,Movie 1310,,Movie 1310 
1446,Movie 1446,,Movie 1446 
1669,Movie 1669,,Movie 1669 
223,Movie 223,,Movie 223 
3253,Movie 3253,,Movie 3253 
2166,Movie 2166,,Movie 2166 
1358,Movie 1358,,Movie 1358 
1584,Movie 1584,,Movie 1584 
778,Movie 778,,Movie 778 
1060,Movie 1060,,Movie 1060 
1343,Movie 1343,,Movie 1343 
300,Movie 300,,Movie 300 
1777,Movie 1777,,Movie 1777 
3270,Movie 3270,,Movie 3270 
2302,Movie 2302,,Movie 2302 
529,Movie 529,,Movie 529 
805,Movie 805,,Movie 805 
428,Movie 428,,Movie 428 
1356,Movie 1356,,Movie 1356 
367,Movie 367,,Movie 367 
743,Movie 743,,Movie 743 
858,Movie 858,,Movie 858 
1948,Movie 1948,,Movie 1948 
1282,Movie 1282,,Movie 1282 
2033,Movie 2033,,Movie 2033 
2135,Movie 2135,,Movie 2135 
2657,Movie 2657,,Movie 2657 
3675,Movie 3675,,Movie 3675 
2399,Movie 2399,,Movie 2399 
3189,Movie 3189,,Movie 3189 
3629,Movie 3629,,Movie 3629 
1204,Movie 1204,,Movie 1204 
1927,Movie 1927,,Movie 1927 
541,Movie 541,,Movie 541 
1234,Movie 1234,,Movie 1234 
2300,Movie 2300,,Movie 2300 
3037,Movie 3037,,Movie 3037 
1302,Movie 1302,,Movie 1302 
1080,Movie 1080,,Movie 1080 
1215,Movie 1215,,Movie 1215 
954,Movie 954,,Movie 954 
1278,Movie 1278,,Movie 1278 
1294,Movie 1294,,Movie 1294 
3296,Movie 3296,,Movie 3296 
277,Movie 277,,Movie 277 
2872,Movie 2872,,Movie 2872 
926,Movie 926,,Movie 926 
3198,Movie 3198,,Movie 3198 
1254,Movie 1254,,Movie 1254 
2000,Movie 2000,,Movie 2000 
1271,Movie 1271,,Movie 1271 
3194,Movie 3194,,Movie 3194 
3358,Movie 3358,,Movie 3358 
802,Movie 802,,Movie 802 
2863,Movie 2863,,Movie 2863 
953,Movie 953,,Movie 953 
1269,Movie 1269,,Movie 1269 
3087,Movie 3087,,Movie 3087 
3525,Movie 3525,,Movie 3525 
180,Movie 180,,Movie 180 
3703,Movie 3703,,Movie 3703 
2080,Movie 2080,,Movie 2080 
2529,Movie 2529,,Movie 2529 
3066,Movie 3066,,Movie 3066 
3723,Movie 3723,,Movie 3723 
3097,Movie 3097,,Movie 3097 
1230,Movie 1230,,Movie 1230 
2040,Movie 2040,,Movie 2040 
587,Movie 587,,Movie 587 
62,Movie 62,,Movie 62 
2496,Movie 2496,,Movie 2496 
3359,Movie 3359,,Movie 3359 
943,Movie 943,,Movie 943 
2948,Movie 2948,,Movie 2948 
2874,Movie 2874,,Movie 2874 
915,Movie 915,,Movie 915 
918,Movie 918,,Movie 918 
539,Movie 539,,Movie 539 
592,Movie 592,,Movie 592 
1104,Movie 1104,,Movie 1104 
1257,Movie 1257,,Movie 1257 
2041,Movie 2041,,Movie 2041 
1967,Movie 1967,,Movie 1967 
1012,Movie 1012,,Movie 1012 
3247,Movie 3247,,Movie 3247 
316,Movie 316,,Movie 316 
2662,Movie 2662,,Movie 2662 
971,Movie 971,,Movie 971 
3086,Movie 3086,,Movie 3086 
2371,Movie 2371,,Movie 2371 
2078,Movie 2078,,Movie 2078 
963,Movie 963,,Movie 963 
2001,Movie 2001,,Movie 2001 
2174,Movie 2174,,Movie 2174 
3363,Movie 3363,,Movie 3363 
7,Movie 7,,Movie 7 
1019,Movie 1019,,Movie 1019 
2003,Movie 2003,,Movie 2003 
2137,Movie 2137,,Movie 2137 
2967,Movie 2967,,Movie 2967 
3701,Movie 3701,,Movie 3701 
1220,Movie 1220,,Movie 1220 
3039,Movie 3039,,Movie 3039 
1025,Movie 1025,,Movie 1025 
2393,Movie 2393,,Movie 2393 
2011,Movie 2011,,Movie 2011 
596,Movie 596,,Movie 596 
2012,Movie 2012,,Movie 2012 
1375,Movie 1375,,Movie 1375 
2161,Movie 2161,,Movie 2161 
2622,Movie 2622,,Movie 2622 
2746,Movie 2746,,Movie 2746 
3928,Movie 3928,,Movie 3928 
3174,Movie 3174,,Movie 3174 
3704,Movie 3704,,Movie 3704 
671,Movie 671,,Movie 671 
1032,Movie 1032,,Movie 1032 
3591,Movie 3591,,Movie 3591 
1031,Movie 1031,,Movie 1031 
2045,Movie 2045,,Movie 2045 
1042,Movie 1042,,Movie 1042 
2015,Movie 2015,,Movie 2015 
3608,Movie 3608,,Movie 3608 
317,Movie 317,,Movie 317 
1756,Movie 1756,,Movie 1756 
1020,Movie 1020,,Movie 1020 
586,Movie 586,,Movie 586 
2111,Movie 2111,,Movie 2111 
2453,Movie 2453,,Movie 2453 
2090,Movie 2090,,Movie 2090 
543,Movie 543,,Movie 543 
2138,Movie 2138,,Movie 2138 
333,Movie 333,,Movie 333 
2423,Movie 2423,,Movie 2423 
2046,Movie 2046,,Movie 2046 
2043,Movie 2043,,Movie 2043 
2109,Movie 2109,,Movie 2109 
1676,Movie 1676,,Movie 1676 
2094,Movie 2094,,Movie 2094 
329,Movie 329,,Movie 329 
2431,Movie 2431,,Movie 2431 
1016,Movie 1016,,Movie 1016 
2133,Movie 2133,,Movie 2133 
2124,Movie 2124,,Movie 2124 
2436,Movie 2436,,Movie 2436 
1633,Movie 1633,,Movie 1633 
1345,Movie 1345,,Movie 1345 
344,Movie 344,,Movie 344 
370,Movie 370,,Movie 370 
2054,Movie 2054,,Movie 2054 
1135,Movie 1135,,Movie 1135 
2005,Movie 2005,,Movie 2005 
2047,Movie 2047,,Movie 2047 
435,Movie 435,,Movie 435 
1371,Movie 1371,,Movie 1371 
351,Movie 351,,Movie 351 
1125,Movie 1125,,Movie 1125 
1409,Movie 1409,,Movie 1409 
2049,Movie 2049,,Movie 2049 
2093,Movie 2093,,Movie 2093 
2316,Movie 2316,,Movie 2316 
2424,Movie 2424,,Movie 2424 
830,Movie 830,,Movie 830 
1091,Movie 1091,,Movie 1091 
3153,Movie 3153,,Movie 3153 
248,Movie 248,,Movie 248 
1377,Movie 1377,,Movie 1377 
3439,Movie 3439,,Movie 3439 
153,Movie 153,,Movie 153 
186,Movie 186,,Movie 186 
3812,Movie 3812,,Movie 3812 
1586,Movie 1586,,Movie 1586 
2497,Movie 2497,,Movie 2497 
3688,Movie 3688,,Movie 3688 
2136,Movie 2136,,Movie 2136 
2375,Movie 2375,,Movie 2375 
208,Movie 208,,Movie 208 
3099,Movie 3099,,Movie 3099 
2378,Movie 2378,,Movie 2378 
1918,Movie 1918,,Movie 1918 
765,Movie 765,,Movie 765 
542,Movie 542,,Movie 542 
203,Movie 203,,Movie 203 
1583,Movie 1583,,Movie 1583 
2826,Movie 2826,,Movie 2826 
3254,Movie 3254,,Movie 3254 
3869,Movie 3869,,Movie 3869 
2530,Movie 2530,,Movie 2530 
2091,Movie 2091,,Movie 2091 
3264,Movie 3264,,Movie 3264 
3388,Movie 3388,,Movie 3388 
2405,Movie 2405,,Movie 2405 
1320,Movie 1320,,Movie 1320 
520,Movie 520,,Movie 520 
1015,Movie 1015,,Movie 1015 
2072,Movie 2072,,Movie 2072 
784,Movie 784,,Movie 784 
898,Movie 898,,Movie 898 
899,Movie 899,,Movie 899 
2125,Movie 2125,,Movie 2125 
3668,Movie 3668,,Movie 3668 
969,Movie 969,,Movie 969 
2108,Movie 2108,,Movie 2108 
1286,Movie 1286,,Movie 1286 
339,Movie 339,,Movie 339 
932,Movie 932,,Movie 932 
1339,Movie 1339,,Movie 1339 
1376,Movie 1376,,Movie 1376 
3175,Movie 3175,,Movie 3175 
1200,Movie 1200,,Movie 1200 
1374,Movie 1374,,Movie 1374 
2968,Movie 2968,,Movie 2968 
924,Movie 924,,Movie 924 
2407,Movie 2407,,Movie 2407 
1129,Movie 1129,,Movie 1129 
2009,Movie 2009,,Movie 2009 
2640,Movie 2640,,Movie 2640 
2,Movie 2,,Movie 2 
1009,Movie 1009,,Movie 1009 
1073,Movie 1073,,Movie 1073 
3466,Movie 3466,,Movie 3466 
2021,Movie 2021,,Movie 2021 
2140,Movie 2140,,Movie 2140 
2193,Movie 2193,,Movie 2193 
3489,Movie 3489,,Movie 3489 
2105,Movie 2105,,Movie 2105 
1654,Movie 1654,,Movie 1654 
3438,Movie 3438,,Movie 3438 
916,Movie 916,,Movie 916 
1276,Movie 1276,,Movie 1276 
2795,Movie 2795,,Movie 2795 
1256,Movie 1256,,Movie 1256 
2946,Movie 2946,,Movie 2946 
116,Movie 116,,Movie 116 
3309,Movie 3309,,Movie 3309 
1203,Movie 1203,,Movie 1203 
2077,Movie 2077,,Movie 2077 
904,Movie 904,,Movie 904 
2096,Movie 2096,,Movie 2096 
750,Movie 750,,Movie 750 
1252,Movie 1252,,Movie 1252 
1023,Movie 1023,,Movie 1023 
3347,Movie 3347,,Movie 3347 
1292,Movie 1292,,Movie 1292 
2087,Movie 2087,,Movie 2087 
2498,Movie 2498,,Movie 2498 
1831,Movie 1831,,Movie 1831 
3593,Movie 3593,,Movie 3593 
275,Movie 275,,Movie 275 
3034,Movie 3034,,Movie 3034 
3447,Movie 3447,,Movie 3447 
923,Movie 923,,Movie 923 
1283,Movie 1283,,Movie 1283 
2693,Movie 2693,,Movie 2693 
2252,Movie 2252,,Movie 2252 
764,Movie 764,,Movie 764 
440,Movie 440,,Movie 440 
441,Movie 441,,Movie 441 
249,Movie 249,,Movie 249 
986,Movie 986,,Movie 986 
2710,Movie 2710,,Movie 2710 
1498,Movie 1498,,Movie 1498 
481,Movie 481,,Movie 481 
1563,Movie 1563,,Movie 1563 
342,Movie 342,,Movie 342 
85,Movie 85,,Movie 85 
1887,Movie 1887,,Movie 1887 
2706,Movie 2706,,Movie 2706 
3101,Movie 3101,,Movie 3101 
246,Movie 246,,Movie 246 
2639,Movie 2639,,Movie 2639 
1546,Movie 1546,,Movie 1546 
2106,Movie 2106,,Movie 2106 
708,Movie 708,,Movie 708 
1288,Movie 1288,,Movie 1288 
3396,Movie 3396,,Movie 3396 
2883,Movie 2883,,Movie 2883 
2766,Movie 2766,,Movie 2766 
3448,Movie 3448,,Movie 3448 
3129,Movie 3129,,Movie 3129 
663,Movie 663,,Movie 663 
1753,Movie 1753,,Movie 1753 
788,Movie 788,,Movie 788 
2539,Movie 2539,,Movie 2539 
231,Movie 231,,Movie 231 
2598,Movie 2598,,Movie 2598 
1665,Movie 1665,,Movie 1665 
216,Movie 216,,Movie 216 
2325,Movie 2325,,Movie 2325 
88,Movie 88,,Movie 88 
1461,Movie 1461,,Movie 1461 
2507,Movie 2507,,Movie 2507 
2335,Movie 2335,,Movie 2335 
2306,Movie 2306,,Movie 2306 
2907,Movie 2907,,Movie 2907 
3146,Movie 3146,,Movie 3146 
2076,Movie 2076,,Movie 2076 
3182,Movie 3182,,Movie 3182 
934,Movie 934,,Movie 934 
999,Movie 999,,Movie 999 
2616,Movie 2616,,Movie 2616 
3785,Movie 3785,,Movie 3785 
1303,Movie 1303,,Movie 1303 
813,Movie 813,,Movie 813 
3897,Movie 3897,,Movie 3897 
3658,Movie 3658,,Movie 3658 
3362,Movie 3362,,Movie 3362 
1331,Movie 1331,,Movie 1331 
3745,Movie 3745,,Movie 3745 
10,Movie 10,,Movie 10 
1479,Movie 1479,,Movie 1479 
517,Movie 517,,Movie 517 
1262,Movie 1262,,Movie 1262 
3417,Movie 3417,,Movie 3417 
3479,Movie 3479,,Movie 3479 
952,Movie 952,,Movie 952 
3070,Movie 3070,,Movie 3070 
3494,Movie 3494,,Movie 3494 
2370,Movie 2370,,Movie 2370 
2414,Movie 2414,,Movie 2414 
60,Movie 60,,Movie 60 
421,Movie 421,,Movie 421 
1216,Movie 1216,,Movie 1216 
2528,Movie 2528,,Movie 2528 
3036,Movie 3036,,Movie 3036 
3269,Movie 3269,,Movie 3269 
1587,Movie 1587,,Movie 1587 
2641,Movie 2641,,Movie 2641 
2822,Movie 2822,,Movie 2822 
2243,Movie 2243,,Movie 2243 
2976,Movie 2976,,Movie 2976 
3033,Movie 3033,,Movie 3033 
1982,Movie 1982,,Movie 1982 
2920,Movie 2920,,Movie 2920 
2572,Movie 2572,,Movie 2572 
2694,Movie 2694,,Movie 2694 
3354,Movie 3354,,Movie 3354 
1263,Movie 1263,,Movie 1263 
2731,Movie 2731,,Movie 2731 
748,Movie 748,,Movie 748 
2707,Movie 2707,,Movie 2707 
3004,Movie 3004,,Movie 3004 
3005,Movie 3005,,Movie 3005 
2605,Movie 2605,,Movie 2605 
2719,Movie 2719,,Movie 2719 
2676,Movie 2676,,Movie 2676 
2882,Movie 2882,,Movie 2882 
2581,Movie 2581,,Movie 2581 
2394,Movie 2394,,Movie 2394 
2485,Movie 2485,,Movie 2485 
2724,Movie 2724,,Movie 2724 
2840,Movie 2840,,Movie 2840 
2841,Movie 2841,,Movie 2841 
2961,Movie 2961,,Movie 2961 
2763,Movie 2763,,Movie 2763 
3798,Movie 3798,,Movie 3798 
3566,Movie 3566,,Movie 3566 
3535,Movie 3535,,Movie 3535 
1487,Movie 1487,,Movie 1487 
628,Movie 628,,Movie 628 
2391,Movie 2391,,Movie 2391 
141,Movie 141,,Movie 141 
1608,Movie 1608,,Movie 1608 
1396,Movie 1396,,Movie 1396 
1672,Movie 1672,,Movie 1672 
1883,Movie 1883,,Movie 1883 
1625,Movie 1625,,Movie 1625 
500,Movie 500,,Movie 500 
3261,Movie 3261,,Movie 3261 
3145,Movie 3145,,Movie 3145 
832,Movie 832,,Movie 832 
1092,Movie 1092,,Movie 1092 
553,Movie 553,,Movie 553 
2433,Movie 2433,,Movie 2433 
2273,Movie 2273,,Movie 2273 
2567,Movie 2567,,Movie 2567 
2272,Movie 2272,,Movie 2272 
3646,Movie 3646,,Movie 3646 
3773,Movie 3773,,Movie 3773 
1619,Movie 1619,,Movie 1619 
1805,Movie 1805,,Movie 1805 
1645,Movie 1645,,Movie 1645 
2764,Movie 2764,,Movie 2764 
70,Movie 70,,Movie 70 
1804,Movie 1804,,Movie 1804 
2387,Movie 2387,,Movie 2387 
762,Movie 762,,Movie 762 
2389,Movie 2389,,Movie 2389 
1892,Movie 1892,,Movie 1892 
257,Movie 257,,Movie 257 
1422,Movie 1422,,Movie 1422 
1644,Movie 1644,,Movie 1644 
1783,Movie 1783,,Movie 1783 
160,Movie 160,,Movie 160 
1702,Movie 1702,,Movie 1702 
3461,Movie 3461,,Movie 3461 
2643,Movie 2643,,Movie 2643 
2555,Movie 2555,,Movie 2555 
3516,Movie 3516,,Movie 3516 
2975,Movie 2975,,Movie 2975 
2722,Movie 2722,,Movie 2722 
1911,Movie 1911,,Movie 1911 
2369,Movie 2369,,Movie 2369 
2828,Movie 2828,,Movie 2828 
2888,Movie 2888,,Movie 2888 
2720,Movie 2720,,Movie 2720 
2856,Movie 2856,,Movie 2856 
2392,Movie 2392,,Movie 2392 
2629,Movie 2629,,Movie 2629 
2713,Movie 2713,,Movie 2713 
2761,Movie 2761,,Movie 2761 
2568,Movie 2568,,Movie 2568 
2805,Movie 2805,,Movie 2805 
2701,Movie 2701,,Movie 2701 
1185,Movie 1185,,Movie 1185 
1614,Movie 1614,,Movie 1614 
2752,Movie 2752,,Movie 2752 
1779,Movie 1779,,Movie 1779 
2549,Movie 2549,,Movie 2549 
3300,Movie 3300,,Movie 3300 
3879,Movie 3879,,Movie 3879 
3594,Movie 3594,,Movie 3594 
3863,Movie 3863,,Movie 3863 
3457,Movie 3457,,Movie 3457 
1069,Movie 1069,,Movie 1069 
1284,Movie 1284,,Movie 1284 
942,Movie 942,,Movie 942 
30,Movie 30,,Movie 30 
3713,Movie 3713,,Movie 3713 
446,Movie 446,,Movie 446 
503,Movie 503,,Movie 503 
1624,Movie 1624,,Movie 1624 
293,Movie 293,,Movie 293 
1428,Movie 1428,,Movie 1428 
319,Movie 319,,Movie 319 
247,Movie 247,,Movie 247 
496,Movie 496,,Movie 496 
340,Movie 340,,Movie 340 
1179,Movie 1179,,Movie 1179 
1748,Movie 1748,,Movie 1748 
2912,Movie 2912,,Movie 2912 
2542,Movie 2542,,Movie 2542 
2010,Movie 2010,,Movie 2010 
2660,Movie 2660,,Movie 2660 
3932,Movie 3932,,Movie 3932 
1206,Movie 1206,,Movie 1206 
3503,Movie 3503,,Movie 3503 
2664,Movie 2664,,Movie 2664 
2288,Movie 2288,,Movie 2288 
2553,Movie 2553,,Movie 2553 
3576,Movie 3576,,Movie 3576 
198,Movie 198,,Movie 198 
1077,Movie 1077,,Movie 1077 
1301,Movie 1301,,Movie 1301 
2117,Movie 2117,,Movie 2117 
2287,Movie 2287,,Movie 2287 
2527,Movie 2527,,Movie 2527 
2455,Movie 2455,,Movie 2455 
2554,Movie 2554,,Movie 2554 
2661,Movie 2661,,Movie 2661 
3662,Movie 3662,,Movie 3662 
2613,Movie 2613,,Movie 2613 
3700,Movie 3700,,Movie 3700 
2901,Movie 2901,,Movie 2901 
76,Movie 76,,Movie 76 
2346,Movie 2346,,Movie 2346 
3375,Movie 3375,,Movie 3375 
3827,Movie 3827,,Movie 3827 
2454,Movie 2454,,Movie 2454 
2663,Movie 2663,,Movie 2663 
2668,Movie 2668,,Movie 2668 
2985,Movie 2985,,Movie 2985 
3927,Movie 3927,,Movie 3927 
610,Movie 610,,Movie 610 
2116,Movie 2116,,Movie 2116 
2377,Movie 2377,,Movie 2377 
3156,Movie 3156,,Movie 3156 
3638,Movie 3638,,Movie 3638 
2173,Movie 2173,,Movie 2173 
2311,Movie 2311,,Movie 2311 
2526,Movie 2526,,Movie 2526 
2533,Movie 2533,,Movie 2533 
2667,Movie 2667,,Movie 2667 
3032,Movie 3032,,Movie 3032 
3696,Movie 3696,,Movie 3696 
164,Movie 164,,Movie 164 
707,Movie 707,,Movie 707 
1601,Movie 1601,,Movie 1601 
291,Movie 291,,Movie 291 
1367,Movie 1367,,Movie 1367 
3911,Movie 3911,,Movie 3911 
2143,Movie 2143,,Movie 2143 
1126,Movie 1126,,Movie 1126 
2019,Movie 2019,,Movie 2019 
1242,Movie 1242,,Movie 1242 
3635,Movie 3635,,Movie 3635 
3639,Movie 3639,,Movie 3639 
2993,Movie 2993,,Movie 2993 
3633,Movie 3633,,Movie 3633 
1275,Movie 1275,,Movie 1275 
2989,Movie 2989,,Movie 2989 
2893,Movie 2893,,Movie 2893 
1391,Movie 1391,,Movie 1391 
1876,Movie 1876,,Movie 1876 
466,Movie 466,,Movie 466 
2807,Movie 2807,,Movie 2807 
44,Movie 44,,Movie 44 
3698,Movie 3698,,Movie 3698 
3440,Movie 3440,,Movie 3440 
485,Movie 485,,Movie 485 
405,Movie 405,,Movie 405 
327,Movie 327,,Movie 327 
2373,Movie 2373,,Movie 2373 
2402,Movie 2402,,Movie 2402 
1739,Movie 1739,,Movie 1739 
2253,Movie 2253,,Movie 2253 
1606,Movie 1606,,Movie 1606 
2404,Movie 2404,,Movie 2404 
737,Movie 737,,Movie 737 
1591,Movie 1591,,Movie 1591 
3705,Movie 3705,,Movie 3705 
2422,Movie 2422,,Movie 2422 
839,Movie 839,,Movie 839 
3889,Movie 3889,,Movie 3889 
546,Movie 546,,Movie 546 
1499,Movie 1499,,Movie 1499 
1562,Movie 1562,,Movie 1562 
1882,Movie 1882,,Movie 1882 
2153,Movie 2153,,Movie 2153 
3877,Movie 3877,,Movie 3877 
1344,Movie 1344,,Movie 1344 
940,Movie 940,,Movie 940 
158,Movie 158,,Movie 158 
168,Movie 168,,Movie 168 
2421,Movie 2421,,Movie 2421 
2450,Movie 2450,,Movie 2450 
2139,Movie 2139,,Movie 2139 
2085,Movie 2085,,Movie 2085 
313,Movie 313,,Movie 313 
1033,Movie 1033,,Movie 1033 
2089,Movie 2089,,Movie 2089 
616,Movie 616,,Movie 616 
1064,Movie 1064,,Movie 1064 
2141,Movie 2141,,Movie 2141 
2142,Movie 2142,,Movie 2142 
2123,Movie 2123,,Movie 2123 
262,Movie 262,,Movie 262 
3397,Movie 3397,,Movie 3397 
3398,Movie 3398,,Movie 3398 
2052,Movie 2052,,Movie 2052 
1013,Movie 1013,,Movie 1013 
2083,Movie 2083,,Movie 2083 
2014,Movie 2014,,Movie 2014 
3399,Movie 3399,,Movie 3399 
2042,Movie 2042,,Movie 2042 
2953,Movie 2953,,Movie 2953 
1005,Movie 1005,,Movie 1005 
493,Movie 493,,Movie 493 
532,Movie 532,,Movie 532 
2248,Movie 2248,,Movie 2248 
1956,Movie 1956,,Movie 1956 
2348,Movie 2348,,Movie 2348 
1960,Movie 1960,,Movie 1960 
1094,Movie 1094,,Movie 1094 
222,Movie 222,,Movie 222 
1186,Movie 1186,,Movie 1186 
232,Movie 232,,Movie 232 
2020,Movie 2020,,Movie 2020 
2025,Movie 2025,,Movie 2025 
2739,Movie 2739,,Movie 2739 
3526,Movie 3526,,Movie 3526 
302,Movie 302,,Movie 302 
475,Movie 475,,Movie 475 
86,Movie 86,,Movie 86 
2573,Movie 2573,,Movie 2573 
2718,Movie 2718,,Movie 2718 
2145,Movie 2145,,Movie 2145 
261,Movie 261,,Movie 261 
26,Movie 26,,Movie 26 
2991,Movie 2991,,Movie 2991 
2949,Movie 2949,,Movie 2949 
2376,Movie 2376,,Movie 2376 
3082,Movie 3082,,Movie 3082 
3208,Movie 3208,,Movie 3208 
2338,Movie 2338,,Movie 2338 
1373,Movie 1373,,Movie 1373 
420,Movie 420,,Movie 420 
1772,Movie 1772,,Movie 1772 
3596,Movie 3596,,Movie 3596 
2296,Movie 2296,,Movie 2296 
1407,Movie 1407,,Movie 1407 
1717,Movie 1717,,Movie 1717 
3273,Movie 3273,,Movie 3273 
2860,Movie 2860,,Movie 2860 
2195,Movie 2195,,Movie 2195 
1350,Movie 1350,,Movie 1350 
2789,Movie 2789,,Movie 2789 
2790,Movie 2790,,Movie 2790 
1219,Movie 1219,,Movie 1219 
1258,Movie 1258,,Movie 1258 
2638,Movie 2638,,Movie 2638 
2646,Movie 2646,,Movie 2646 
2647,Movie 2647,,Movie 2647 
2648,Movie 2648,,Movie 2648 
2160,Movie 2160,,Movie 2160 
1994,Movie 1994,,Movie 1994 
1321,Movie 1321,,Movie 1321 
2644,Movie 2644,,Movie 2644 
1340,Movie 1340,,Movie 1340 
2633,Movie 2633,,Movie 2633 
3930,Movie 3930,,Movie 3930 
842,Movie 842,,Movie 842 
1327,Movie 1327,,Movie 1327 
1334,Movie 1334,,Movie 1334 
330,Movie 330,,Movie 330 
2103,Movie 2103,,Movie 2103 
2064,Movie 2064,,Movie 2064 
785,Movie 785,,Movie 785 
3752,Movie 3752,,Movie 3752 
2502,Movie 2502,,Movie 2502 
3325,Movie 3325,,Movie 3325 
1974,Movie 1974,,Movie 1974 
2004,Movie 2004,,Movie 2004 
2367,Movie 2367,,Movie 2367 
2990,Movie 2990,,Movie 2990 
1655,Movie 1655,,Movie 1655 
2574,Movie 2574,,Movie 2574 
2782,Movie 2782,,Movie 2782 
879,Movie 879,,Movie 879 
2649,Movie 2649,,Movie 2649 
2653,Movie 2653,,Movie 2653 
2836,Movie 2836,,Movie 2836 
1468,Movie 1468,,Movie 1468 
1694,Movie 1694,,Movie 1694 
585,Movie 585,,Movie 585 
3053,Movie 3053,,Movie 3053 
3268,Movie 3268,,Movie 3268 
3774,Movie 3774,,Movie 3774 
3000,Movie 3000,,Movie 3000 
2800,Movie 2800,,Movie 2800 
771,Movie 771,,Movie 771 
2189,Movie 2189,,Movie 2189 
1405,Movie 1405,,Movie 1405 
1222,Movie 1222,,Movie 1222 
1047,Movie 1047,,Movie 1047 
2263,Movie 2263,,Movie 2263 
1205,Movie 1205,,Movie 1205 
1438,Movie 1438,,Movie 1438 
849,Movie 849,,Movie 849 
786,Movie 786,,Movie 786 
185,Movie 185,,Movie 185 
1037,Movie 1037,,Movie 1037 
3661,Movie 3661,,Movie 3661 
798,Movie 798,,Movie 798 
3835,Movie 3835,,Movie 3835 
2122,Movie 2122,,Movie 2122 
3355,Movie 3355,,Movie 3355 
2265,Movie 2265,,Movie 2265 
3210,Movie 3210,,Movie 3210 
2134,Movie 2134,,Movie 2134 
2150,Movie 2150,,Movie 2150 
2416,Movie 2416,,Movie 2416 
2794,Movie 2794,,Movie 2794 
2413,Movie 2413,,Movie 2413 
2792,Movie 2792,,Movie 2792 
2478,Movie 2478,,Movie 2478 
2163,Movie 2163,,Movie 2163 
2374,Movie 2374,,Movie 2374 
81,Movie 81,,Movie 81 
799,Movie 799,,Movie 799 
3052,Movie 3052,,Movie 3052 
1425,Movie 1425,,Movie 1425 
3450,Movie 3450,,Movie 3450 
312,Movie 312,,Movie 312 
2671,Movie 2671,,Movie 2671 
3120,Movie 3120,,Movie 3120 
3243,Movie 3243,,Movie 3243 
2249,Movie 2249,,Movie 2249 
1689,Movie 1689,,Movie 1689 
3258,Movie 3258,,Movie 3258 
473,Movie 473,,Movie 473 
833,Movie 833,,Movie 833 
818,Movie 818,,Movie 818 
173,Movie 173,,Movie 173 
256,Movie 256,,Movie 256 
1347,Movie 1347,,Movie 1347 
3917,Movie 3917,,Movie 3917 
3017,Movie 3017,,Movie 3017 
1991,Movie 1991,,Movie 1991 
3660,Movie 3660,,Movie 3660 
1799,Movie 1799,,Movie 1799 
429,Movie 429,,Movie 429 
145,Movie 145,,Movie 145 
112,Movie 112,,Movie 112 
1754,Movie 1754,,Movie 1754 
678,Movie 678,,Movie 678 
65,Movie 65,,Movie 65 
1034,Movie 1034,,Movie 1034 
3896,Movie 3896,,Movie 3896 
910,Movie 910,,Movie 910 
196,Movie 196,,Movie 196 
2419,Movie 2419,,Movie 2419 
3708,Movie 3708,,Movie 3708 
1249,Movie 1249,,Movie 1249 
3556,Movie 3556,,Movie 3556 
951,Movie 951,,Movie 951 
3507,Movie 3507,,Movie 3507 
3618,Movie 3618,,Movie 3618 
2241,Movie 2241,,Movie 2241 
3952,Movie 3952,,Movie 3952 
3920,Movie 3920,,Movie 3920 
1313,Movie 1313,,Movie 1313 
2726,Movie 2726,,Movie 2726 
3435,Movie 3435,,Movie 3435 
1227,Movie 1227,,Movie 1227 
3521,Movie 3521,,Movie 3521 
1248,Movie 1248,,Movie 1248 
2917,Movie 2917,,Movie 2917 
431,Movie 431,,Movie 431 
2511,Movie 2511,,Movie 2511 
3104,Movie 3104,,Movie 3104 
521,Movie 521,,Movie 521 
3741,Movie 3741,,Movie 3741 
3763,Movie 3763,,Movie 3763 
3338,Movie 3338,,Movie 3338 
556,Movie 556,,Movie 556 
1189,Movie 1189,,Movie 1189 
1199,Movie 1199,,Movie 1199 
1965,Movie 1965,,Movie 1965 
3770,Movie 3770,,Movie 3770 
1306,Movie 1306,,Movie 1306 
3474,Movie 3474,,Movie 3474 
2808,Movie 2808,,Movie 2808 
674,Movie 674,,Movie 674 
2322,Movie 2322,,Movie 2322 
11,Movie 11,,Movie 11 
125,Movie 125,,Movie 125 
1845,Movie 1845,,Movie 1845 
45,Movie 45,,Movie 45 
187,Movie 187,,Movie 187 
903,Movie 903,,Movie 903 
1212,Movie 1212,,Movie 1212 
1218,Movie 1218,,Movie 1218 
3634,Movie 3634,,Movie 3634 
1267,Movie 1267,,Movie 1267 
3420,Movie 3420,,Movie 3420 
2202,Movie 2202,,Movie 2202 
3551,Movie 3551,,Movie 3551 
2118,Movie 2118,,Movie 2118 
3044,Movie 3044,,Movie 3044 
3505,Movie 3505,,Movie 3505 
659,Movie 659,,Movie 659 
911,Movie 911,,Movie 911 
2176,Movie 2176,,Movie 2176 
2973,Movie 2973,,Movie 2973 
1958,Movie 1958,,Movie 1958 
3740,Movie 3740,,Movie 3740 
2148,Movie 2148,,Movie 2148 
2259,Movie 2259,,Movie 2259 
2409,Movie 2409,,Movie 2409 
2410,Movie 2410,,Movie 2410 
1388,Movie 1388,,Movie 1388 
2411,Movie 2411,,Movie 2411 
2149,Movie 2149,,Movie 2149 
2642,Movie 2642,,Movie 2642 
2119,Movie 2119,,Movie 2119 
3707,Movie 3707,,Movie 3707 
3424,Movie 3424,,Movie 3424 
2352,Movie 2352,,Movie 2352 
1663,Movie 1663,,Movie 1663 
2144,Movie 2144,,Movie 2144 
2915,Movie 2915,,Movie 2915 
2301,Movie 2301,,Movie 2301 
2245,Movie 2245,,Movie 2245 
3361,Movie 3361,,Movie 3361 
2132,Movie 2132,,Movie 2132 
372,Movie 372,,Movie 372 
1057,Movie 1057,,Movie 1057 
468,Movie 468,,Movie 468 
175,Movie 175,,Movie 175 
303,Movie 303,,Movie 303 
425,Movie 425,,Movie 425 
2757,Movie 2757,,Movie 2757 
2709,Movie 2709,,Movie 2709 
3676,Movie 3676,,Movie 3676 
157,Movie 157,,Movie 157 
1920,Movie 1920,,Movie 1920 
688,Movie 688,,Movie 688 
511,Movie 511,,Movie 511 
2447,Movie 2447,,Movie 2447 
1640,Movie 1640,,Movie 1640 
3274,Movie 3274,,Movie 3274 
491,Movie 491,,Movie 491 
852,Movie 852,,Movie 852 
2059,Movie 2059,,Movie 2059 
3263,Movie 3263,,Movie 3263 
1833,Movie 1833,,Movie 1833 
413,Movie 413,,Movie 413 
1888,Movie 1888,,Movie 1888 
445,Movie 445,,Movie 445 
1713,Movie 1713,,Movie 1713 
3,Movie 3,,Movie 3 
234,Movie 234,,Movie 234 
518,Movie 518,,Movie 518 
1541,Movie 1541,,Movie 1541 
276,Movie 276,,Movie 276 
3063,Movie 3063,,Movie 3063 
1880,Movie 1880,,Movie 1880 
135,Movie 135,,Movie 135 
673,Movie 673,,Movie 673 
1021,Movie 1021,,Movie 1021 
267,Movie 267,,Movie 267 
455,Movie 455,,Movie 455 
609,Movie 609,,Movie 609 
3287,Movie 3287,,Movie 3287 
471,Movie 471,,Movie 471 
3684,Movie 3684,,Movie 3684 
74,Movie 74,,Movie 74 
2146,Movie 2146,,Movie 2146 
64,Movie 64,,Movie 64 
252,Movie 252,,Movie 252 
1100,Movie 1100,,Movie 1100 
207,Movie 207,,Movie 207 
118,Movie 118,,Movie 118 
122,Movie 122,,Movie 122 
3206,Movie 3206,,Movie 3206 
1556,Movie 1556,,Movie 1556 
3543,Movie 3543,,Movie 3543 
2463,Movie 2463,,Movie 2463 
2266,Movie 2266,,Movie 2266 
1588,Movie 1588,,Movie 1588 
1381,Movie 1381,,Movie 1381 
3502,Movie 3502,,Movie 3502 
381,Movie 381,,Movie 381 
450,Movie 450,,Movie 450 
350,Movie 350,,Movie 350 
467,Movie 467,,Movie 467 
378,Movie 378,,Movie 378 
5,Movie 5,,Movie 5 
424,Movie 424,,Movie 424 
804,Movie 804,,Movie 804 
612,Movie 612,,Movie 612 
1390,Movie 1390,,Movie 1390 
472,Movie 472,,Movie 472 
432,Movie 432,,Movie 432 
1463,Movie 1463,,Movie 1463 
724,Movie 724,,Movie 724 
278,Movie 278,,Movie 278 
315,Movie 315,,Movie 315 
2053,Movie 2053,,Movie 2053 
3248,Movie 3248,,Movie 3248 
3056,Movie 3056,,Movie 3056 
38,Movie 38,,Movie 38 
2412,Movie 2412,,Movie 2412 
2798,Movie 2798,,Movie 2798 
2906,Movie 2906,,Movie 2906 
416,Movie 416,,Movie 416 
3130,Movie 3130,,Movie 3130 
694,Movie 694,,Movie 694 
487,Movie 487,,Movie 487 
3360,Movie 3360,,Movie 3360 
1285,Movie 1285,,Movie 1285 
3098,Movie 3098,,Movie 3098 
2261,Movie 2261,,Movie 2261 
3441,Movie 3441,,Movie 3441 
3846,Movie 3846,,Movie 3846 
3308,Movie 3308,,Movie 3308 
2420,Movie 2420,,Movie 2420 
1298,Movie 1298,,Movie 1298 
2418,Movie 2418,,Movie 2418 
2403,Movie 2403,,Movie 2403 
2247,Movie 2247,,Movie 2247 
3423,Movie 3423,,Movie 3423 
3584,Movie 3584,,Movie 3584 
2473,Movie 2473,,Movie 2473 
3331,Movie 3331,,Movie 3331 
2950,Movie 2950,,Movie 2950 
3689,Movie 3689,,Movie 3689 
3690,Movie 3690,,Movie 3690 
217,Movie 217,,Movie 217 
2313,Movie 2313,,Movie 2313 
1003,Movie 1003,,Movie 1003 
236,Movie 236,,Movie 236 
237,Movie 237,,Movie 237 
1703,Movie 1703,,Movie 1703 
2558,Movie 2558,,Movie 2558 
2942,Movie 2942,,Movie 2942 
463,Movie 463,,Movie 463 
2779,Movie 2779,,Movie 2779 
2154,Movie 2154,,Movie 2154 
2269,Movie 2269,,Movie 2269 
3426,Movie 3426,,Movie 3426 
3040,Movie 3040,,Movie 3040 
499,Movie 499,,Movie 499 
719,Movie 719,,Movie 719 
1593,Movie 1593,,Movie 1593 
3422,Movie 3422,,Movie 3422 
195,Movie 195,,Movie 195 
540,Movie 540,,Movie 540 
2875,Movie 2875,,Movie 2875 
550,Movie 550,,Movie 550 
3152,Movie 3152,,Movie 3152 
2459,Movie 2459,,Movie 2459 
3590,Movie 3590,,Movie 3590 
3506,Movie 3506,,Movie 3506 
3219,Movie 3219,,Movie 3219 
94,Movie 94,,Movie 94 
3614,Movie 3614,,Movie 3614 
3686,Movie 3686,,Movie 3686 
605,Movie 605,,Movie 605 
361,Movie 361,,Movie 361 
1457,Movie 1457,,Movie 1457 
2262,Movie 2262,,Movie 2262 
3730,Movie 3730,,Movie 3730 
922,Movie 922,,Movie 922 
930,Movie 930,,Movie 930 
2066,Movie 2066,,Movie 2066 
2186,Movie 2186,,Movie 2186 
3364,Movie 3364,,Movie 3364 
3683,Movie 3683,,Movie 3683 
947,Movie 947,,Movie 947 
955,Movie 955,,Movie 955 
1180,Movie 1180,,Movie 1180 
905,Movie 905,,Movie 905 
528,Movie 528,,Movie 528 
1237,Movie 1237,,Movie 1237 
3469,Movie 3469,,Movie 3469 
901,Movie 901,,Movie 901 
1208,Movie 1208,,Movie 1208 
1224,Movie 1224,,Movie 1224 
2550,Movie 2550,,Movie 2550 
846,Movie 846,,Movie 846 
3548,Movie 3548,,Movie 3548 
334,Movie 334,,Movie 334 
928,Movie 928,,Movie 928 
906,Movie 906,,Movie 906 
144,Movie 144,,Movie 144 
3102,Movie 3102,,Movie 3102 
3370,Movie 3370,,Movie 3370 
1085,Movie 1085,,Movie 1085 
2944,Movie 2944,,Movie 2944 
3405,Movie 3405,,Movie 3405 
2363,Movie 2363,,Movie 2363 
3062,Movie 3062,,Movie 3062 
2534,Movie 2534,,Movie 2534 
3769,Movie 3769,,Movie 3769 
3726,Movie 3726,,Movie 3726 
1785,Movie 1785,,Movie 1785 
3197,Movie 3197,,Movie 3197 
3366,Movie 3366,,Movie 3366 
3836,Movie 3836,,Movie 3836 
494,Movie 494,,Movie 494 
2544,Movie 2544,,Movie 2544 
3943,Movie 3943,,Movie 3943 
1922,Movie 1922,,Movie 1922 
1041,Movie 1041,,Movie 1041 
1176,Movie 1176,,Movie 1176 
1657,Movie 1657,,Movie 1657 
3554,Movie 3554,,Movie 3554 
3949,Movie 3949,,Movie 3949 
957,Movie 957,,Movie 957 
2936,Movie 2936,,Movie 2936 
2922,Movie 2922,,Movie 2922 
961,Movie 961,,Movie 961 
1976,Movie 1976,,Movie 1976 
3012,Movie 3012,,Movie 3012 
3096,Movie 3096,,Movie 3096 
3022,Movie 3022,,Movie 3022 
3244,Movie 3244,,Movie 3244 
1235,Movie 1235,,Movie 1235 
921,Movie 921,,Movie 921 
3088,Movie 3088,,Movie 3088 
2747,Movie 2747,,Movie 2747 
1297,Movie 1297,,Movie 1297 
1937,Movie 1937,,Movie 1937 
3462,Movie 3462,,Movie 3462 
1281,Movie 1281,,Movie 1281 
933,Movie 933,,Movie 933 
2208,Movie 2208,,Movie 2208 
3349,Movie 3349,,Movie 3349 
3640,Movie 3640,,Movie 3640 
2065,Movie 2065,,Movie 2065 
946,Movie 946,,Movie 946 
2870,Movie 2870,,Movie 2870 
3028,Movie 3028,,Movie 3028 
3200,Movie 3200,,Movie 3200 
2935,Movie 2935,,Movie 2935 
2780,Movie 2780,,Movie 2780 
3341,Movie 3341,,Movie 3341 
3821,Movie 3821,,Movie 3821 
3429,Movie 3429,,Movie 3429 
3787,Movie 3787,,Movie 3787 
3159,Movie 3159,,Movie 3159 
28,Movie 28,,Movie 28 
3286,Movie 3286,,Movie 3286 
2817,Movie 2817,,Movie 2817 
3121,Movie 3121,,Movie 3121 
1299,Movie 1299,,Movie 1299 
3340,Movie 3340,,Movie 3340 
154,Movie 154,,Movie 154 
3111,Movie 3111,,Movie 3111 
3727,Movie 3727,,Movie 3727 
1231,Movie 1231,,Movie 1231 
2206,Movie 2206,,Movie 2206 
1086,Movie 1086,,Movie 1086 
3167,Movie 3167,,Movie 3167 
3271,Movie 3271,,Movie 3271 
3760,Movie 3760,,Movie 3760 
3844,Movie 3844,,Movie 3844 
1680,Movie 1680,,Movie 1680 
2071,Movie 2071,,Movie 2071 
3203,Movie 3203,,Movie 3203 
1130,Movie 1130,,Movie 1130 
3230,Movie 3230,,Movie 3230 
2344,Movie 2344,,Movie 2344 
2926,Movie 2926,,Movie 2926 
907,Movie 907,,Movie 907 
3599,Movie 3599,,Movie 3599 
3498,Movie 3498,,Movie 3498 
1300,Movie 1300,,Movie 1300 
1946,Movie 1946,,Movie 1946 
2637,Movie 2637,,Movie 2637 
2650,Movie 2650,,Movie 2650 
2178,Movie 2178,,Movie 2178 
2183,Movie 2183,,Movie 2183 
1333,Movie 1333,,Movie 1333 
2867,Movie 2867,,Movie 2867 
3169,Movie 3169,,Movie 3169 
1348,Movie 1348,,Movie 1348 
2565,Movie 2565,,Movie 2565 
2941,Movie 2941,,Movie 2941 
927,Movie 927,,Movie 927 
3546,Movie 3546,,Movie 3546 
1699,Movie 1699,,Movie 1699 
3110,Movie 3110,,Movie 3110 
3504,Movie 3504,,Movie 3504 
3681,Movie 3681,,Movie 3681 
3018,Movie 3018,,Movie 3018 
949,Movie 949,,Movie 949 
2674,Movie 2674,,Movie 2674 
2612,Movie 2612,,Movie 2612 
1272,Movie 1272,,Movie 1272 
931,Movie 931,,Movie 931 
3693,Movie 3693,,Movie 3693 
3019,Movie 3019,,Movie 3019 
2921,Movie 2921,,Movie 2921 
3733,Movie 3733,,Movie 3733 
2983,Movie 2983,,Movie 2983 
565,Movie 565,,Movie 565 
1061,Movie 1061,,Movie 1061 
1152,Movie 1152,,Movie 1152 
3204,Movie 3204,,Movie 3204 
3935,Movie 3935,,Movie 3935 
1017,Movie 1017,,Movie 1017 
3587,Movie 3587,,Movie 3587 
2467,Movie 2467,,Movie 2467 
1183,Movie 1183,,Movie 1183 
2932,Movie 2932,,Movie 2932 
1464,Movie 1464,,Movie 1464 
1295,Movie 1295,,Movie 1295 
2303,Movie 2303,,Movie 2303 
1895,Movie 1895,,Movie 1895 
2432,Movie 2432,,Movie 2432 
837,Movie 837,,Movie 837 
3712,Movie 3712,,Movie 3712 
3597,Movie 3597,,Movie 3597 
2796,Movie 2796,,Movie 2796 
3387,Movie 3387,,Movie 3387 
2379,Movie 2379,,Movie 2379 
2471,Movie 2471,,Movie 2471 
2380,Movie 2380,,Movie 2380 
2383,Movie 2383,,Movie 2383 
2382,Movie 2382,,Movie 2382 
1835,Movie 1835,,Movie 1835 
863,Movie 863,,Movie 863 
155,Movie 155,,Movie 155 
2239,Movie 2239,,Movie 2239 
824,Movie 824,,Movie 824 
2682,Movie 2682,,Movie 2682 
1172,Movie 1172,,Movie 1172 
3091,Movie 3091,,Movie 3091 
3649,Movie 3649,,Movie 3649 
2474,Movie 2474,,Movie 2474 
1251,Movie 1251,,Movie 1251 
2732,Movie 2732,,Movie 2732 
3467,Movie 3467,,Movie 3467 
1949,Movie 1949,,Movie 1949 
2969,Movie 2969,,Movie 2969 
3788,Movie 3788,,Movie 3788 
3871,Movie 3871,,Movie 3871 
948,Movie 948,,Movie 948 
1078,Movie 1078,,Movie 1078 
2238,Movie 2238,,Movie 2238 
3473,Movie 3473,,Movie 3473 
3365,Movie 3365,,Movie 3365 
945,Movie 945,,Movie 945 
3061,Movie 3061,,Movie 3061 
3549,Movie 3549,,Movie 3549 
1081,Movie 1081,,Movie 1081 
3725,Movie 3725,,Movie 3725 
1760,Movie 1760,,Movie 1760 
2088,Movie 2088,,Movie 2088 
965,Movie 965,,Movie 965 
1264,Movie 1264,,Movie 1264 
2575,Movie 2575,,Movie 2575 
123,Movie 123,,Movie 123 
1964,Movie 1964,,Movie 1964 
1419,Movie 1419,,Movie 1419 
2611,Movie 2611,,Movie 2611 
3060,Movie 3060,,Movie 3060 
3320,Movie 3320,,Movie 3320 
3567,Movie 3567,,Movie 3567 
3831,Movie 3831,,Movie 3831 
3852,Movie 3852,,Movie 3852 
3512,Movie 3512,,Movie 3512 
2708,Movie 2708,,Movie 2708 
2919,Movie 2919,,Movie 2919 
803,Movie 803,,Movie 803 
2331,Movie 2331,,Movie 2331 
2171,Movie 2171,,Movie 2171 
2385,Movie 2385,,Movie 2385 
1162,Movie 1162,,Movie 1162 
2250,Movie 2250,,Movie 2250 
233,Movie 233,,Movie 233 
3697,Movie 3697,,Movie 3697 
172,Movie 172,,Movie 172 
1963,Movie 1963,,Movie 1963 
2155,Movie 2155,,Movie 2155 
178,Movie 178,,Movie 178 
1875,Movie 1875,,Movie 1875 
1395,Movie 1395,,Movie 1395 
449,Movie 449,,Movie 449 
1827,Movie 1827,,Movie 1827 
3196,Movie 3196,,Movie 3196 
2972,Movie 2972,,Movie 2972 
1616,Movie 1616,,Movie 1616 
2815,Movie 2815,,Movie 2815 
1603,Movie 1603,,Movie 1603 
1480,Movie 1480,,Movie 1480 
3706,Movie 3706,,Movie 3706 
2540,Movie 2540,,Movie 2540 
2334,Movie 2334,,Movie 2334 
507,Movie 507,,Movie 507 
3480,Movie 3480,,Movie 3480 
1147,Movie 1147,,Movie 1147 
3142,Movie 3142,,Movie 3142 
2774,Movie 2774,,Movie 2774 
3864,Movie 3864,,Movie 3864 
1977,Movie 1977,,Movie 1977 
490,Movie 490,,Movie 490 
46,Movie 46,,Movie 46 
691,Movie 691,,Movie 691 
1353,Movie 1353,,Movie 1353 
1894,Movie 1894,,Movie 1894 
779,Movie 779,,Movie 779 
92,Movie 92,,Movie 92 
2677,Movie 2677,,Movie 2677 
1620,Movie 1620,,Movie 1620 
13,Movie 13,,Movie 13 
2027,Movie 2027,,Movie 2027 
2772,Movie 2772,,Movie 2772 
3157,Movie 3157,,Movie 3157 
2524,Movie 2524,,Movie 2524 
2430,Movie 2430,,Movie 2430 
3412,Movie 3412,,Movie 3412 
258,Movie 258,,Movie 258 
2537,Movie 2537,,Movie 2537 
2748,Movie 2748,,Movie 2748 
897,Movie 897,,Movie 897 
976,Movie 976,,Movie 976 
3406,Movie 3406,,Movie 3406 
2669,Movie 2669,,Movie 2669 
3628,Movie 3628,,Movie 3628 
3643,Movie 3643,,Movie 3643 
3519,Movie 3519,,Movie 3519 
2816,Movie 2816,,Movie 2816 
1658,Movie 1658,,Movie 1658 
2546,Movie 2546,,Movie 2546 
2520,Movie 2520,,Movie 2520 
66,Movie 66,,Movie 66 
2034,Movie 2034,,Movie 2034 
3937,Movie 3937,,Movie 3937 
379,Movie 379,,Movie 379 
2986,Movie 2986,,Movie 2986 
1590,Movie 1590,,Movie 1590 
3758,Movie 3758,,Movie 3758 
2408,Movie 2408,,Movie 2408 
2456,Movie 2456,,Movie 2456 
880,Movie 880,,Movie 880 
3802,Movie 3802,,Movie 3802 
1924,Movie 1924,,Movie 1924 
3780,Movie 3780,,Movie 3780 
2681,Movie 2681,,Movie 2681 
3555,Movie 3555,,Movie 3555 
1518,Movie 1518,,Movie 1518 
3807,Movie 3807,,Movie 3807 
3011,Movie 3011,,Movie 3011 
1952,Movie 1952,,Movie 1952 
107,Movie 107,,Movie 107 
2460,Movie 2460,,Movie 2460 
2461,Movie 2461,,Movie 2461 
2462,Movie 2462,,Movie 2462 
891,Movie 891,,Movie 891 
1983,Movie 1983,,Movie 1983 
1984,Movie 1984,,Movie 1984 
1985,Movie 1985,,Movie 1985 
1986,Movie 1986,,Movie 1986 
2107,Movie 2107,,Movie 2107 
2846,Movie 2846,,Movie 2846 
2110,Movie 2110,,Movie 2110 
3251,Movie 3251,,Movie 3251 
3612,Movie 3612,,Movie 3612 
3771,Movie 3771,,Movie 3771 
2097,Movie 2097,,Movie 2097 
3284,Movie 3284,,Movie 3284 
1600,Movie 1600,,Movie 1600 
2491,Movie 2491,,Movie 2491 
3540,Movie 3540,,Movie 3540 
2168,Movie 2168,,Movie 2168 
1782,Movie 1782,,Movie 1782 
3874,Movie 3874,,Movie 3874 
900,Movie 900,,Movie 900 
1398,Movie 1398,,Movie 1398 
1571,Movie 1571,,Movie 1571 
289,Movie 289,,Movie 289 
937,Movie 937,,Movie 937 
469,Movie 469,,Movie 469 
35,Movie 35,,Movie 35 
2443,Movie 2443,,Movie 2443 
2292,Movie 2292,,Movie 2292 
140,Movie 140,,Movie 140 
1821,Movie 1821,,Movie 1821 
2426,Movie 2426,,Movie 2426 
447,Movie 447,,Movie 447 
1666,Movie 1666,,Movie 1666 
2468,Movie 2468,,Movie 2468 
3436,Movie 3436,,Movie 3436 
566,Movie 566,,Movie 566 
2884,Movie 2884,,Movie 2884 
697,Movie 697,,Movie 697 
2415,Movie 2415,,Movie 2415 
1632,Movie 1632,,Movie 1632 
909,Movie 909,,Movie 909 
1226,Movie 1226,,Movie 1226 
3814,Movie 3814,,Movie 3814 
3873,Movie 3873,,Movie 3873 
1914,Movie 1914,,Movie 1914 
205,Movie 205,,Movie 205 
2738,Movie 2738,,Movie 2738 
2492,Movie 2492,,Movie 2492 
492,Movie 492,,Movie 492 
371,Movie 371,,Movie 371 
1414,Movie 1414,,Movie 1414 
1677,Movie 1677,,Movie 1677 
1083,Movie 1083,,Movie 1083 
3076,Movie 3076,,Movie 3076 
3045,Movie 3045,,Movie 3045 
633,Movie 633,,Movie 633 
2205,Movie 2205,,Movie 2205 
1014,Movie 1014,,Movie 1014 
218,Movie 218,,Movie 218 
305,Movie 305,,Movie 305 
1018,Movie 1018,,Movie 1018 
1453,Movie 1453,,Movie 1453 
2037,Movie 2037,,Movie 2037 
287,Movie 287,,Movie 287 
753,Movie 753,,Movie 753 
2829,Movie 2829,,Movie 2829 
2339,Movie 2339,,Movie 2339 
2417,Movie 2417,,Movie 2417 
489,Movie 489,,Movie 489 
2356,Movie 2356,,Movie 2356 
2849,Movie 2849,,Movie 2849 
355,Movie 355,,Movie 355 
3939,Movie 3939,,Movie 3939 
366,Movie 366,,Movie 366 
1969,Movie 1969,,Movie 1969 
1970,Movie 1970,,Movie 1970 
1971,Movie 1971,,Movie 1971 
1972,Movie 1972,,Movie 1972 
1973,Movie 1973,,Movie 1973 
1975,Movie 1975,,Movie 1975 
1978,Movie 1978,,Movie 1978 
1979,Movie 1979,,Movie 1979 
1980,Movie 1980,,Movie 1980 
1981,Movie 1981,,Movie 1981 
847,Movie 847,,Movie 847 
1102,Movie 1102,,Movie 1102 
2523,Movie 2523,,Movie 2523 
3677,Movie 3677,,Movie 3677 
3280,Movie 3280,,Movie 3280 
2152,Movie 2152,,Movie 2152 
3615,Movie 3615,,Movie 3615 
336,Movie 336,,Movie 336 
453,Movie 453,,Movie 453 
1797,Movie 1797,,Movie 1797 
835,Movie 835,,Movie 835 
280,Movie 280,,Movie 280 
534,Movie 534,,Movie 534 
486,Movie 486,,Movie 486 
1459,Movie 1459,,Movie 1459 
991,Movie 991,,Movie 991 
2857,Movie 2857,,Movie 2857 
3483,Movie 3483,,Movie 3483 
239,Movie 239,,Movie 239 
346,Movie 346,,Movie 346 
1010,Movie 1010,,Movie 1010 
3477,Movie 3477,,Movie 3477 
410,Movie 410,,Movie 410 
1931,Movie 1931,,Movie 1931 
1944,Movie 1944,,Movie 1944 
599,Movie 599,,Movie 599 
2401,Movie 2401,,Movie 2401 
996,Movie 996,,Movie 996 
3404,Movie 3404,,Movie 3404 
170,Movie 170,,Movie 170 
376,Movie 376,,Movie 376 
423,Movie 423,,Movie 423 
1762,Movie 1762,,Movie 1762 
360,Movie 360,,Movie 360 
1752,Movie 1752,,Movie 1752 
2532,Movie 2532,,Movie 2532 
533,Movie 533,,Movie 533 
836,Movie 836,,Movie 836 
15,Movie 15,,Movie 15 
2965,Movie 2965,,Movie 2965 
54,Movie 54,,Movie 54 
575,Movie 575,,Movie 575 
2050,Movie 2050,,Movie 2050 
1011,Movie 1011,,Movie 1011 
1359,Movie 1359,,Movie 1359 
513,Movie 513,,Movie 513 
2016,Movie 2016,,Movie 2016 
514,Movie 514,,Movie 514 
516,Movie 516,,Movie 516 
829,Movie 829,,Movie 829 
19,Movie 19,,Movie 19 
374,Movie 374,,Movie 374 
1526,Movie 1526,,Movie 1526 
1602,Movie 1602,,Movie 1602 
419,Movie 419,,Movie 419 
1474,Movie 1474,,Movie 1474 
2531,Movie 2531,,Movie 2531 
2827,Movie 2827,,Movie 2827 
3926,Movie 3926,,Movie 3926 
159,Movie 159,,Movie 159 
1054,Movie 1054,,Movie 1054 
89,Movie 89,,Movie 89 
23,Movie 23,,Movie 23 
2007,Movie 2007,,Movie 2007 
3390,Movie 3390,,Movie 3390 
3509,Movie 3509,,Movie 3509 
3616,Movie 3616,,Movie 3616 
3861,Movie 3861,,Movie 3861 
1337,Movie 1337,,Movie 1337 
3617,Movie 3617,,Movie 3617 
3553,Movie 3553,,Movie 3553 
2500,Movie 2500,,Movie 2500 
93,Movie 93,,Movie 93 
886,Movie 886,,Movie 886 
3179,Movie 3179,,Movie 3179 
3285,Movie 3285,,Movie 3285 
2038,Movie 2038,,Movie 2038 
2606,Movie 2606,,Movie 2606 
1623,Movie 1623,,Movie 1623 
3342,Movie 3342,,Movie 3342 
1184,Movie 1184,,Movie 1184 
561,Movie 561,,Movie 561 
482,Movie 482,,Movie 482 
2349,Movie 2349,,Movie 2349 
190,Movie 190,,Movie 190 
1648,Movie 1648,,Movie 1648 
22,Movie 22,,Movie 22 
1352,Movie 1352,,Movie 1352 
2956,Movie 2956,,Movie 2956 
3557,Movie 3557,,Movie 3557 
1686,Movie 1686,,Movie 1686 
1769,Movie 1769,,Movie 1769 
100,Movie 100,,Movie 100 
18,Movie 18,,Movie 18 
436,Movie 436,,Movie 436 
3764,Movie 3764,,Movie 3764 
1483,Movie 1483,,Movie 1483 
2851,Movie 2851,,Movie 2851 
415,Movie 415,,Movie 415 
427,Movie 427,,Movie 427 
1861,Movie 1861,,Movie 1861 
2315,Movie 2315,,Movie 2315 
519,Movie 519,,Movie 519 
3464,Movie 3464,,Movie 3464 
718,Movie 718,,Movie 718 
2232,Movie 2232,,Movie 2232 
611,Movie 611,,Movie 611 
3326,Movie 3326,,Movie 3326 
950,Movie 950,,Movie 950 
1950,Movie 1950,,Movie 1950 
1627,Movie 1627,,Movie 1627 
242,Movie 242,,Movie 242 
3605,Movie 3605,,Movie 3605 
735,Movie 735,,Movie 735 
2781,Movie 2781,,Movie 2781 
382,Movie 382,,Movie 382 
3550,Movie 3550,,Movie 3550 
2787,Movie 2787,,Movie 2787 
2793,Movie 2793,,Movie 2793 
2517,Movie 2517,,Movie 2517 
2120,Movie 2120,,Movie 2120 
2328,Movie 2328,,Movie 2328 
177,Movie 177,,Movie 177 
1342,Movie 1342,,Movie 1342 
188,Movie 188,,Movie 188 
3918,Movie 3918,,Movie 3918 
3919,Movie 3919,,Movie 3919 
126,Movie 126,,Movie 126 
1848,Movie 1848,,Movie 1848 
2162,Movie 2162,,Movie 2162 
3393,Movie 3393,,Movie 3393 
3092,Movie 3092,,Movie 3092 
3307,Movie 3307,,Movie 3307 
1280,Movie 1280,,Movie 1280 
1913,Movie 1913,,Movie 1913 
1305,Movie 1305,,Movie 1305 
456,Movie 456,,Movie 456 
2750,Movie 2750,,Movie 2750 
326,Movie 326,,Movie 326 
322,Movie 322,,Movie 322 
290,Movie 290,,Movie 290 
3078,Movie 3078,,Movie 3078 
3747,Movie 3747,,Movie 3747 
307,Movie 307,,Movie 307 
766,Movie 766,,Movie 766 
3067,Movie 3067,,Movie 3067 
1211,Movie 1211,,Movie 1211 
2114,Movie 2114,,Movie 2114 
281,Movie 281,,Movie 281 
3571,Movie 3571,,Movie 3571 
1051,Movie 1051,,Movie 1051 
448,Movie 448,,Movie 448 
571,Movie 571,,Movie 571 
341,Movie 341,,Movie 341 
617,Movie 617,,Movie 617 
1365,Movie 1365,,Movie 1365 
2112,Movie 2112,,Movie 2112 
358,Movie 358,,Movie 358 
2165,Movie 2165,,Movie 2165 
1611,Movie 1611,,Movie 1611 
365,Movie 365,,Movie 365 
522,Movie 522,,Movie 522 
580,Movie 580,,Movie 580 
1190,Movie 1190,,Movie 1190 
1816,Movie 1816,,Movie 1816 
3620,Movie 3620,,Movie 3620 
1177,Movie 1177,,Movie 1177 
259,Movie 259,,Movie 259 
1173,Movie 1173,,Movie 1173 
1290,Movie 1290,,Movie 1290 
3478,Movie 3478,,Movie 3478 
148,Movie 148,,Movie 148 
268,Movie 268,,Movie 268 
309,Movie 309,,Movie 309 
893,Movie 893,,Movie 893 
55,Movie 55,,Movie 55 
2264,Movie 2264,,Movie 2264 
1522,Movie 1522,,Movie 1522 
193,Movie 193,,Movie 193 
1417,Movie 1417,,Movie 1417 
184,Movie 184,,Movie 184 
1726,Movie 1726,,Movie 1726 
1609,Movie 1609,,Movie 1609 
3437,Movie 3437,,Movie 3437 
3217,Movie 3217,,Movie 3217 
3049,Movie 3049,,Movie 3049 
2788,Movie 2788,,Movie 2788 
3672,Movie 3672,,Movie 3672 
2786,Movie 2786,,Movie 2786 
2310,Movie 2310,,Movie 2310 
3794,Movie 3794,,Movie 3794 
3820,Movie 3820,,Movie 3820 
3797,Movie 3797,,Movie 3797 
1228,Movie 1228,,Movie 1228 
3694,Movie 3694,,Movie 3694 
3328,Movie 3328,,Movie 3328 
2365,Movie 2365,,Movie 2365 
1311,Movie 1311,,Movie 1311 
2744,Movie 2744,,Movie 2744 
2184,Movie 2184,,Movie 2184 
392,Movie 392,,Movie 392 
695,Movie 695,,Movie 695 
2057,Movie 2057,,Movie 2057 
2891,Movie 2891,,Movie 2891 
2364,Movie 2364,,Movie 2364 
3923,Movie 3923,,Movie 3923 
2615,Movie 2615,,Movie 2615 
3024,Movie 3024,,Movie 3024 
1862,Movie 1862,,Movie 1862 
3663,Movie 3663,,Movie 3663 
3664,Movie 3664,,Movie 3664 
3816,Movie 3816,,Movie 3816 
3134,Movie 3134,,Movie 3134 
3808,Movie 3808,,Movie 3808 
615,Movie 615,,Movie 615 
3742,Movie 3742,,Movie 3742 
3811,Movie 3811,,Movie 3811 
978,Movie 978,,Movie 978 
3089,Movie 3089,,Movie 3089 
3201,Movie 3201,,Movie 3201 
3350,Movie 3350,,Movie 3350 
3910,Movie 3910,,Movie 3910 
2147,Movie 2147,,Movie 2147 
314,Movie 314,,Movie 314 
2670,Movie 2670,,Movie 2670 
3185,Movie 3185,,Movie 3185 
3414,Movie 3414,,Movie 3414 
3545,Movie 3545,,Movie 3545 
1951,Movie 1951,,Movie 1951 
3224,Movie 3224,,Movie 3224 
3655,Movie 3655,,Movie 3655 
1066,Movie 1066,,Movie 1066 
959,Movie 959,,Movie 959 
1935,Movie 1935,,Movie 1935 
1241,Movie 1241,,Movie 1241 
1421,Movie 1421,,Movie 1421 
1731,Movie 1731,,Movie 1731 
113,Movie 113,,Movie 113 
2583,Movie 2583,,Movie 2583 
3316,Movie 3316,,Movie 3316 
3784,Movie 3784,,Movie 3784 
3511,Movie 3511,,Movie 3511 
3882,Movie 3882,,Movie 3882 
3238,Movie 3238,,Movie 3238 
3564,Movie 3564,,Movie 3564 
3743,Movie 3743,,Movie 3743 
3190,Movie 3190,,Movie 3190 
3908,Movie 3908,,Movie 3908 
3317,Movie 3317,,Movie 3317 
82,Movie 82,,Movie 82 
2341,Movie 2341,,Movie 2341 
2435,Movie 2435,,Movie 2435 
1450,Movie 1450,,Movie 1450 
1401,Movie 1401,,Movie 1401 
1050,Movie 1050,,Movie 1050 
3518,Movie 3518,,Movie 3518 
78,Movie 78,,Movie 78 
848,Movie 848,,Movie 848 
254,Movie 254,,Movie 254 
3103,Movie 3103,,Movie 3103 
1432,Movie 1432,,Movie 1432 
451,Movie 451,,Movie 451 
806,Movie 806,,Movie 806 
1366,Movie 1366,,Movie 1366 
1477,Movie 1477,,Movie 1477 
630,Movie 630,,Movie 630 
1629,Movie 1629,,Movie 1629 
1727,Movie 1727,,Movie 1727 
782,Movie 782,,Movie 782 
132,Movie 132,,Movie 132 
3841,Movie 3841,,Movie 3841 
79,Movie 79,,Movie 79 
418,Movie 418,,Movie 418 
1363,Movie 1363,,Movie 1363 
182,Movie 182,,Movie 182 
437,Movie 437,,Movie 437 
640,Movie 640,,Movie 640 
664,Movie 664,,Movie 664 
279,Movie 279,,Movie 279 
2069,Movie 2069,,Movie 2069 
3109,Movie 3109,,Movie 3109 
2290,Movie 2290,,Movie 2290 
2755,Movie 2755,,Movie 2755 
1934,Movie 1934,,Movie 1934 
974,Movie 974,,Movie 974 
1099,Movie 1099,,Movie 1099 
2212,Movie 2212,,Movie 2212 
929,Movie 929,,Movie 929 
2940,Movie 2940,,Movie 2940 
3929,Movie 3929,,Movie 3929 
960,Movie 960,,Movie 960 
1938,Movie 1938,,Movie 1938 
956,Movie 956,,Movie 956 
225,Movie 225,,Movie 225 
3613,Movie 3613,,Movie 3613 
2457,Movie 2457,,Movie 2457 
2472,Movie 2472,,Movie 2472 
2130,Movie 2130,,Movie 2130 
3529,Movie 3529,,Movie 3529 
3724,Movie 3724,,Movie 3724 
2819,Movie 2819,,Movie 2819 
3738,Movie 3738,,Movie 3738 
1082,Movie 1082,,Movie 1082 
1161,Movie 1161,,Movie 1161 
3015,Movie 3015,,Movie 3015 
3729,Movie 3729,,Movie 3729 
3430,Movie 3430,,Movie 3430 
2177,Movie 2177,,Movie 2177 
3789,Movie 3789,,Movie 3789 
3330,Movie 3330,,Movie 3330 
1209,Movie 1209,,Movie 1209 
2729,Movie 2729,,Movie 2729 
2820,Movie 2820,,Movie 2820 
2079,Movie 2079,,Movie 2079 
3602,Movie 3602,,Movie 3602 
2939,Movie 2939,,Movie 2939 
2505,Movie 2505,,Movie 2505 
1707,Movie 1707,,Movie 1707 
2678,Movie 2678,,Movie 2678 
3115,Movie 3115,,Movie 3115 
2672,Movie 2672,,Movie 2672 
2596,Movie 2596,,Movie 2596 
166,Movie 166,,Movie 166 
3007,Movie 3007,,Movie 3007 
2913,Movie 2913,,Movie 2913 
1416,Movie 1416,,Movie 1416 
2803,Movie 2803,,Movie 2803 
9,Movie 9,,Movie 9 
637,Movie 637,,Movie 637 
1919,Movie 1919,,Movie 1919 
973,Movie 973,,Movie 973 
2929,Movie 2929,,Movie 2929 
1939,Movie 1939,,Movie 1939 
1926,Movie 1926,,Movie 1926 
3112,Movie 3112,,Movie 3112 
3069,Movie 3069,,Movie 3069 
2690,Movie 2690,,Movie 2690 
1904,Movie 1904,,Movie 1904 
40,Movie 40,,Movie 40 
2439,Movie 2439,,Movie 2439 
2434,Movie 2434,,Movie 2434 
2979,Movie 2979,,Movie 2979 
2995,Movie 2995,,Movie 2995 
43,Movie 43,,Movie 43 
3124,Movie 3124,,Movie 3124 
1187,Movie 1187,,Movie 1187 
240,Movie 240,,Movie 240 
8,Movie 8,,Movie 8 
464,Movie 464,,Movie 464 
1858,Movie 1858,,Movie 1858 
2625,Movie 2625,,Movie 2625 
1004,Movie 1004,,Movie 1004 
692,Movie 692,,Movie 692 
704,Movie 704,,Movie 704 
990,Movie 990,,Movie 990 
2170,Movie 2170,,Movie 2170 
2196,Movie 2196,,Movie 2196 
2879,Movie 2879,,Movie 2879 
2448,Movie 2448,,Movie 2448 
3444,Movie 3444,,Movie 3444 
3767,Movie 3767,,Movie 3767 
3768,Movie 3768,,Movie 3768 
2357,Movie 2357,,Movie 2357 
869,Movie 869,,Movie 869 
634,Movie 634,,Movie 634 
3054,Movie 3054,,Movie 3054 
502,Movie 502,,Movie 502 
2899,Movie 2899,,Movie 2899 
801,Movie 801,,Movie 801 
362,Movie 362,,Movie 362 
577,Movie 577,,Movie 577 
1551,Movie 1551,,Movie 1551 
709,Movie 709,,Movie 709 
711,Movie 711,,Movie 711 
885,Movie 885,,Movie 885 
2092,Movie 2092,,Movie 2092 
3400,Movie 3400,,Movie 3400 
238,Movie 238,,Movie 238 
1582,Movie 1582,,Movie 1582 
87,Movie 87,,Movie 87 
558,Movie 558,,Movie 558 
631,Movie 631,,Movie 631 
1489,Movie 1489,,Movie 1489 
2354,Movie 2354,,Movie 2354 
181,Movie 181,,Movie 181 
2559,Movie 2559,,Movie 2559 
146,Movie 146,,Movie 146 
169,Movie 169,,Movie 169 
1592,Movie 1592,,Movie 1592 
700,Movie 700,,Movie 700 
1460,Movie 1460,,Movie 1460 
1495,Movie 1495,,Movie 1495 
2036,Movie 2036,,Movie 2036 
3710,Movie 3710,,Movie 3710 
536,Movie 536,,Movie 536 
3898,Movie 3898,,Movie 3898 
3946,Movie 3946,,Movie 3946 
3783,Movie 3783,,Movie 3783 
1131,Movie 1131,,Movie 1131 
2771,Movie 2771,,Movie 2771 
2971,Movie 2971,,Movie 2971 
3606,Movie 3606,,Movie 3606 
1024,Movie 1024,,Movie 1024 
568,Movie 568,,Movie 568 
1871,Movie 1871,,Movie 1871 
84,Movie 84,,Movie 84 
156,Movie 156,,Movie 156 
72,Movie 72,,Movie 72 
298,Movie 298,,Movie 298 
2499,Movie 2499,,Movie 2499 
3282,Movie 3282,,Movie 3282 
417,Movie 417,,Movie 417 
2024,Movie 2024,,Movie 2024 
2873,Movie 2873,,Movie 2873 
69,Movie 69,,Movie 69 
1260,Movie 1260,,Movie 1260 
1178,Movie 1178,,Movie 1178 
2924,Movie 2924,,Movie 2924 
3093,Movie 3093,,Movie 3093 
2519,Movie 2519,,Movie 2519 
2861,Movie 2861,,Movie 2861 
941,Movie 941,,Movie 941 
3859,Movie 3859,,Movie 3859 
3324,Movie 3324,,Movie 3324 
3299,Movie 3299,,Movie 3299 
3825,Movie 3825,,Movie 3825 
3914,Movie 3914,,Movie 3914 
754,Movie 754,,Movie 754 
3118,Movie 3118,,Movie 3118 
583,Movie 583,,Movie 583 
826,Movie 826,,Movie 826 
2157,Movie 2157,,Movie 2157 
390,Movie 390,,Movie 390 
438,Movie 438,,Movie 438 
3384,Movie 3384,,Movie 3384 
1112,Movie 1112,,Movie 1112 
2347,Movie 2347,,Movie 2347 
2927,Movie 2927,,Movie 2927 
477,Movie 477,,Movie 477 
373,Movie 373,,Movie 373 
2190,Movie 2190,,Movie 2190 
1437,Movie 1437,,Movie 1437 
294,Movie 294,,Movie 294 
3141,Movie 3141,,Movie 3141 
993,Movie 993,,Movie 993 
2880,Movie 2880,,Movie 2880 
2582,Movie 2582,,Movie 2582 
2060,Movie 2060,,Movie 2060 
2279,Movie 2279,,Movie 2279 
12,Movie 12,,Movie 12 
63,Movie 63,,Movie 63 
2073,Movie 2073,,Movie 2073 
1238,Movie 1238,,Movie 1238 
3454,Movie 3454,,Movie 3454 
2978,Movie 2978,,Movie 2978 
2169,Movie 2169,,Movie 2169 
3515,Movie 3515,,Movie 3515 
3225,Movie 3225,,Movie 3225 
3895,Movie 3895,,Movie 3895 
3824,Movie 3824,,Movie 3824 
2102,Movie 2102,,Movie 2102 
2876,Movie 2876,,Movie 2876 
2048,Movie 2048,,Movie 2048 
3776,Movie 3776,,Movie 3776 
2566,Movie 2566,,Movie 2566 
2084,Movie 2084,,Movie 2084 
3453,Movie 3453,,Movie 3453 
2714,Movie 2714,,Movie 2714 
1605,Movie 1605,,Movie 1605 
1881,Movie 1881,,Movie 1881 
1595,Movie 1595,,Movie 1595 
1750,Movie 1750,,Movie 1750 
810,Movie 810,,Movie 810 
1599,Movie 1599,,Movie 1599 
2476,Movie 2476,,Movie 2476 
204,Movie 204,,Movie 204 
667,Movie 667,,Movie 667 
1681,Movie 1681,,Movie 1681 
2818,Movie 2818,,Movie 2818 
3933,Movie 3933,,Movie 3933 
1349,Movie 1349,,Movie 1349 
3837,Movie 3837,,Movie 3837 
1542,Movie 1542,,Movie 1542 
1507,Movie 1507,,Movie 1507 
1596,Movie 1596,,Movie 1596 
936,Movie 936,,Movie 936 
2210,Movie 2210,,Movie 2210 
944,Movie 944,,Movie 944 
1929,Movie 1929,,Movie 1929 
2904,Movie 2904,,Movie 2904 
2203,Movie 2203,,Movie 2203 
2204,Movie 2204,,Movie 2204 
2937,Movie 2937,,Movie 2937 
3870,Movie 3870,,Movie 3870 
1940,Movie 1940,,Movie 1940 
1936,Movie 1936,,Movie 1936 
3736,Movie 3736,,Movie 3736 
1824,Movie 1824,,Movie 1824 
2938,Movie 2938,,Movie 2938 
3901,Movie 3901,,Movie 3901 
2535,Movie 2535,,Movie 2535 
71,Movie 71,,Movie 71 
3936,Movie 3936,,Movie 3936 
3872,Movie 3872,,Movie 3872 
1755,Movie 1755,,Movie 1755 
3357,Movie 3357,,Movie 3357 
3915,Movie 3915,,Movie 3915 
3177,Movie 3177,,Movie 3177 
3580,Movie 3580,,Movie 3580 
3754,Movie 3754,,Movie 3754 
851,Movie 851,,Movie 851 
3791,Movie 3791,,Movie 3791 
2877,Movie 2877,,Movie 2877 
2285,Movie 2285,,Movie 2285 
998,Movie 998,,Movie 998 
1515,Movie 1515,,Movie 1515 
3029,Movie 3029,,Movie 3029 
1167,Movie 1167,,Movie 1167 
1661,Movie 1661,,Movie 1661 
1942,Movie 1942,,Movie 1942 
2181,Movie 2181,,Movie 2181 
1925,Movie 1925,,Movie 1925 
3913,Movie 3913,,Movie 3913 
3938,Movie 3938,,Movie 3938 
3925,Movie 3925,,Movie 3925 
2098,Movie 2098,,Movie 2098 
2280,Movie 2280,,Movie 2280 
2231,Movie 2231,,Movie 2231 
1860,Movie 1860,,Movie 1860 
1325,Movie 1325,,Movie 1325 
2182,Movie 2182,,Movie 2182 
3327,Movie 3327,,Movie 3327 
3883,Movie 3883,,Movie 3883 
2099,Movie 2099,,Movie 2099 
1995,Movie 1995,,Movie 1995 
3537,Movie 3537,,Movie 3537 
3921,Movie 3921,,Movie 3921 
3403,Movie 3403,,Movie 3403 
2104,Movie 2104,,Movie 2104 
3138,Movie 3138,,Movie 3138 
3491,Movie 3491,,Movie 3491 
2736,Movie 2736,,Movie 2736 
324,Movie 324,,Movie 324 
251,Movie 251,,Movie 251 
2645,Movie 2645,,Movie 2645 
3013,Movie 3013,,Movie 3013 
1128,Movie 1128,,Movie 1128 
2634,Movie 2634,,Movie 2634 
328,Movie 328,,Movie 328 
332,Movie 332,,Movie 332 
407,Movie 407,,Movie 407 
2026,Movie 2026,,Movie 2026 
2525,Movie 2525,,Movie 2525 
1999,Movie 1999,,Movie 1999 
2451,Movie 2451,,Movie 2451 
2121,Movie 2121,,Movie 2121 
273,Movie 273,,Movie 273 
1987,Movie 1987,,Movie 1987 
3840,Movie 3840,,Movie 3840 
2327,Movie 2327,,Movie 2327 
1988,Movie 1988,,Movie 1988 
1329,Movie 1329,,Movie 1329 
1992,Movie 1992,,Movie 1992 
2652,Movie 2652,,Movie 2652 
3843,Movie 3843,,Movie 3843 
1993,Movie 1993,,Movie 1993 
1326,Movie 1326,,Movie 1326 
2113,Movie 2113,,Movie 2113 
606,Movie 606,,Movie 606 
1996,Movie 1996,,Movie 1996 
2368,Movie 2368,,Movie 2368 
2515,Movie 2515,,Movie 2515 
3941,Movie 3941,,Movie 3941 
3942,Movie 3942,,Movie 3942 
1322,Movie 1322,,Movie 1322 
2878,Movie 2878,,Movie 2878 
1328,Movie 1328,,Movie 1328 
2635,Movie 2635,,Movie 2635 
3659,Movie 3659,,Movie 3659 
2665,Movie 2665,,Movie 2665 
3806,Movie 3806,,Movie 3806 
892,Movie 892,,Movie 892 
3538,Movie 3538,,Movie 3538 
241,Movie 241,,Movie 241 
742,Movie 742,,Movie 742 
3934,Movie 3934,,Movie 3934 
3304,Movie 3304,,Movie 3304 
2928,Movie 2928,,Movie 2928 
101,Movie 101,,Movie 101 
3001,Movie 3001,,Movie 3001 
2745,Movie 2745,,Movie 2745 
3389,Movie 3389,,Movie 3389 
2741,Movie 2741,,Movie 2741 
1841,Movie 1841,,Movie 1841 
2267,Movie 2267,,Movie 2267 
3211,Movie 3211,,Movie 3211 
3849,Movie 3849,,Movie 3849 
3792,Movie 3792,,Movie 3792 
458,Movie 458,,Movie 458 
2381,Movie 2381,,Movie 2381 
2260,Movie 2260,,Movie 2260 
3465,Movie 3465,,Movie 3465 
1389,Movie 1389,,Movie 1389 
3766,Movie 3766,,Movie 3766 
2551,Movie 2551,,Movie 2551 
2242,Movie 2242,,Movie 2242 
1807,Movie 1807,,Movie 1807 
875,Movie 875,,Movie 875 
603,Movie 603,,Movie 603 
3014,Movie 3014,,Movie 3014 
20,Movie 20,,Movie 20 
2866,Movie 2866,,Movie 2866 
2518,Movie 2518,,Movie 2518 
1355,Movie 1355,,Movie 1355 
3497,Movie 3497,,Movie 3497 
2749,Movie 2749,,Movie 2749 
1890,Movie 1890,,Movie 1890 
387,Movie 387,,Movie 387 
687,Movie 687,,Movie 687 
544,Movie 544,,Movie 544 
2343,Movie 2343,,Movie 2343 
3125,Movie 3125,,Movie 3125 
171,Movie 171,,Movie 171 
1879,Movie 1879,,Movie 1879 
1063,Movie 1063,,Movie 1063 
1415,Movie 1415,,Movie 1415 
3150,Movie 3150,,Movie 3150 
3822,Movie 3822,,Movie 3822 
3795,Movie 3795,,Movie 3795 
3865,Movie 3865,,Movie 3865 
715,Movie 715,,Movie 715 
2284,Movie 2284,,Movie 2284 
2561,Movie 2561,,Movie 2561 
1889,Movie 1889,,Movie 1889 
3857,Movie 3857,,Movie 3857 
2769,Movie 2769,,Movie 2769 
3720,Movie 3720,,Movie 3720 
3756,Movie 3756,,Movie 3756 
3073,Movie 3073,,Movie 3073 
3132,Movie 3132,,Movie 3132 
3154,Movie 3154,,Movie 3154 
3311,Movie 3311,,Movie 3311 
1439,Movie 1439,,Movie 1439 
384,Movie 384,,Movie 384 
1053,Movie 1053,,Movie 1053 
1404,Movie 1404,,Movie 1404 
1472,Movie 1472,,Movie 1472 
1662,Movie 1662,,Movie 1662 
1647,Movie 1647,,Movie 1647 
1855,Movie 1855,,Movie 1855 
2458,Movie 2458,,Movie 2458 
2654,Movie 2654,,Movie 2654 
1900,Movie 1900,,Movie 1900 
3746,Movie 3746,,Movie 3746 
2697,Movie 2697,,Movie 2697 
2696,Movie 2696,,Movie 2696 
211,Movie 211,,Movie 211 
97,Movie 97,,Movie 97 
535,Movie 535,,Movie 535 
2609,Movie 2609,,Movie 2609 
147,Movie 147,,Movie 147 
781,Movie 781,,Movie 781 
645,Movie 645,,Movie 645 
406,Movie 406,,Movie 406 
665,Movie 665,,Movie 665 
2925,Movie 2925,,Movie 2925 
574,Movie 574,,Movie 574 
306,Movie 306,,Movie 306 
649,Movie 649,,Movie 649 
1354,Movie 1354,,Movie 1354 
1543,Movie 1543,,Movie 1543 
627,Movie 627,,Movie 627 
3416,Movie 3416,,Movie 3416 
1859,Movie 1859,,Movie 1859 
117,Movie 117,,Movie 117 
3819,Movie 3819,,Movie 3819 
668,Movie 668,,Movie 668 
2361,Movie 2361,,Movie 2361 
129,Movie 129,,Movie 129 
3064,Movie 3064,,Movie 3064 
3579,Movie 3579,,Movie 3579 
1670,Movie 1670,,Movie 1670 
512,Movie 512,,Movie 512 
548,Movie 548,,Movie 548 
3719,Movie 3719,,Movie 3719 
3884,Movie 3884,,Movie 3884 
1780,Movie 1780,,Movie 1780 
3813,Movie 3813,,Movie 3813 
549,Movie 549,,Movie 549 
3094,Movie 3094,,Movie 3094 
1454,Movie 1454,,Movie 1454 
3392,Movie 3392,,Movie 3392 
3395,Movie 3395,,Movie 3395 
793,Movie 793,,Movie 793 
1111,Movie 1111,,Movie 1111 
1289,Movie 1289,,Movie 1289 
1856,Movie 1856,,Movie 1856 
1932,Movie 1932,,Movie 1932 
2998,Movie 2998,,Movie 2998 
213,Movie 213,,Movie 213 
2360,Movie 2360,,Movie 2360 
2495,Movie 2495,,Movie 2495 
3679,Movie 3679,,Movie 3679 
206,Movie 206,,Movie 206 
3539,Movie 3539,,Movie 3539 
3627,Movie 3627,,Movie 3627 
1941,Movie 1941,,Movie 1941 
3801,Movie 3801,,Movie 3801 
2570,Movie 2570,,Movie 2570 
3834,Movie 3834,,Movie 3834 
3135,Movie 3135,,Movie 3135 
3371,Movie 3371,,Movie 3371 
3855,Movie 3855,,Movie 3855 
2801,Movie 2801,,Movie 2801 
2862,Movie 2862,,Movie 2862 
3853,Movie 3853,,Movie 3853 
935,Movie 935,,Movie 935 
3292,Movie 3292,,Movie 3292 
1194,Movie 1194,,Movie 1194 
1667,Movie 1667,,Movie 1667 
760,Movie 760,,Movie 760 
227,Movie 227,,Movie 227 
3432,Movie 3432,,Movie 3432 
3431,Movie 3431,,Movie 3431 
2626,Movie 2626,,Movie 2626 
426,Movie 426,,Movie 426 
338,Movie 338,,Movie 338 
1445,Movie 1445,,Movie 1445 
3585,Movie 3585,,Movie 3585 
1008,Movie 1008,,Movie 1008 
2086,Movie 2086,,Movie 2086 
2240,Movie 2240,,Movie 2240 
3214,Movie 3214,,Movie 3214 
3394,Movie 3394,,Movie 3394 
3385,Movie 3385,,Movie 3385 
3433,Movie 3433,,Movie 3433 
2494,Movie 2494,,Movie 2494 
808,Movie 808,,Movie 808 
408,Movie 408,,Movie 408 
460,Movie 460,,Movie 460 
870,Movie 870,,Movie 870 
3434,Movie 3434,,Movie 3434 
3903,Movie 3903,,Movie 3903 
3718,Movie 3718,,Movie 3718 
308,Movie 308,,Movie 308 
787,Movie 787,,Movie 787 
1516,Movie 1516,,Movie 1516 
2621,Movie 2621,,Movie 2621 
2812,Movie 2812,,Movie 2812 
320,Movie 320,,Movie 320 
3055,Movie 3055,,Movie 3055 
2859,Movie 2859,,Movie 2859 
1202,Movie 1202,,Movie 1202 
3272,Movie 3272,,Movie 3272 
363,Movie 363,,Movie 363 
1910,Movie 1910,,Movie 1910 
1123,Movie 1123,,Movie 1123 
3906,Movie 3906,,Movie 3906 
3858,Movie 3858,,Movie 3858 
2594,Movie 2594,,Movie 2594 
3117,Movie 3117,,Movie 3117 
391,Movie 391,,Movie 391 
1055,Movie 1055,,Movie 1055 
2730,Movie 2730,,Movie 2730 
3275,Movie 3275,,Movie 3275 
3625,Movie 3625,,Movie 3625 
3192,Movie 3192,,Movie 3192 
3077,Movie 3077,,Movie 3077 
759,Movie 759,,Movie 759 
2482,Movie 2482,,Movie 2482 
68,Movie 68,,Movie 68 
1502,Movie 1502,,Movie 1502 
638,Movie 638,,Movie 638 
179,Movie 179,,Movie 179 
1564,Movie 1564,,Movie 1564 
1767,Movie 1767,,Movie 1767 
3302,Movie 3302,,Movie 3302 
3581,Movie 3581,,Movie 3581 
3860,Movie 3860,,Movie 3860 
1539,Movie 1539,,Movie 1539 
2962,Movie 2962,,Movie 2962 
987,Movie 987,,Movie 987 
1236,Movie 1236,,Movie 1236 
1896,Movie 1896,,Movie 1896 
1612,Movie 1612,,Movie 1612 
3749,Movie 3749,,Movie 3749 
3823,Movie 3823,,Movie 3823 
3598,Movie 3598,,Movie 3598 
3950,Movie 3950,,Movie 3950 
325,Movie 325,,Movie 325 
274,Movie 274,,Movie 274 
1581,Movie 1581,,Movie 1581 
3470,Movie 3470,,Movie 3470 
3415,Movie 3415,,Movie 3415 
271,Movie 271,,Movie 271 
2905,Movie 2905,,Movie 2905 
2977,Movie 2977,,Movie 2977 
1273,Movie 1273,,Movie 1273 
352,Movie 352,,Movie 352 
2295,Movie 2295,,Movie 2295 
564,Movie 564,,Movie 564 
3199,Movie 3199,,Movie 3199 
639,Movie 639,,Movie 639 
2255,Movie 2255,,Movie 2255 
209,Movie 209,,Movie 209 
1998,Movie 1998,,Movie 1998 
1812,Movie 1812,,Movie 1812 
214,Movie 214,,Movie 214 
1361,Movie 1361,,Movie 1361 
670,Movie 670,,Movie 670 
2068,Movie 2068,,Movie 2068 
2330,Movie 2330,,Movie 2330 
602,Movie 602,,Movie 602 
83,Movie 83,,Movie 83 
523,Movie 523,,Movie 523 
2988,Movie 2988,,Movie 2988 
2022,Movie 2022,,Movie 2022 
1465,Movie 1465,,Movie 1465 
152,Movie 152,,Movie 152 
1456,Movie 1456,,Movie 1456 
1119,Movie 1119,,Movie 1119 
1473,Movie 1473,,Movie 1473 
3782,Movie 3782,,Movie 3782 
1866,Movie 1866,,Movie 1866 
1604,Movie 1604,,Movie 1604 
479,Movie 479,,Movie 479 
1744,Movie 1744,,Movie 1744 
98,Movie 98,,Movie 98 
1869,Movie 1869,,Movie 1869 
809,Movie 809,,Movie 809 
1497,Movie 1497,,Movie 1497 
2835,Movie 2835,,Movie 2835 
1902,Movie 1902,,Movie 1902 
2597,Movie 2597,,Movie 2597 
1475,Movie 1475,,Movie 1475 
1771,Movie 1771,,Movie 1771 
2898,Movie 2898,,Movie 2898 
2514,Movie 2514,,Movie 2514 
2516,Movie 2516,,Movie 2516 
3709,Movie 3709,,Movie 3709 
2548,Movie 2548,,Movie 2548 
2974,Movie 2974,,Movie 2974 
2996,Movie 2996,,Movie 2996 
1255,Movie 1255,,Movie 1255 
2666,Movie 2666,,Movie 2666 
3592,Movie 3592,,Movie 3592 
2656,Movie 2656,,Movie 2656 
3922,Movie 3922,,Movie 3922 
2035,Movie 2035,,Movie 2035 
3520,Movie 3520,,Movie 3520 
3924,Movie 3924,,Movie 3924 
3401,Movie 3401,,Movie 3401 
3262,Movie 3262,,Movie 3262 
2513,Movie 2513,,Movie 2513 
831,Movie 831,,Movie 831 
1613,Movie 1613,,Movie 1613 
2504,Movie 2504,,Movie 2504 
984,Movie 984,,Movie 984 
3674,Movie 3674,,Movie 3674 
3673,Movie 3673,,Movie 3673 
201,Movie 201,,Movie 201 
3475,Movie 3475,,Movie 3475 
255,Movie 255,,Movie 255 
1928,Movie 1928,,Movie 1928 
1930,Movie 1930,,Movie 1930 
1933,Movie 1933,,Movie 1933 
1943,Movie 1943,,Movie 1943 
876,Movie 876,,Movie 876 
2372,Movie 2372,,Movie 2372 
2587,Movie 2587,,Movie 2587 
3329,Movie 3329,,Movie 3329 
1728,Movie 1728,,Movie 1728 
1169,Movie 1169,,Movie 1169 
1068,Movie 1068,,Movie 1068 
2659,Movie 2659,,Movie 2659 
3680,Movie 3680,,Movie 3680 
2824,Movie 2824,,Movie 2824 
3002,Movie 3002,,Movie 3002 
99,Movie 99,,Movie 99 
2689,Movie 2689,,Movie 2689 
3456,Movie 3456,,Movie 3456 
3951,Movie 3951,,Movie 3951 
1413,Movie 1413,,Movie 1413 
2830,Movie 2830,,Movie 2830 
183,Movie 183,,Movie 183 
2488,Movie 2488,,Movie 2488 
3188,Movie 3188,,Movie 3188 
3885,Movie 3885,,Movie 3885 
1631,Movie 1631,,Movie 1631 
3379,Movie 3379,,Movie 3379 
1232,Movie 1232,,Movie 1232 
2180,Movie 2180,,Movie 2180 
2630,Movie 2630,,Movie 2630 
854,Movie 854,,Movie 854 
2512,Movie 2512,,Movie 2512 
2864,Movie 2864,,Movie 2864 
2351,Movie 2351,,Movie 2351 
3010,Movie 3010,,Movie 3010 
2440,Movie 2440,,Movie 2440 
3075,Movie 3075,,Movie 3075 
2970,Movie 2970,,Movie 2970 
3568,Movie 3568,,Movie 3568 
3241,Movie 3241,,Movie 3241 
680,Movie 680,,Movie 680 
1572,Movie 1572,,Movie 1572 
3047,Movie 3047,,Movie 3047 
3731,Movie 3731,,Movie 3731 
3090,Movie 3090,,Movie 3090 
1132,Movie 1132,,Movie 1132 
3235,Movie 3235,,Movie 3235 
2579,Movie 2579,,Movie 2579 
3038,Movie 3038,,Movie 3038 
669,Movie 669,,Movie 669 
970,Movie 970,,Movie 970 
3559,Movie 3559,,Movie 3559 
3547,Movie 3547,,Movie 3547 
3281,Movie 3281,,Movie 3281 
2271,Movie 2271,,Movie 2271 
2590,Movie 2590,,Movie 2590 
3127,Movie 3127,,Movie 3127 
1044,Movie 1044,,Movie 1044 
3715,Movie 3715,,Movie 3715 
3041,Movie 3041,,Movie 3041 
3391,Movie 3391,,Movie 3391 
3144,Movie 3144,,Movie 3144 
31,Movie 31,,Movie 31 
1825,Movie 1825,,Movie 1825 
2475,Movie 2475,,Movie 2475 
1323,Movie 1323,,Movie 1323 
3449,Movie 3449,,Movie 3449 
2552,Movie 2552,,Movie 2552 
1482,Movie 1482,,Movie 1482 
2610,Movie 2610,,Movie 2610 
483,Movie 483,,Movie 483 
2493,Movie 2493,,Movie 2493 
3128,Movie 3128,,Movie 3128 
2994,Movie 2994,,Movie 2994 
621,Movie 621,,Movie 621 
388,Movie 388,,Movie 388 
1547,Movie 1547,,Movie 1547 
613,Movie 613,,Movie 613 
988,Movie 988,,Movie 988 
369,Movie 369,,Movie 369 
1397,Movie 1397,,Movie 1397 
2711,Movie 2711,,Movie 2711 
1399,Movie 1399,,Movie 1399 
57,Movie 57,,Movie 57 
2479,Movie 2479,,Movie 2479 
1811,Movie 1811,,Movie 1811 
2963,Movie 2963,,Movie 2963 
2679,Movie 2679,,Movie 2679 
573,Movie 573,,Movie 573 
2276,Movie 2276,,Movie 2276 
3008,Movie 3008,,Movie 3008 
685,Movie 685,,Movie 685 
3711,Movie 3711,,Movie 3711 
1725,Movie 1725,,Movie 1725 
301,Movie 301,,Movie 301 
3839,Movie 3839,,Movie 3839 
1062,Movie 1062,,Movie 1062 
409,Movie 409,,Movie 409 
761,Movie 761,,Movie 761 
547,Movie 547,,Movie 547 
3810,Movie 3810,,Movie 3810 
2614,Movie 2614,,Movie 2614 
504,Movie 504,,Movie 504 
1626,Movie 1626,,Movie 1626 
3886,Movie 3886,,Movie 3886 
2894,Movie 2894,,Movie 2894 
776,Movie 776,,Movie 776 
3909,Movie 3909,,Movie 3909 
137,Movie 137,,Movie 137 
747,Movie 747,,Movie 747 
2425,Movie 2425,,Movie 2425 
525,Movie 525,,Movie 525 
488,Movie 488,,Movie 488 
1844,Movie 1844,,Movie 1844 
3181,Movie 3181,,Movie 3181 
2768,Movie 2768,,Movie 2768 
725,Movie 725,,Movie 725 
2602,Movie 2602,,Movie 2602 
2305,Movie 2305,,Movie 2305 
1105,Movie 1105,,Movie 1105 
767,Movie 767,,Movie 767 
3459,Movie 3459,,Movie 3459 
1741,Movie 1741,,Movie 1741 
3796,Movie 3796,,Movie 3796 
635,Movie 635,,Movie 635 
1795,Movie 1795,,Movie 1795 
3031,Movie 3031,,Movie 3031 
1503,Movie 1503,,Movie 1503 
1867,Movie 1867,,Movie 1867 
774,Movie 774,,Movie 774 
3867,Movie 3867,,Movie 3867 
495,Movie 495,,Movie 495 
2483,Movie 2483,,Movie 2483 
3158,Movie 3158,,Movie 3158 
2844,Movie 2844,,Movie 2844 
67,Movie 67,,Movie 67 
3902,Movie 3902,,Movie 3902 
1891,Movie 1891,,Movie 1891 
717,Movie 717,,Movie 717 
1058,Movie 1058,,Movie 1058 
80,Movie 80,,Movie 80 
2624,Movie 2624,,Movie 2624 
3245,Movie 3245,,Movie 3245 
3532,Movie 3532,,Movie 3532 
2585,Movie 2585,,Movie 2585 
1796,Movie 1796,,Movie 1796 
632,Movie 632,,Movie 632 
1646,Movie 1646,,Movie 1646 
295,Movie 295,,Movie 295 
1550,Movie 1550,,Movie 1550 
27,Movie 27,,Movie 27 
3761,Movie 3761,,Movie 3761 
2445,Movie 2445,,Movie 2445 
1874,Movie 1874,,Movie 1874 
3162,Movie 3162,,Movie 3162 
2865,Movie 2865,,Movie 2865 
1854,Movie 1854,,Movie 1854 
2651,Movie 2651,,Movie 2651 
1346,Movie 1346,,Movie 1346 
354,Movie 354,,Movie 354 
191,Movie 191,,Movie 191 
430,Movie 430,,Movie 430 
3180,Movie 3180,,Movie 3180 
2889,Movie 2889,,Movie 2889 
414,Movie 414,,Movie 414 
433,Movie 433,,Movie 433 
1746,Movie 1746,,Movie 1746 
710,Movie 710,,Movie 710 
174,Movie 174,,Movie 174 
2695,Movie 2695,,Movie 2695 
1642,Movie 1642,,Movie 1642 
2589,Movie 2589,,Movie 2589 
3945,Movie 3945,,Movie 3945 
3165,Movie 3165,,Movie 3165 
2307,Movie 2307,,Movie 2307 
3653,Movie 3653,,Movie 3653 
2129,Movie 2129,,Movie 2129 
149,Movie 149,,Movie 149 
3947,Movie 3947,,Movie 3947 
3149,Movie 3149,,Movie 3149 
2785,Movie 2785,,Movie 2785 
1531,Movie 1531,,Movie 1531 
1523,Movie 1523,,Movie 1523 
1427,Movie 1427,,Movie 1427 
917,Movie 917,,Movie 917 
2809,Movie 2809,,Movie 2809 
2999,Movie 2999,,Movie 2999 
1317,Movie 1317,,Movie 1317 
1410,Movie 1410,,Movie 1410 
119,Movie 119,,Movie 119 
2151,Movie 2151,,Movie 2151 
3622,Movie 3622,,Movie 3622 
537,Movie 537,,Movie 537 
3496,Movie 3496,,Movie 3496 
3048,Movie 3048,,Movie 3048 
3695,Movie 3695,,Movie 3695 
2286,Movie 2286,,Movie 2286 
1857,Movie 1857,,Movie 1857 
1863,Movie 1863,,Movie 1863 
2031,Movie 2031,,Movie 2031 
2051,Movie 2051,,Movie 2051 
2032,Movie 2032,,Movie 2032 
444,Movie 444,,Movie 444 
2685,Movie 2685,,Movie 2685 
505,Movie 505,,Movie 505 
1839,Movie 1839,,Movie 1839 
3042,Movie 3042,,Movie 3042 
3043,Movie 3043,,Movie 3043 
102,Movie 102,,Movie 102 
3804,Movie 3804,,Movie 3804 
131,Movie 131,,Movie 131 
3161,Movie 3161,,Movie 3161 
2345,Movie 2345,,Movie 2345 
3427,Movie 3427,,Movie 3427 
964,Movie 964,,Movie 964 
2900,Movie 2900,,Movie 2900 
1484,Movie 1484,,Movie 1484 
1076,Movie 1076,,Movie 1076 
3716,Movie 3716,,Movie 3716 
1471,Movie 1471,,Movie 1471 
3187,Movie 3187,,Movie 3187 
1585,Movie 1585,,Movie 1585 
2964,Movie 2964,,Movie 2964 
570,Movie 570,,Movie 570 
1533,Movie 1533,,Movie 1533 
263,Movie 263,,Movie 263 
1664,Movie 1664,,Movie 1664 
1150,Movie 1150,,Movie 1150 
1114,Movie 1114,,Movie 1114 
662,Movie 662,,Movie 662 
3343,Movie 3343,,Movie 3343 
877,Movie 877,,Movie 877 
3562,Movie 3562,,Movie 3562 
2569,Movie 2569,,Movie 2569 
3563,Movie 3563,,Movie 3563 
3851,Movie 3851,,Movie 3851 
2062,Movie 2062,,Movie 2062 
3050,Movie 3050,,Movie 3050 
2839,Movie 2839,,Movie 2839 
2075,Movie 2075,,Movie 2075 
3544,Movie 3544,,Movie 3544 
128,Movie 128,,Movie 128 
77,Movie 77,,Movie 77 
751,Movie 751,,Movie 751 
958,Movie 958,,Movie 958 
3221,Movie 3221,,Movie 3221 
3577,Movie 3577,,Movie 3577 
2008,Movie 2008,,Movie 2008 
3854,Movie 3854,,Movie 3854 
811,Movie 811,,Movie 811 
3830,Movie 3830,,Movie 3830 
2897,Movie 2897,,Movie 2897 
1508,Movie 1508,,Movie 1508 
250,Movie 250,,Movie 250 
3734,Movie 3734,,Movie 3734 
844,Movie 844,,Movie 844 
3171,Movie 3171,,Movie 3171 
1423,Movie 1423,,Movie 1423 
3215,Movie 3215,,Movie 3215 
3222,Movie 3222,,Movie 3222 
3586,Movie 3586,,Movie 3586 
3714,Movie 3714,,Movie 3714 
2704,Movie 2704,,Movie 2704 
3139,Movie 3139,,Movie 3139 
1382,Movie 1382,,Movie 1382 
2477,Movie 2477,,Movie 2477 
3732,Movie 3732,,Movie 3732 
2902,Movie 2902,,Movie 2902 
2655,Movie 2655,,Movie 2655 
3487,Movie 3487,,Movie 3487 
3367,Movie 3367,,Movie 3367 
210,Movie 210,,Movie 210 
2627,Movie 2627,,Movie 2627 
3667,Movie 3667,,Movie 3667 
1134,Movie 1134,,Movie 1134 
1870,Movie 1870,,Movie 1870 
2751,Movie 2751,,Movie 2751 
3765,Movie 3765,,Movie 3765 
3572,Movie 3572,,Movie 3572 
619,Movie 619,,Movie 619 
2799,Movie 2799,,Movie 2799 
2848,Movie 2848,,Movie 2848 
1598,Movie 1598,,Movie 1598 
841,Movie 841,,Movie 841 
2784,Movie 2784,,Movie 2784 
1330,Movie 1330,,Movie 1330 
2740,Movie 2740,,Movie 2740 
3058,Movie 3058,,Movie 3058 
3351,Movie 3351,,Movie 3351 
2636,Movie 2636,,Movie 2636 
2992,Movie 2992,,Movie 2992 
3838,Movie 3838,,Movie 3838 
3833,Movie 3833,,Movie 3833 
3692,Movie 3692,,Movie 3692 
3021,Movie 3021,,Movie 3021 
3488,Movie 3488,,Movie 3488 
3573,Movie 3573,,Movie 3573 
2903,Movie 2903,,Movie 2903 
1335,Movie 1335,,Movie 1335 
3931,Movie 3931,,Movie 3931 
2095,Movie 2095,,Movie 2095 
3339,Movie 3339,,Movie 3339 
2362,Movie 2362,,Movie 2362 
2388,Movie 2388,,Movie 2388 
3569,Movie 3569,,Movie 3569 
834,Movie 834,,Movie 834 
652,Movie 652,,Movie 652 
3777,Movie 3777,,Movie 3777 
755,Movie 755,,Movie 755 
882,Movie 882,,Movie 882 
3345,Movie 3345,,Movie 3345 
2886,Movie 2886,,Movie 2886 
1496,Movie 1496,,Movie 1496 
656,Movie 656,,Movie 656 
1695,Movie 1695,,Movie 1695 
600,Movie 600,,Movie 600 
3335,Movie 3335,,Movie 3335 
2868,Movie 2868,,Movie 2868 
2855,Movie 2855,,Movie 2855 
1989,Movie 1989,,Movie 1989 
1990,Movie 1990,,Movie 1990 
3119,Movie 3119,,Movie 3119 
3344,Movie 3344,,Movie 3344 
3651,Movie 3651,,Movie 3651 
1165,Movie 1165,,Movie 1165 
3346,Movie 3346,,Movie 3346 
3490,Movie 3490,,Movie 3490 
2545,Movie 2545,,Movie 2545 
3318,Movie 3318,,Movie 3318 
1743,Movie 1743,,Movie 1743 
1002,Movie 1002,,Movie 1002 
3372,Movie 3372,,Movie 3372 
865,Movie 865,,Movie 865 
3531,Movie 3531,,Movie 3531 
2446,Movie 2446,,Movie 2446 
840,Movie 840,,Movie 840 
867,Movie 867,,Movie 867 
3669,Movie 3669,,Movie 3669 
1822,Movie 1822,,Movie 1822 
1679,Movie 1679,,Movie 1679 
3645,Movie 3645,,Movie 3645 
1164,Movie 1164,,Movie 1164 
1362,Movie 1362,,Movie 1362 
3446,Movie 3446,,Movie 3446 
681,Movie 681,,Movie 681 
1332,Movie 1332,,Movie 1332 
2464,Movie 2464,,Movie 2464 
3276,Movie 3276,,Movie 3276 
3310,Movie 3310,,Movie 3310 
3133,Movie 3133,,Movie 3133 
3781,Movie 3781,,Movie 3781 
3665,Movie 3665,,Movie 3665 
343,Movie 343,,Movie 343 
484,Movie 484,,Movie 484 
1826,Movie 1826,,Movie 1826 
2219,Movie 2219,,Movie 2219 
2256,Movie 2256,,Movie 2256 
726,Movie 726,,Movie 726 
2237,Movie 2237,,Movie 2237 
3106,Movie 3106,,Movie 3106 
331,Movie 331,,Movie 331 
2386,Movie 2386,,Movie 2386 
3445,Movie 3445,,Movie 3445 
375,Movie 375,,Movie 375 
3289,Movie 3289,,Movie 3289 
2521,Movie 2521,,Movie 2521 
1039,Movie 1039,,Movie 1039 
1163,Movie 1163,,Movie 1163 
2825,Movie 2825,,Movie 2825 
3894,Movie 3894,,Movie 3894 
2673,Movie 2673,,Movie 2673 
2933,Movie 2933,,Movie 2933 
2843,Movie 2843,,Movie 2843 
1384,Movie 1384,,Movie 1384 
722,Movie 722,,Movie 722 
3239,Movie 3239,,Movie 3239 
3240,Movie 3240,,Movie 3240 
1798,Movie 1798,,Movie 1798 
243,Movie 243,,Movie 243 
470,Movie 470,,Movie 470 
1525,Movie 1525,,Movie 1525 
1490,Movie 1490,,Movie 1490 
2175,Movie 2175,,Movie 2175 
1511,Movie 1511,,Movie 1511 
2620,Movie 2620,,Movie 2620 
1651,Movie 1651,,Movie 1651 
1791,Movie 1791,,Movie 1791 
2885,Movie 2885,,Movie 2885 
1351,Movie 1351,,Movie 1351 
75,Movie 75,,Movie 75 
1006,Movie 1006,,Movie 1006 
997,Movie 997,,Movie 997 
422,Movie 422,,Movie 422 
2293,Movie 2293,,Movie 2293 
3183,Movie 3183,,Movie 3183 
2281,Movie 2281,,Movie 2281 
335,Movie 335,,Movie 335 
1067,Movie 1067,,Movie 1067 
2400,Movie 2400,,Movie 2400 
2733,Movie 2733,,Movie 2733 
1153,Movie 1153,,Movie 1153 
1383,Movie 1383,,Movie 1383 
49,Movie 49,,Movie 49 
2810,Movie 2810,,Movie 2810 
1749,Movie 1749,,Movie 1749 
939,Movie 939,,Movie 939 
3670,Movie 3670,,Movie 3670 
1817,Movie 1817,,Movie 1817 
124,Movie 124,,Movie 124 
1773,Movie 1773,,Movie 1773 
1659,Movie 1659,,Movie 1659 
228,Movie 228,,Movie 228 
283,Movie 283,,Movie 283 
478,Movie 478,,Movie 478 
2767,Movie 2767,,Movie 2767 
2298,Movie 2298,,Movie 2298 
881,Movie 881,,Movie 881 
3626,Movie 3626,,Movie 3626 
807,Movie 807,,Movie 807 
2055,Movie 2055,,Movie 2055 
2896,Movie 2896,,Movie 2896 
1906,Movie 1906,,Movie 1906 
96,Movie 96,,Movie 96 
2063,Movie 2063,,Movie 2063 
3817,Movie 3817,,Movie 3817 
1406,Movie 1406,,Movie 1406 
1149,Movie 1149,,Movie 1149 
2853,Movie 2853,,Movie 2853 
1341,Movie 1341,,Movie 1341 
2754,Movie 2754,,Movie 2754 
2465,Movie 2465,,Movie 2465 
3637,Movie 3637,,Movie 3637 
746,Movie 746,,Movie 746 
2618,Movie 2618,,Movie 2618 
3374,Movie 3374,,Movie 3374 
106,Movie 106,,Movie 106 
1809,Movie 1809,,Movie 1809 
705,Movie 705,,Movie 705 
1455,Movie 1455,,Movie 1455 
2715,Movie 2715,,Movie 2715 
1758,Movie 1758,,Movie 1758 
2837,Movie 2837,,Movie 2837 
828,Movie 828,,Movie 828 
626,Movie 626,,Movie 626 
1865,Movie 1865,,Movie 1865 
3739,Movie 3739,,Movie 3739 
3293,Movie 3293,,Movie 3293 
2179,Movie 2179,,Movie 2179 
3912,Movie 3912,,Movie 3912 
2074,Movie 2074,,Movie 2074 
1538,Movie 1538,,Movie 1538 
2044,Movie 2044,,Movie 2044 
3691,Movie 3691,,Movie 3691 
1336,Movie 1336,,Movie 1336 
2982,Movie 2982,,Movie 2982 
2854,Movie 2854,,Movie 2854 
3428,Movie 3428,,Movie 3428 
2737,Movie 2737,,Movie 2737 
2847,Movie 2847,,Movie 2847 
3832,Movie 3832,,Movie 3832 
2326,Movie 2326,,Movie 2326 
3721,Movie 3721,,Movie 3721 
2128,Movie 2128,,Movie 2128 
3790,Movie 3790,,Movie 3790 
2275,Movie 2275,,Movie 2275 
1113,Movie 1113,,Movie 1113 
1133,Movie 1133,,Movie 1133 
1837,Movie 1837,,Movie 1837 
347,Movie 347,,Movie 347 
1720,Movie 1720,,Movie 1720 
1440,Movie 1440,,Movie 1440 
2931,Movie 2931,,Movie 2931 
578,Movie 578,,Movie 578 
3410,Movie 3410,,Movie 3410 
411,Movie 411,,Movie 411 
658,Movie 658,,Movie 658 
2911,Movie 2911,,Movie 2911 
3892,Movie 3892,,Movie 3892 
3368,Movie 3368,,Movie 3368 
3122,Movie 3122,,Movie 3122 
3143,Movie 3143,,Movie 3143 
2481,Movie 2481,,Movie 2481 
2342,Movie 2342,,Movie 2342 
2201,Movie 2201,,Movie 2201 
1656,Movie 1656,,Movie 1656 
1000,Movie 1000,,Movie 1000 
1312,Movie 1312,,Movie 1312 
212,Movie 212,,Movie 212 
56,Movie 56,,Movie 56 
121,Movie 121,,Movie 121 
1412,Movie 1412,,Movie 1412 
462,Movie 462,,Movie 462 
3648,Movie 3648,,Movie 3648 
1893,Movie 1893,,Movie 1893 
2586,Movie 2586,,Movie 2586 
716,Movie 716,,Movie 716 
1579,Movie 1579,,Movie 1579 
37,Movie 37,,Movie 37 
2522,Movie 2522,,Movie 2522 
2487,Movie 2487,,Movie 2487 
3900,Movie 3900,,Movie 3900 
2056,Movie 2056,,Movie 2056 
2131,Movie 2131,,Movie 2131 
1056,Movie 1056,,Movie 1056 
1447,Movie 1447,,Movie 1447 
2850,Movie 2850,,Movie 2850 
3805,Movie 3805,,Movie 3805 
2778,Movie 2778,,Movie 2778 
731,Movie 731,,Movie 731 
61,Movie 61,,Movie 61 
103,Movie 103,,Movie 103 
1501,Movie 1501,,Movie 1501 
1903,Movie 1903,,Movie 1903 
2834,Movie 2834,,Movie 2834 
2486,Movie 2486,,Movie 2486 
270,Movie 270,,Movie 270 
200,Movie 200,,Movie 200 
2158,Movie 2158,,Movie 2158 
3737,Movie 3737,,Movie 3737 
1899,Movie 1899,,Movie 1899 
3875,Movie 3875,,Movie 3875 
1087,Movie 1087,,Movie 1087 
2743,Movie 2743,,Movie 2743 
114,Movie 114,,Movie 114 
3940,Movie 3940,,Movie 3940 
443,Movie 443,,Movie 443 
1853,Movie 1853,,Movie 1853 
2227,Movie 2227,,Movie 2227 
2753,Movie 2753,,Movie 2753 
992,Movie 992,,Movie 992 
2211,Movie 2211,,Movie 2211 
3313,Movie 3313,,Movie 3313 
3442,Movie 3442,,Movie 3442 
2164,Movie 2164,,Movie 2164 
3291,Movie 3291,,Movie 3291 
3632,Movie 3632,,Movie 3632 
3314,Movie 3314,,Movie 3314 
3775,Movie 3775,,Movie 3775 
3611,Movie 3611,,Movie 3611 
3759,Movie 3759,,Movie 3759 
888,Movie 888,,Movie 888 
1570,Movie 1570,,Movie 1570 
2658,Movie 2658,,Movie 2658 
3878,Movie 3878,,Movie 3878 
3848,Movie 3848,,Movie 3848 
402,Movie 402,,Movie 402 
3137,Movie 3137,,Movie 3137 
1558,Movie 1558,,Movie 1558 
2631,Movie 2631,,Movie 2631 
297,Movie 297,,Movie 297 
1565,Movie 1565,,Movie 1565 
576,Movie 576,,Movie 576 
3588,Movie 3588,,Movie 3588 
1549,Movie 1549,,Movie 1549 
1692,Movie 1692,,Movie 1692 
1168,Movie 1168,,Movie 1168 
3862,Movie 3862,,Movie 3862 
3140,Movie 3140,,Movie 3140 
2869,Movie 2869,,Movie 2869 
2892,Movie 2892,,Movie 2892 
3866,Movie 3866,,Movie 3866 
3891,Movie 3891,,Movie 3891 
3899,Movie 3899,,Movie 3899 
3944,Movie 3944,,Movie 3944 
1026,Movie 1026,,Movie 1026 
3025,Movie 3025,,Movie 3025 
3407,Movie 3407,,Movie 3407 
1170,Movie 1170,,Movie 1170 
304,Movie 304,,Movie 304 
3463,Movie 3463,,Movie 3463 
2452,Movie 2452,,Movie 2452 
2842,Movie 2842,,Movie 2842 
3223,Movie 3223,,Movie 3223 
3378,Movie 3378,,Movie 3378 
1846,Movie 1846,,Movie 1846 
1567,Movie 1567,,Movie 1567 
136,Movie 136,,Movie 136 
3232,Movie 3232,,Movie 3232 
386,Movie 386,,Movie 386 
2466,Movie 2466,,Movie 2466 
2536,Movie 2536,,Movie 2536 
554,Movie 554,,Movie 554 
1458,Movie 1458,,Movie 1458 
2200,Movie 2200,,Movie 2200 
545,Movie 545,,Movie 545 
850,Movie 850,,Movie 850 
2773,Movie 2773,,Movie 2773 
1040,Movie 1040,,Movie 1040 
1117,Movie 1117,,Movie 1117 
385,Movie 385,,Movie 385 
167,Movie 167,,Movie 167 
2577,Movie 2577,,Movie 2577 
614,Movie 614,,Movie 614 
2593,Movie 2593,,Movie 2593 
2760,Movie 2760,,Movie 2760 
3803,Movie 3803,,Movie 3803 
2397,Movie 2397,,Movie 2397 
3575,Movie 3575,,Movie 3575 
1696,Movie 1696,,Movie 1696 
2756,Movie 2756,,Movie 2756 
3845,Movie 3845,,Movie 3845 
3306,Movie 3306,,Movie 3306 
2207,Movie 2207,,Movie 2207 
3184,Movie 3184,,Movie 3184 
2509,Movie 2509,,Movie 2509 
1494,Movie 1494,,Movie 1494 
3647,Movie 3647,,Movie 3647 
2727,Movie 2727,,Movie 2727 
244,Movie 244,,Movie 244 
2304,Movie 2304,,Movie 2304 
2914,Movie 2914,,Movie 2914 
2960,Movie 2960,,Movie 2960 
2061,Movie 2061,,Movie 2061 
2317,Movie 2317,,Movie 2317 
2187,Movie 2187,,Movie 2187 
2185,Movie 2185,,Movie 2185 
1864,Movie 1864,,Movie 1864 
3570,Movie 3570,,Movie 3570 
1493,Movie 1493,,Movie 1493 
1829,Movie 1829,,Movie 1829 
2675,Movie 2675,,Movie 2675 
1151,Movie 1151,,Movie 1151 
734,Movie 734,,Movie 734 
2215,Movie 2215,,Movie 2215 
2510,Movie 2510,,Movie 2510 
1793,Movie 1793,,Movie 1793 
2156,Movie 2156,,Movie 2156 
3026,Movie 3026,,Movie 3026 
2251,Movie 2251,,Movie 2251 
3880,Movie 3880,,Movie 3880 
359,Movie 359,,Movie 359 
1668,Movie 1668,,Movie 1668 
1561,Movie 1561,,Movie 1561 
2945,Movie 2945,,Movie 2945 
1514,Movie 1514,,Movie 1514 
3319,Movie 3319,,Movie 3319 
1814,Movie 1814,,Movie 1814 
3495,Movie 3495,,Movie 3495 
310,Movie 310,,Movie 310 
925,Movie 925,,Movie 925 
59,Movie 59,,Movie 59 
1901,Movie 1901,,Movie 1901 
2578,Movie 2578,,Movie 2578 
3523,Movie 3523,,Movie 3523 
2283,Movie 2283,,Movie 2283 
2449,Movie 2449,,Movie 2449 
452,Movie 452,,Movie 452 
2244,Movie 2244,,Movie 2244 
397,Movie 397,,Movie 397 
2332,Movie 2332,,Movie 2332 
1575,Movie 1575,,Movie 1575 
756,Movie 756,,Movie 756 
2691,Movie 2691,,Movie 2691 
2538,Movie 2538,,Movie 2538 
2813,Movie 2813,,Movie 2813 
2191,Movie 2191,,Movie 2191 
3402,Movie 3402,,Movie 3402 
3218,Movie 3218,,Movie 3218 
3333,Movie 3333,,Movie 3333 
2981,Movie 2981,,Movie 2981 
792,Movie 792,,Movie 792 
3800,Movie 3800,,Movie 3800 
3850,Movie 3850,,Movie 3850 
821,Movie 821,,Movie 821 
220,Movie 220,,Movie 220 
1426,Movie 1426,,Movie 1426 
2556,Movie 2556,,Movie 2556 
2350,Movie 2350,,Movie 2350 
1144,Movie 1144,,Movie 1144 
2934,Movie 2934,,Movie 2934 
1622,Movie 1622,,Movie 1622 
394,Movie 394,,Movie 394 
1636,Movie 1636,,Movie 1636 
980,Movie 980,,Movie 980 
702,Movie 702,,Movie 702 
814,Movie 814,,Movie 814 
3574,Movie 3574,,Movie 3574 
1160,Movie 1160,,Movie 1160 
559,Movie 559,,Movie 559 
2246,Movie 2246,,Movie 2246 
1154,Movie 1154,,Movie 1154 
1574,Movie 1574,,Movie 1574 
33,Movie 33,,Movie 33 
1071,Movie 1071,,Movie 1071 
389,Movie 389,,Movie 389 
2775,Movie 2775,,Movie 2775 
744,Movie 744,,Movie 744 
2197,Movie 2197,,Movie 2197 
1486,Movie 1486,,Movie 1486 
1504,Movie 1504,,Movie 1504 
1671,Movie 1671,,Movie 1671 
3482,Movie 3482,,Movie 3482 
3126,Movie 3126,,Movie 3126 
1324,Movie 1324,,Movie 1324 
189,Movie 189,,Movie 189 
1174,Movie 1174,,Movie 1174 
1898,Movie 1898,,Movie 1898 
108,Movie 108,,Movie 108 
2758,Movie 2758,,Movie 2758 
3209,Movie 3209,,Movie 3209 
2192,Movie 2192,,Movie 2192 
1519,Movie 1519,,Movie 1519 
1098,Movie 1098,,Movie 1098 
3151,Movie 3151,,Movie 3151 
1369,Movie 1369,,Movie 1369 
1038,Movie 1038,,Movie 1038 
2923,Movie 2923,,Movie 2923 
3847,Movie 3847,,Movie 3847 
3757,Movie 3757,,Movie 3757 
3772,Movie 3772,,Movie 3772 
3027,Movie 3027,,Movie 3027 
1433,Movie 1433,,Movie 1433 
2257,Movie 2257,,Movie 2257 
3492,Movie 3492,,Movie 3492 
598,Movie 598,,Movie 598 
563,Movie 563,,Movie 563 
758,Movie 758,,Movie 758 
1116,Movie 1116,,Movie 1116 
2503,Movie 2503,,Movie 2503 
2557,Movie 2557,,Movie 2557 
698,Movie 698,,Movie 698 
730,Movie 730,,Movie 730 
2705,Movie 2705,,Movie 2705 
862,Movie 862,,Movie 862 
90,Movie 90,,Movie 90 
245,Movie 245,,Movie 245 
264,Movie 264,,Movie 264 
526,Movie 526,,Movie 526 
729,Movie 729,,Movie 729 
2765,Movie 2765,,Movie 2765 
2441,Movie 2441,,Movie 2441 
197,Movie 197,,Movie 197 
3116,Movie 3116,,Movie 3116 
1872,Movie 1872,,Movie 1872 
2233,Movie 2233,,Movie 2233 
682,Movie 682,,Movie 682 
567,Movie 567,,Movie 567 
53,Movie 53,,Movie 53 
3636,Movie 3636,,Movie 3636 
2234,Movie 2234,,Movie 2234 
895,Movie 895,,Movie 895 
672,Movie 672,,Movie 672 
962,Movie 962,,Movie 962 
618,Movie 618,,Movie 618 
2172,Movie 2172,,Movie 2172 
120,Movie 120,,Movie 120 
703,Movie 703,,Movie 703 
2209,Movie 2209,,Movie 2209 
3003,Movie 3003,,Movie 3003 
3486,Movie 3486,,Movie 3486 
3642,Movie 3642,,Movie 3642 
967,Movie 967,,Movie 967 
2814,Movie 2814,,Movie 2814 
2823,Movie 2823,,Movie 2823 
972,Movie 972,,Movie 972 
641,Movie 641,,Movie 641 
2608,Movie 2608,,Movie 2608 
3657,Movie 3657,,Movie 3657 
1444,Movie 1444,,Movie 1444 
2776,Movie 2776,,Movie 2776 
1850,Movie 1850,,Movie 1850 
1138,Movie 1138,,Movie 1138 
3542,Movie 3542,,Movie 3542 
2576,Movie 2576,,Movie 2576 
1436,Movie 1436,,Movie 1436 
769,Movie 769,,Movie 769 
985,Movie 985,,Movie 985 
1675,Movie 1675,,Movie 1675 
192,Movie 192,,Movie 192 
712,Movie 712,,Movie 712 
2127,Movie 2127,,Movie 2127 
887,Movie 887,,Movie 887 
2831,Movie 2831,,Movie 2831 
2358,Movie 2358,,Movie 2358 
1181,Movie 1181,,Movie 1181 
1121,Movie 1121,,Movie 1121 
2562,Movie 2562,,Movie 2562 
1849,Movie 1849,,Movie 1849 
3205,Movie 3205,,Movie 3205 
3644,Movie 3644,,Movie 3644 
401,Movie 401,,Movie 401 
2221,Movie 2221,,Movie 2221 
3131,Movie 3131,,Movie 3131 
864,Movie 864,,Movie 864 
1315,Movie 1315,,Movie 1315 
3228,Movie 3228,,Movie 3228 
219,Movie 219,,Movie 219 
3294,Movie 3294,,Movie 3294 
3305,Movie 3305,,Movie 3305 
3380,Movie 3380,,Movie 3380 
643,Movie 643,,Movie 643 
3419,Movie 3419,,Movie 3419 
3888,Movie 3888,,Movie 3888 
2632,Movie 2632,,Movie 2632 
823,Movie 823,,Movie 823 
2619,Movie 2619,,Movie 2619 
1877,Movie 1877,,Movie 1877 
3722,Movie 3722,,Movie 3722 
2101,Movie 2101,,Movie 2101 
2563,Movie 2563,,Movie 2563 
3905,Movie 3905,,Movie 3905 
853,Movie 853,,Movie 853 
3904,Movie 3904,,Movie 3904 
1548,Movie 1548,,Movie 1548 
1878,Movie 1878,,Movie 1878 
1360,Movie 1360,,Movie 1360 
666,Movie 666,,Movie 666 
696,Movie 696,,Movie 696 
1364,Movie 1364,,Movie 1364 
3517,Movie 3517,,Movie 3517 
2984,Movie 2984,,Movie 2984 
3601,Movie 3601,,Movie 3601 
3322,Movie 3322,,Movie 3322 
3303,Movie 3303,,Movie 3303 
3887,Movie 3887,,Movie 3887 
1386,Movie 1386,,Movie 1386 
3312,Movie 3312,,Movie 3312 
3621,Movie 3621,,Movie 3621 
2821,Movie 2821,,Movie 2821 
3166,Movie 3166,,Movie 3166 
142,Movie 142,,Movie 142 
1718,Movie 1718,,Movie 1718 
2742,Movie 2742,,Movie 2742 
1142,Movie 1142,,Movie 1142 
796,Movie 796,,Movie 796 
644,Movie 644,,Movie 644 
3493,Movie 3493,,Movie 3493 
1652,Movie 1652,,Movie 1652 
2484,Movie 2484,,Movie 2484 
2235,Movie 2235,,Movie 2235 
3876,Movie 3876,,Movie 3876 
2584,Movie 2584,,Movie 2584 
3212,Movie 3212,,Movie 3212 
3687,Movie 3687,,Movie 3687 
579,Movie 579,,Movie 579 
3136,Movie 3136,,Movie 3136 
3641,Movie 3641,,Movie 3641 
3828,Movie 3828,,Movie 3828 
789,Movie 789,,Movie 789 
1764,Movie 1764,,Movie 1764 
3216,Movie 3216,,Movie 3216 
1787,Movie 1787,,Movie 1787 
601,Movie 601,,Movie 601 
1553,Movie 1553,,Movie 1553 
623,Movie 623,,Movie 623 
1852,Movie 1852,,Movie 1852 
3778,Movie 3778,,Movie 3778 
3220,Movie 3220,,Movie 3220 
859,Movie 859,,Movie 859 
660,Movie 660,,Movie 660 
651,Movie 651,,Movie 651 
1118,Movie 1118,,Movie 1118 
1115,Movie 1115,,Movie 1115 
2887,Movie 2887,,Movie 2887 
1510,Movie 1510,,Movie 1510 
1908,Movie 1908,,Movie 1908 
2277,Movie 2277,,Movie 2277 
977,Movie 977,,Movie 977 
1145,Movie 1145,,Movie 1145 
1630,Movie 1630,,Movie 1630 
3321,Movie 3321,,Movie 3321 
3283,Movie 3283,,Movie 3283 
884,Movie 884,,Movie 884 
3085,Movie 3085,,Movie 3085 
1685,Movie 1685,,Movie 1685 
3748,Movie 3748,,Movie 3748 
1528,Movie 1528,,Movie 1528 
2591,Movie 2591,,Movie 2591 
3595,Movie 3595,,Movie 3595 
815,Movie 815,,Movie 815 
2254,Movie 2254,,Movie 2254 
2299,Movie 2299,,Movie 2299 
1520,Movie 1520,,Movie 1520 
775,Movie 775,,Movie 775 
1420,Movie 1420,,Movie 1420 
684,Movie 684,,Movie 684 
690,Movie 690,,Movie 690 
1534,Movie 1534,,Movie 1534 
3652,Movie 3652,,Movie 3652 
3277,Movie 3277,,Movie 3277 
3666,Movie 3666,,Movie 3666 
3522,Movie 3522,,Movie 3522 
3295,Movie 3295,,Movie 3295 
557,Movie 557,,Movie 557 
3377,Movie 3377,,Movie 3377 
1107,Movie 1107,,Movie 1107 
560,Movie 560,,Movie 560 
3458,Movie 3458,,Movie 3458 
706,Movie 706,,Movie 706 
2226,Movie 2226,,Movie 2226 
1815,Movie 1815,,Movie 1815 
2444,Movie 2444,,Movie 2444 
3353,Movie 3353,,Movie 3353 
3288,Movie 3288,,Movie 3288 
3352,Movie 3352,,Movie 3352 
1770,Movie 1770,,Movie 1770 
398,Movie 398,,Movie 398 
989,Movie 989,,Movie 989 
2783,Movie 2783,,Movie 2783 
1532,Movie 1532,,Movie 1532 
966,Movie 966,,Movie 966 
874,Movie 874,,Movie 874 
1886,Movie 1886,,Movie 1886 
2592,Movie 2592,,Movie 2592 
657,Movie 657,,Movie 657 
3890,Movie 3890,,Movie 3890 
2039,Movie 2039,,Movie 2039 
749,Movie 749,,Movie 749 
3818,Movie 3818,,Movie 3818 
582,Movie 582,,Movie 582 
642,Movie 642,,Movie 642 
3297,Movie 3297,,Movie 3297 
732,Movie 732,,Movie 732 
2930,Movie 2930,,Movie 2930 
3057,Movie 3057,,Movie 3057 
3472,Movie 3472,,Movie 3472 
130,Movie 130,,Movie 130 
139,Movie 139,,Movie 139 
2955,Movie 2955,,Movie 2955 
655,Movie 655,,Movie 655 
3485,Movie 3485,,Movie 3485 
790,Movie 790,,Movie 790 
1915,Movie 1915,,Movie 1915 
2833,Movie 2833,,Movie 2833 
1714,Movie 1714,,Movie 1714 
3207,Movie 3207,,Movie 3207 
3242,Movie 3242,,Movie 3242 
3533,Movie 3533,,Movie 3533 
1851,Movie 1851,,Movie 1851 
1830,Movie 1830,,Movie 1830 
3881,Movie 3881,,Movie 3881 
2777,Movie 2777,,Movie 2777 
3443,Movie 3443,,Movie 3443 
757,Movie 757,,Movie 757 
2895,Movie 2895,,Movie 2895 
889,Movie 889,,Movie 889 
1470,Movie 1470,,Movie 1470 
981,Movie 981,,Movie 981 
679,Movie 679,,Movie 679 
3373,Movie 3373,,Movie 3373 
872,Movie 872,,Movie 872 
3381,Movie 3381,,Movie 3381 
1555,Movie 1555,,Movie 1555 
3779,Movie 3779,,Movie 3779 
791,Movie 791,,Movie 791 
3609,Movie 3609,,Movie 3609 
1430,Movie 1430,,Movie 1430 
1724,Movie 1724,,Movie 1724 
2223,Movie 2223,,Movie 2223 
3233,Movie 3233,,Movie 3233 
3237,Movie 3237,,Movie 3237 
3762,Movie 3762,,Movie 3762 
3172,Movie 3172,,Movie 3172 
3065,Movie 3065,,Movie 3065 
1139,Movie 1139,,Movie 1139 
3631,Movie 3631,,Movie 3631 
3603,Movie 3603,,Movie 3603 
3842,Movie 3842,,Movie 3842 
572,Movie 572,,Movie 572 
975,Movie 975,,Movie 975 
2213,Movie 2213,,Movie 2213 
2217,Movie 2217,,Movie 2217 
3202,Movie 3202,,Movie 3202 
3376,Movie 3376,,Movie 3376 
311,Movie 311,,Movie 311 
1905,Movie 1905,,Movie 1905 
2258,Movie 2258,,Movie 2258 
2623,Movie 2623,,Movie 2623 
3236,Movie 3236,,Movie 3236 
396,Movie 396,,Movie 396 
868,Movie 868,,Movie 868 
3413,Movie 3413,,Movie 3413 
1316,Movie 1316,,Movie 1316 
878,Movie 878,,Movie 878 
226,Movie 226,,Movie 226 
2811,Movie 2811,,Movie 2811 
827,Movie 827,,Movie 827 
1070,Movie 1070,,Movie 1070 
138,Movie 138,,Movie 138 
701,Movie 701,,Movie 701 
530,Movie 530,,Movie 530 
1820,Movie 1820,,Movie 1820 
763,Movie 763,,Movie 763 
584,Movie 584,,Movie 584 
607,Movie 607,,Movie 607 
2214,Movie 2214,,Movie 2214 
3229,Movie 3229,,Movie 3229 
820,Movie 820,,Movie 820 
3337,Movie 3337,,Movie 3337 
843,Movie 843,,Movie 843 
3336,Movie 3336,,Movie 3336 
3460,Movie 3460,,Movie 3460 
133,Movie 133,,Movie 133 
3123,Movie 3123,,Movie 3123 
1709,Movie 1709,,Movie 1709 
3290,Movie 3290,,Movie 3290 
3164,Movie 3164,,Movie 3164 
3315,Movie 3315,,Movie 3315 
1832,Movie 1832,,Movie 1832 
439,Movie 439,,Movie 439 
134,Movie 134,,Movie 134 
2480,Movie 2480,,Movie 2480 
1842,Movie 1842,,Movie 1842 
2309,Movie 2309,,Movie 2309 
3084,Movie 3084,,Movie 3084 
2218,Movie 2218,,Movie 2218 
2308,Movie 2308,,Movie 2308 
624,Movie 624,,Movie 624 
1434,Movie 1434,,Movie 1434 
1868,Movie 1868,,Movie 1868 
404,Movie 404,,Movie 404 
2543,Movie 2543,,Movie 2543 
591,Movie 591,,Movie 591 
3656,Movie 3656,,Movie 3656 
2438,Movie 2438,,Movie 2438 
127,Movie 127,,Movie 127 
3323,Movie 3323,,Movie 3323 
3382,Movie 3382,,Movie 3382 
1843,Movie 1843,,Movie 1843 
286,Movie 286,,Movie 286 
3530,Movie 3530,,Movie 3530 
2198,Movie 2198,,Movie 2198 
2703,Movie 2703,,Movie 2703 
2845,Movie 2845,,Movie 2845 
3607,Movie 3607,,Movie 3607 
2909,Movie 2909,,Movie 2909 
