user_id,movie_id,rank,interaction_count,popularity_score,popularity_rank,popularity_percentile,long_tail
1,1282,1,930,10977.32333448765,222,0.05995139076424521,False
1,1265,2,2248,30164.815200494995,23,0.006211180124223602,False
1,2470,3,899,9834.562229076122,265,0.07156359708344585,False
1,2268,4,1047,12622.669539758992,171,0.04617877396705374,False
1,2406,5,1324,15911.425497058779,105,0.02835538752362949,False
1,367,6,1152,12741.333924756256,167,0.045098568728058334,False
1,2858,7,3379,50257.027663730645,1,0.00027005130974885227,False
1,356,8,2167,29502.95296250054,26,0.0070213340534701595,False
1,2987,9,1675,20750.54196051247,55,0.014852822036186876,False
1,318,10,2205,32060.29507007315,19,0.005130974885228194,False
2,2406,1,1324,15911.425497058779,105,0.02835538752362949,False
2,3098,2,539,5791.389392963434,529,0.14285714285714285,False
2,849,3,484,4137.1956080371765,732,0.19767755873615986,False
2,1917,4,1077,11668.363657704602,199,0.0537402106400216,False
2,2470,5,899,9834.562229076122,265,0.07156359708344585,False
2,858,6,2204,31912.135776463492,20,0.0054010261949770455,False
2,466,7,556,5099.148866001355,600,0.16203078584931138,False
2,1722,8,847,9207.403508173844,289,0.07804482851741831,False
2,1208,9,1158,14810.865486380973,122,0.03294625978935998,False
2,367,10,1152,12741.333924756256,167,0.045098568728058334,False
3,2406,1,1324,15911.425497058779,105,0.02835538752362949,False
3,1610,2,1627,21203.622112881287,53,0.01431271941668917,False
3,368,3,779,8483.940453676954,329,0.0888468809073724,False
3,1517,4,1189,14124.467774987568,132,0.035646772886848505,False
3,367,5,1152,12741.333924756256,167,0.045098568728058334,False
3,356,6,2167,29502.95296250054,26,0.0070213340534701595,False
3,2194,7,1113,13673.62350752961,141,0.03807723467458817,False
3,849,8,484,4137.1956080371765,732,0.19767755873615986,False
3,1917,9,1077,11668.363657704602,199,0.0537402106400216,False
3,466,10,556,5099.148866001355,600,0.16203078584931138,False
4,2194,1,1113,13673.62350752961,141,0.03807723467458817,False
4,1610,2,1627,21203.622112881287,53,0.01431271941668917,False
4,2406,3,1324,15911.425497058779,105,0.02835538752362949,False
4,858,4,2204,31912.135776463492,20,0.0054010261949770455,False
4,589,5,2605,36165.89894183467,9,0.0024304617877396704,False
4,2640,6,1202,13938.680495319237,136,0.03672697812584391,False
4,1917,7,1077,11668.363657704602,199,0.0537402106400216,False
4,1129,8,876,9592.145647702826,274,0.07399405887118553,False
4,1221,9,1675,22862.716982968926,41,0.011072103699702943,False
4,1371,10,767,7823.062410781384,375,0.1012692411558196,False
5,1265,1,2248,30164.815200494995,23,0.006211180124223602,False
5,1060,2,777,8969.938991330382,297,0.08020523899540913,False
5,367,3,1152,12741.333924756256,167,0.045098568728058334,False
5,1784,4,1403,17648.452993612464,77,0.020793950850661626,False
5,1246,5,843,9953.935772641878,257,0.06940318660545504,False
5,2194,6,1113,13673.62350752961,141,0.03807723467458817,False
5,1584,7,1364,16659.438877757886,89,0.024034566567647853,False
5,21,8,1332,15861.790447333964,106,0.02862543883337834,False
5,2406,9,1324,15911.425497058779,105,0.02835538752362949,False
5,1393,10,1326,16137.674690050057,100,0.027005130974885227,False
6,1265,1,2248,30164.815200494995,23,0.006211180124223602,False
6,356,2,2167,29502.95296250054,26,0.0070213340534701595,False
6,2470,3,899,9834.562229076122,265,0.07156359708344585,False
6,539,4,970,11268.418336678264,210,0.05671077504725898,False
6,2671,5,766,8477.47378024496,330,0.08911693221712125,False
6,708,6,671,7027.82387859474,430,0.11612206319200648,False
6,367,7,1152,12741.333924756256,167,0.045098568728058334,False
6,1517,8,1189,14124.467774987568,132,0.035646772886848505,False
6,1246,9,843,9953.935772641878,257,0.06940318660545504,False
6,11,10,1023,12045.16513018045,185,0.049959492303537675,False
7,849,1,484,4137.1956080371765,732,0.19767755873615986,False
7,1917,2,1077,11668.363657704602,199,0.0537402106400216,False
7,2194,3,1113,13673.62350752961,141,0.03807723467458817,False
7,1385,4,454,4354.591613583601,697,0.18822576289495005,False
7,3527,5,1274,15145.18568718097,115,0.031055900621118012,False
7,2406,6,1324,15911.425497058779,105,0.02835538752362949,False
7,1831,7,634,5734.045811516156,534,0.14420739940588712,False
7,173,8,525,4377.879222400475,694,0.18741560896570347,False
7,2353,9,973,11192.615485374583,214,0.05779098028625439,False
7,1370,10,1124,12916.45219146292,163,0.04401836348906292,False
8,1246,1,843,9953.935772641878,257,0.06940318660545504,False
8,1610,2,1627,21203.622112881287,53,0.01431271941668917,False
8,318,3,2205,32060.29507007315,19,0.005130974885228194,False
8,1784,4,1403,17648.452993612464,77,0.020793950850661626,False
8,2194,5,1113,13673.62350752961,141,0.03807723467458817,False
8,3098,6,539,5791.389392963434,529,0.14285714285714285,False
8,1183,7,966,10960.909501000278,225,0.060761544693491765,False
8,367,8,1152,12741.333924756256,167,0.045098568728058334,False
8,1635,9,502,5309.273710180128,575,0.15527950310559005,False
8,356,10,2167,29502.95296250054,26,0.0070213340534701595,False
9,1610,1,1627,21203.622112881287,53,0.01431271941668917,False
9,296,2,2138,29830.80155175783,25,0.006751282743721307,False
9,356,3,2167,29502.95296250054,26,0.0070213340534701595,False
9,1246,4,843,9953.935772641878,257,0.06940318660545504,False
9,367,5,1152,12741.333924756256,167,0.045098568728058334,False
9,1517,6,1189,14124.467774987568,132,0.035646772886848505,False
9,3578,7,1859,24884.900654850804,33,0.008911693221712126,False
9,2194,8,1113,13673.62350752961,141,0.03807723467458817,False
9,858,9,2204,31912.135776463492,20,0.0054010261949770455,False
9,36,10,916,10862.61364956842,233,0.06292195517148258,False
10,2374,1,238,1935.9298656077892,1286,0.347285984337024,False
10,2406,2,1324,15911.425497058779,105,0.02835538752362949,False
10,2735,3,446,4023.1117534989953,749,0.20226843100189035,False
10,466,4,556,5099.148866001355,600,0.16203078584931138,False
10,1958,5,521,5376.900874888158,564,0.15230893869835269,False
10,3040,6,312,2828.56852054339,1014,0.2738320280853362,False
10,3033,7,882,9406.776221937542,281,0.0758844180394275,False
10,1246,8,843,9953.935772641878,257,0.06940318660545504,False
10,849,9,484,4137.1956080371765,732,0.19767755873615986,False
10,173,10,525,4377.879222400475,694,0.18741560896570347,False
11,1517,1,1189,14124.467774987568,132,0.035646772886848505,False
11,367,2,1152,12741.333924756256,167,0.045098568728058334,False
11,3253,3,1112,12868.676927414986,165,0.044558466108560624,False
11,2268,4,1047,12622.669539758992,171,0.04617877396705374,False
11,1060,5,777,8969.938991330382,297,0.08020523899540913,False
11,1641,6,1185,14406.19469979475,128,0.03456656764785309,False
11,2470,7,899,9834.562229076122,265,0.07156359708344585,False
11,2406,8,1324,15911.425497058779,105,0.02835538752362949,False
11,1246,9,843,9953.935772641878,257,0.06940318660545504,False
11,539,10,970,11268.418336678264,210,0.05671077504725898,False
12,2194,1,1113,13673.62350752961,141,0.03807723467458817,False
12,1208,2,1158,14810.865486380973,122,0.03294625978935998,False
12,318,3,2205,32060.29507007315,19,0.005130974885228194,False
12,296,4,2138,29830.80155175783,25,0.006751282743721307,False
12,2858,5,3379,50257.027663730645,1,0.00027005130974885227,False
12,2268,6,1047,12622.669539758992,171,0.04617877396705374,False
12,2406,7,1324,15911.425497058779,105,0.02835538752362949,False
12,1610,8,1627,21203.622112881287,53,0.01431271941668917,False
12,1265,9,2248,30164.815200494995,23,0.006211180124223602,False
12,1213,10,1640,22083.331234721743,44,0.0118822576289495,False
13,849,1,484,4137.1956080371765,732,0.19767755873615986,False
13,2406,2,1324,15911.425497058779,105,0.02835538752362949,False
13,1917,3,1077,11668.363657704602,199,0.0537402106400216,False
13,173,4,525,4377.879222400475,694,0.18741560896570347,False
13,2470,5,899,9834.562229076122,265,0.07156359708344585,False
13,1371,6,767,7823.062410781384,375,0.1012692411558196,False
13,1385,7,454,4354.591613583601,697,0.18822576289495005,False
13,3527,8,1274,15145.18568718097,115,0.031055900621118012,False
13,1831,9,634,5734.045811516156,534,0.14420739940588712,False
13,2641,10,834,8649.795340226987,319,0.08614636780988388,False
14,1265,1,2248,30164.815200494995,23,0.006211180124223602,False
14,318,2,2205,32060.29507007315,19,0.005130974885228194,False
14,356,3,2167,29502.95296250054,26,0.0070213340534701595,False
14,2268,4,1047,12622.669539758992,171,0.04617877396705374,False
14,1089,5,1243,15811.006137632434,107,0.028895490143127193,False
14,2395,6,1202,14591.197277188907,126,0.034026465028355386,False
14,1517,7,1189,14124.467774987568,132,0.035646772886848505,False
14,858,8,2204,31912.135776463492,20,0.0054010261949770455,False
14,1610,9,1627,21203.622112881287,53,0.01431271941668917,False
14,367,10,1152,12741.333924756256,167,0.045098568728058334,False
15,849,1,484,4137.1956080371765,732,0.19767755873615986,False
15,1517,2,1189,14124.467774987568,132,0.035646772886848505,False
15,1917,3,1077,11668.363657704602,199,0.0537402106400216,False
15,2406,4,1324,15911.425497058779,105,0.02835538752362949,False
15,466,5,556,5099.148866001355,600,0.16203078584931138,False
15,2194,6,1113,13673.62350752961,141,0.03807723467458817,False
15,2470,7,899,9834.562229076122,265,0.07156359708344585,False
15,1246,8,843,9953.935772641878,257,0.06940318660545504,False
15,1385,9,454,4354.591613583601,697,0.18822576289495005,False
15,1089,10,1243,15811.006137632434,107,0.028895490143127193,False
16,2706,1,1357,16438.374532125355,93,0.025114771806643264,False
16,2598,2,526,4962.056034307624,618,0.1668917094247907,False
16,785,3,755,8106.09460306757,358,0.09667836889008911,False
16,2395,4,1202,14591.197277188907,126,0.034026465028355386,False
16,2858,5,3379,50257.027663730645,1,0.00027005130974885227,False
16,2694,6,768,7831.239707562402,374,0.10099918984607076,False
16,2987,7,1675,20750.54196051247,55,0.014852822036186876,False
16,2997,8,2207,30287.330109496044,22,0.00594112881447475,False
16,1517,9,1189,14124.467774987568,132,0.035646772886848505,False
16,1513,10,747,7474.356663622172,400,0.10802052389954091,False
17,849,1,484,4137.1956080371765,732,0.19767755873615986,False
17,1037,2,589,5340.162563385103,570,0.1539292465568458,False
17,1371,3,767,7823.062410781384,375,0.1012692411558196,False
17,1917,4,1077,11668.363657704602,199,0.0537402106400216,False
17,1831,5,634,5734.045811516156,534,0.14420739940588712,False
17,173,6,525,4377.879222400475,694,0.18741560896570347,False
17,2968,7,992,11463.838815645044,204,0.05509046718876587,False
17,2641,8,834,8649.795340226987,319,0.08614636780988388,False
17,2406,9,1324,15911.425497058779,105,0.02835538752362949,False
17,1372,10,989,10939.760039802017,227,0.06130164731298947,False
18,2406,1,1324,15911.425497058779,105,0.02835538752362949,False
18,849,2,484,4137.1956080371765,732,0.19767755873615986,False
18,173,3,525,4377.879222400475,694,0.18741560896570347,False
18,1610,4,1627,21203.622112881287,53,0.01431271941668917,False
18,1917,5,1077,11668.363657704602,199,0.0537402106400216,False
18,2376,6,320,2891.4920026881377,997,0.2692411558196057,False
18,1385,7,454,4354.591613583601,697,0.18822576289495005,False
18,1831,8,634,5734.045811516156,534,0.14420739940588712,False
18,1037,9,589,5340.162563385103,570,0.1539292465568458,False
18,2374,10,238,1935.9298656077892,1286,0.347285984337024,False
19,2406,1,1324,15911.425497058779,105,0.02835538752362949,False
19,849,2,484,4137.1956080371765,732,0.19767755873615986,False
19,2470,3,899,9834.562229076122,265,0.07156359708344585,False
19,2003,4,768,8005.673345511925,362,0.09775857412908452,False
19,1917,5,1077,11668.363657704602,199,0.0537402106400216,False
19,2194,6,1113,13673.62350752961,141,0.03807723467458817,False
19,466,7,556,5099.148866001355,600,0.16203078584931138,False
19,173,8,525,4377.879222400475,694,0.18741560896570347,False
19,1831,9,634,5734.045811516156,534,0.14420739940588712,False
19,367,10,1152,12741.333924756256,167,0.045098568728058334,False
20,1610,1,1627,21203.622112881287,53,0.01431271941668917,False
20,849,2,484,4137.1956080371765,732,0.19767755873615986,False
20,1917,3,1077,11668.363657704602,199,0.0537402106400216,False
20,2194,4,1113,13673.62350752961,141,0.03807723467458817,False
20,1831,5,634,5734.045811516156,534,0.14420739940588712,False
20,2406,6,1324,15911.425497058779,105,0.02835538752362949,False
20,1214,7,1991,27073.43255393762,31,0.00837159060221442,False
20,173,8,525,4377.879222400475,694,0.18741560896570347,False
20,1037,9,589,5340.162563385103,570,0.1539292465568458,False
20,1385,10,454,4354.591613583601,697,0.18822576289495005,False
21,595,1,1053,12612.15008513157,173,0.046718876586551446,False
21,3114,2,1540,20413.05958902524,56,0.015122873345935728,False
21,1282,3,930,10977.32333448765,222,0.05995139076424521,False
21,367,4,1152,12741.333924756256,167,0.045098568728058334,False
21,3175,5,1697,21376.390399979813,49,0.013232514177693762,False
21,1517,6,1189,14124.467774987568,132,0.035646772886848505,False
21,2470,7,899,9834.562229076122,265,0.07156359708344585,False
21,1917,8,1077,11668.363657704602,199,0.0537402106400216,False
21,356,9,2167,29502.95296250054,26,0.0070213340534701595,False
21,2699,10,1333,14386.47750003128,129,0.03483661895760194,False
22,367,1,1152,12741.333924756256,167,0.045098568728058334,False
22,1610,2,1627,21203.622112881287,53,0.01431271941668917,False
22,1831,3,634,5734.045811516156,534,0.14420739940588712,False
22,2735,4,446,4023.1117534989953,749,0.20226843100189035,False
22,836,5,228,1751.0169156453537,1365,0.3686200378071834,False
22,3087,6,509,5141.8302460362265,596,0.16095058061031595,False
22,2194,7,1113,13673.62350752961,141,0.03807723467458817,False
22,1722,8,847,9207.403508173844,289,0.07804482851741831,False
22,3274,9,430,3988.466069243214,759,0.20496894409937888,False
22,356,10,2167,29502.95296250054,26,0.0070213340534701595,False
23,849,1,484,4137.1956080371765,732,0.19767755873615986,False
23,2406,2,1324,15911.425497058779,105,0.02835538752362949,False
23,1037,3,589,5340.162563385103,570,0.1539292465568458,False
23,1831,4,634,5734.045811516156,534,0.14420739940588712,False
23,1917,5,1077,11668.363657704602,199,0.0537402106400216,False
23,173,6,525,4377.879222400475,694,0.18741560896570347,False
23,1371,7,767,7823.062410781384,375,0.1012692411558196,False
23,2470,8,899,9834.562229076122,265,0.07156359708344585,False
23,2194,9,1113,13673.62350752961,141,0.03807723467458817,False
23,3033,10,882,9406.776221937542,281,0.0758844180394275,False
24,2470,1,899,9834.562229076122,265,0.07156359708344585,False
24,1246,2,843,9953.935772641878,257,0.06940318660545504,False
24,356,3,2167,29502.95296250054,26,0.0070213340534701595,False
24,1517,4,1189,14124.467774987568,132,0.035646772886848505,False
24,367,5,1152,12741.333924756256,167,0.045098568728058334,False
24,2194,6,1113,13673.62350752961,141,0.03807723467458817,False
24,2268,7,1047,12622.669539758992,171,0.04617877396705374,False
24,3098,8,539,5791.389392963434,529,0.14285714285714285,False
24,2000,9,1601,20342.080655839327,57,0.01539292465568458,False
24,2374,10,238,1935.9298656077892,1286,0.347285984337024,False
25,849,1,484,4137.1956080371765,732,0.19767755873615986,False
25,173,2,525,4377.879222400475,694,0.18741560896570347,False
25,1037,3,589,5340.162563385103,570,0.1539292465568458,False
25,3527,4,1274,15145.18568718097,115,0.031055900621118012,False
25,2406,5,1324,15911.425497058779,105,0.02835538752362949,False
25,466,6,556,5099.148866001355,600,0.16203078584931138,False
25,379,7,414,3692.3205936413024,806,0.21766135565757494,False
25,1584,8,1364,16659.438877757886,89,0.024034566567647853,False
25,2470,9,899,9834.562229076122,265,0.07156359708344585,False
25,367,10,1152,12741.333924756256,167,0.045098568728058334,False
26,2374,1,238,1935.9298656077892,1286,0.347285984337024,False
26,2735,2,446,4023.1117534989953,749,0.20226843100189035,False
26,3087,3,509,5141.8302460362265,596,0.16095058061031595,False
26,371,4,210,1736.6779643129837,1372,0.3705103969754253,False
26,520,5,359,3138.7649747707956,932,0.2516878206859303,False
26,2472,6,92,623.2324303085727,2067,0.5581960572508776,False
26,2252,7,183,1432.8035994030688,1495,0.40372670807453415,False
26,3243,8,288,2248.1547885086075,1171,0.316230083715906,False
26,2396,9,2328,32158.311532912776,18,0.004860923575479341,False
26,1784,10,1403,17648.452993612464,77,0.020793950850661626,False
27,3504,1,678,7762.799452358628,381,0.10288954901431271,False
27,1208,2,1158,14810.865486380973,122,0.03294625978935998,False
27,1234,3,1030,13066.52425452494,156,0.04212800432082096,False
27,904,4,1039,13489.29063272895,148,0.039967593842830135,False
27,2406,5,1324,15911.425497058779,105,0.02835538752362949,False
27,1221,6,1675,22862.716982968926,41,0.011072103699702943,False
27,1244,7,708,8232.71579415292,347,0.09370780448285174,False
27,111,8,1229,15718.304403803608,109,0.029435592762624897,False
27,750,9,1351,18151.316431061976,71,0.01917364299216851,False
27,2470,10,899,9834.562229076122,265,0.07156359708344585,False
28,2406,1,1324,15911.425497058779,105,0.02835538752362949,False
28,1246,2,843,9953.935772641878,257,0.06940318660545504,False
28,2470,3,899,9834.562229076122,265,0.07156359708344585,False
28,2194,4,1113,13673.62350752961,141,0.03807723467458817,False
28,356,5,2167,29502.95296250054,26,0.0070213340534701595,False
28,2268,6,1047,12622.669539758992,171,0.04617877396705374,False
28,1610,7,1627,21203.622112881287,53,0.01431271941668917,False
28,3098,8,539,5791.389392963434,529,0.14285714285714285,False
28,858,9,2204,31912.135776463492,20,0.0054010261949770455,False
28,367,10,1152,12741.333924756256,167,0.045098568728058334,False
29,2194,1,1113,13673.62350752961,141,0.03807723467458817,False
29,2376,2,320,2891.4920026881377,997,0.2692411558196057,False
29,849,3,484,4137.1956080371765,732,0.19767755873615986,False
29,1385,4,454,4354.591613583601,697,0.18822576289495005,False
29,1917,5,1077,11668.363657704602,199,0.0537402106400216,False
29,2640,6,1202,13938.680495319237,136,0.03672697812584391,False
29,1371,7,767,7823.062410781384,375,0.1012692411558196,False
29,173,8,525,4377.879222400475,694,0.18741560896570347,False
29,1372,9,989,10939.760039802017,227,0.06130164731298947,False
29,2641,10,834,8649.795340226987,319,0.08614636780988388,False
30,2268,1,1047,12622.669539758992,171,0.04617877396705374,False
30,36,2,916,10862.61364956842,233,0.06292195517148258,False
30,1089,3,1243,15811.006137632434,107,0.028895490143127193,False
30,1246,4,843,9953.935772641878,257,0.06940318660545504,False
30,858,5,2204,31912.135776463492,20,0.0054010261949770455,False
30,1635,6,502,5309.273710180128,575,0.15527950310559005,False
30,1208,7,1158,14810.865486380973,122,0.03294625978935998,False
30,1610,8,1627,21203.622112881287,53,0.01431271941668917,False
30,3098,9,539,5791.389392963434,529,0.14285714285714285,False
30,1393,10,1326,16137.674690050057,100,0.027005130974885227,False
31,2470,1,899,9834.562229076122,265,0.07156359708344585,False
31,2406,2,1324,15911.425497058779,105,0.02835538752362949,False
31,1517,3,1189,14124.467774987568,132,0.035646772886848505,False
31,3087,4,509,5141.8302460362265,596,0.16095058061031595,False
31,2003,5,768,8005.673345511925,362,0.09775857412908452,False
31,2100,6,1150,13032.466469726762,158,0.04266810694031866,False
31,2374,7,238,1935.9298656077892,1286,0.347285984337024,False
31,1958,8,521,5376.900874888158,564,0.15230893869835269,False
31,3253,9,1112,12868.676927414986,165,0.044558466108560624,False
31,1394,10,1415,18033.772112157483,72,0.019443694301917364,False
32,1610,1,1627,21203.622112881287,53,0.01431271941668917,False
32,1089,2,1243,15811.006137632434,107,0.028895490143127193,False
32,1265,3,2248,30164.815200494995,23,0.006211180124223602,False
32,2268,4,1047,12622.669539758992,171,0.04617877396705374,False
32,318,5,2205,32060.29507007315,19,0.005130974885228194,False
32,296,6,2138,29830.80155175783,25,0.006751282743721307,False
32,356,7,2167,29502.95296250054,26,0.0070213340534701595,False
32,367,8,1152,12741.333924756256,167,0.045098568728058334,False
32,1246,9,843,9953.935772641878,257,0.06940318660545504,False
32,2194,10,1113,13673.62350752961,141,0.03807723467458817,False
33,2374,1,238,1935.9298656077892,1286,0.347285984337024,False
33,2470,2,899,9834.562229076122,265,0.07156359708344585,False
33,2003,3,768,8005.673345511925,362,0.09775857412908452,False
33,2240,4,234,2078.7371845103885,1227,0.33135295706184176,False
33,2420,5,487,4839.279068525698,641,0.17310288954901432,False
33,849,6,484,4137.1956080371765,732,0.19767755873615986,False
33,2376,7,320,2891.4920026881377,997,0.2692411558196057,False
33,1186,8,549,5726.250837490564,537,0.14501755333513366,False
33,2735,9,446,4023.1117534989953,749,0.20226843100189035,False
33,2028,10,2630,37989.57541173838,5,0.0013502565487442614,False
34,2470,1,899,9834.562229076122,265,0.07156359708344585,False
34,1265,2,2248,30164.815200494995,23,0.006211180124223602,False
34,1517,3,1189,14124.467774987568,132,0.035646772886848505,False
34,2003,4,768,8005.673345511925,362,0.09775857412908452,False
34,2374,5,238,1935.9298656077892,1286,0.347285984337024,False
34,367,6,1152,12741.333924756256,167,0.045098568728058334,False
34,3254,7,430,3838.3298940131463,781,0.21091007291385364,False
34,1663,8,734,8277.8875736377,341,0.09208749662435863,False
34,1958,9,521,5376.900874888158,564,0.15230893869835269,False
34,3040,10,312,2828.56852054339,1014,0.2738320280853362,False
35,3098,1,539,5791.389392963434,529,0.14285714285714285,False
35,1246,2,843,9953.935772641878,257,0.06940318660545504,False
35,2406,3,1324,15911.425497058779,105,0.02835538752362949,False
35,1265,4,2248,30164.815200494995,23,0.006211180124223602,False
35,2470,5,899,9834.562229076122,265,0.07156359708344585,False
35,1958,6,521,5376.900874888158,564,0.15230893869835269,False
35,1208,7,1158,14810.865486380973,122,0.03294625978935998,False
35,3504,8,678,7762.799452358628,381,0.10288954901431271,False
35,2194,9,1113,13673.62350752961,141,0.03807723467458817,False
35,356,10,2167,29502.95296250054,26,0.0070213340534701595,False
36,2374,1,238,1935.9298656077892,1286,0.347285984337024,False
36,2470,2,899,9834.562229076122,265,0.07156359708344585,False
36,849,3,484,4137.1956080371765,732,0.19767755873615986,False
36,2735,4,446,4023.1117534989953,749,0.20226843100189035,False
36,2003,5,768,8005.673345511925,362,0.09775857412908452,False
36,367,6,1152,12741.333924756256,167,0.045098568728058334,False
36,1246,7,843,9953.935772641878,257,0.06940318660545504,False
36,3254,8,430,3838.3298940131463,781,0.21091007291385364,False
36,2376,9,320,2891.4920026881377,997,0.2692411558196057,False
36,2268,10,1047,12622.669539758992,171,0.04617877396705374,False
37,539,1,970,11268.418336678264,210,0.05671077504725898,False
37,2470,2,899,9834.562229076122,265,0.07156359708344585,False
37,367,3,1152,12741.333924756256,167,0.045098568728058334,False
37,1517,4,1189,14124.467774987568,132,0.035646772886848505,False
37,11,5,1023,12045.16513018045,185,0.049959492303537675,False
37,1393,6,1326,16137.674690050057,100,0.027005130974885227,False
37,2003,7,768,8005.673345511925,362,0.09775857412908452,False
37,1088,8,670,6879.768977779068,443,0.11963273021874156,False
37,588,9,1336,16327.279898761482,95,0.025654874426140967,False
37,3253,10,1112,12868.676927414986,165,0.044558466108560624,False
38,1265,1,2248,30164.815200494995,23,0.006211180124223602,False
38,11,2,1023,12045.16513018045,185,0.049959492303537675,False
38,1784,3,1403,17648.452993612464,77,0.020793950850661626,False
38,195,4,159,1177.4403251342478,1657,0.4474750202538482,False
38,2406,5,1324,15911.425497058779,105,0.02835538752362949,False
38,367,6,1152,12741.333924756256,167,0.045098568728058334,False
38,1517,7,1189,14124.467774987568,132,0.035646772886848505,False
38,2268,8,1047,12622.669539758992,171,0.04617877396705374,False
38,351,9,252,2213.355795491008,1182,0.3192006481231434,False
38,2470,10,899,9834.562229076122,265,0.07156359708344585,False
39,2699,1,1333,14386.47750003128,129,0.03483661895760194,False
39,1265,2,2248,30164.815200494995,23,0.006211180124223602,False
39,1517,3,1189,14124.467774987568,132,0.035646772886848505,False
39,2987,4,1675,20750.54196051247,55,0.014852822036186876,False
39,356,5,2167,29502.95296250054,26,0.0070213340534701595,False
39,367,6,1152,12741.333924756256,167,0.045098568728058334,False
39,2598,7,526,4962.056034307624,618,0.1668917094247907,False
39,1784,8,1403,17648.452993612464,77,0.020793950850661626,False
39,3052,9,975,11266.50738831163,211,0.05698082635700783,False
39,3408,10,1267,15537.228995551348,113,0.03051579800162031,False
40,2470,1,899,9834.562229076122,265,0.07156359708344585,False
40,849,2,484,4137.1956080371765,732,0.19767755873615986,False
40,1371,3,767,7823.062410781384,375,0.1012692411558196,False
40,2641,4,834,8649.795340226987,319,0.08614636780988388,False
40,1917,5,1077,11668.363657704602,199,0.0537402106400216,False
40,466,6,556,5099.148866001355,600,0.16203078584931138,False
40,1610,7,1627,21203.622112881287,53,0.01431271941668917,False
40,2735,8,446,4023.1117534989953,749,0.20226843100189035,False
40,2194,9,1113,13673.62350752961,141,0.03807723467458817,False
40,2640,10,1202,13938.680495319237,136,0.03672697812584391,False
41,2406,1,1324,15911.425497058779,105,0.02835538752362949,False
41,849,2,484,4137.1956080371765,732,0.19767755873615986,False
41,2470,3,899,9834.562229076122,265,0.07156359708344585,False
41,1610,4,1627,21203.622112881287,53,0.01431271941668917,False
41,1917,5,1077,11668.363657704602,199,0.0537402106400216,False
41,367,6,1152,12741.333924756256,167,0.045098568728058334,False
41,2003,7,768,8005.673345511925,362,0.09775857412908452,False
41,356,8,2167,29502.95296250054,26,0.0070213340534701595,False
41,1246,9,843,9953.935772641878,257,0.06940318660545504,False
41,1214,10,1991,27073.43255393762,31,0.00837159060221442,False
42,849,1,484,4137.1956080371765,732,0.19767755873615986,False
42,2470,2,899,9834.562229076122,265,0.07156359708344585,False
42,2376,3,320,2891.4920026881377,997,0.2692411558196057,False
42,1882,4,457,3729.7316158295102,800,0.21604104779908181,False
42,2194,5,1113,13673.62350752961,141,0.03807723467458817,False
42,1385,6,454,4354.591613583601,697,0.18822576289495005,False
42,2735,7,446,4023.1117534989953,749,0.20226843100189035,False
42,466,8,556,5099.148866001355,600,0.16203078584931138,False
42,368,9,779,8483.940453676954,329,0.0888468809073724,False
42,836,10,228,1751.0169156453537,1365,0.3686200378071834,False
43,1265,1,2248,30164.815200494995,23,0.006211180124223602,False
43,2858,2,3379,50257.027663730645,1,0.00027005130974885227,False
43,1517,3,1189,14124.467774987568,132,0.035646772886848505,False
43,2395,4,1202,14591.197277188907,126,0.034026465028355386,False
43,2355,5,1677,21334.909548900763,50,0.013502565487442613,False
43,2406,6,1324,15911.425497058779,105,0.02835538752362949,False
43,367,7,1152,12741.333924756256,167,0.045098568728058334,False
43,2470,8,899,9834.562229076122,265,0.07156359708344585,False
43,2987,9,1675,20750.54196051247,55,0.014852822036186876,False
43,708,10,671,7027.82387859474,430,0.11612206319200648,False
44,849,1,484,4137.1956080371765,732,0.19767755873615986,False
44,367,2,1152,12741.333924756256,167,0.045098568728058334,False
44,1917,3,1077,11668.363657704602,199,0.0537402106400216,False
44,1610,4,1627,21203.622112881287,53,0.01431271941668917,False
44,2003,5,768,8005.673345511925,362,0.09775857412908452,False
44,1371,6,767,7823.062410781384,375,0.1012692411558196,False
44,173,7,525,4377.879222400475,694,0.18741560896570347,False
44,3527,8,1274,15145.18568718097,115,0.031055900621118012,False
44,368,9,779,8483.940453676954,329,0.0888468809073724,False
44,466,10,556,5099.148866001355,600,0.16203078584931138,False
45,2470,1,899,9834.562229076122,265,0.07156359708344585,False
45,2374,2,238,1935.9298656077892,1286,0.347285984337024,False
45,1517,3,1189,14124.467774987568,132,0.035646772886848505,False
45,3254,4,430,3838.3298940131463,781,0.21091007291385364,False
45,356,5,2167,29502.95296250054,26,0.0070213340534701595,False
45,367,6,1152,12741.333924756256,167,0.045098568728058334,False
45,2003,7,768,8005.673345511925,362,0.09775857412908452,False
45,3040,8,312,2828.56852054339,1014,0.2738320280853362,False
45,520,9,359,3138.7649747707956,932,0.2516878206859303,False
45,351,10,252,2213.355795491008,1182,0.3192006481231434,False
46,2368,1,54,251.46015737333758,2569,0.6937618147448015,False
46,2868,2,60,329.8976275999082,2428,0.6556845800702134,False
46,2513,3,298,2533.8471683721605,1083,0.29246556845800703,False
46,2003,4,768,8005.673345511925,362,0.09775857412908452,False
46,1996,5,106,599.2902980197395,2091,0.5646772886848501,False
46,2878,6,31,142.0951720147888,2853,0.7704563867134756,False
46,2119,7,134,865.7809983943828,1846,0.4985147177963813,False
46,2122,8,223,1639.728753712077,1411,0.38104239805563056,False
46,2787,9,160,1199.2114301363333,1644,0.44396435322711314,False
46,3837,10,87,574.2184464568301,2118,0.5719686740480692,False
47,296,1,2138,29830.80155175783,25,0.006751282743721307,False
47,2268,2,1047,12622.669539758992,171,0.04617877396705374,False
47,1246,3,843,9953.935772641878,257,0.06940318660545504,False
47,2858,4,3379,50257.027663730645,1,0.00027005130974885227,False
47,111,5,1229,15718.304403803608,109,0.029435592762624897,False
47,3098,6,539,5791.389392963434,529,0.14285714285714285,False
47,2194,7,1113,13673.62350752961,141,0.03807723467458817,False
47,1265,8,2248,30164.815200494995,23,0.006211180124223602,False
47,1617,9,2242,31203.69208998335,21,0.005671077504725898,False
47,953,10,718,8613.709447935711,322,0.08695652173913043,False
48,2374,1,238,1935.9298656077892,1286,0.347285984337024,False
48,2735,2,446,4023.1117534989953,749,0.20226843100189035,False
48,849,3,484,4137.1956080371765,732,0.19767755873615986,False
48,3087,4,509,5141.8302460362265,596,0.16095058061031595,False
48,3040,5,312,2828.56852054339,1014,0.2738320280853362,False
48,1958,6,521,5376.900874888158,564,0.15230893869835269,False
48,1246,7,843,9953.935772641878,257,0.06940318660545504,False
48,2472,8,92,623.2324303085727,2067,0.5581960572508776,False
48,2000,9,1601,20342.080655839327,57,0.01539292465568458,False
48,371,10,210,1736.6779643129837,1372,0.3705103969754253,False
49,1610,1,1627,21203.622112881287,53,0.01431271941668917,False
49,849,2,484,4137.1956080371765,732,0.19767755873615986,False
49,1917,3,1077,11668.363657704602,199,0.0537402106400216,False
49,2406,4,1324,15911.425497058779,105,0.02835538752362949,False
49,3527,5,1274,15145.18568718097,115,0.031055900621118012,False
49,1385,6,454,4354.591613583601,697,0.18822576289495005,False
49,173,7,525,4377.879222400475,694,0.18741560896570347,False
49,1831,8,634,5734.045811516156,534,0.14420739940588712,False
49,1722,9,847,9207.403508173844,289,0.07804482851741831,False
49,1214,10,1991,27073.43255393762,31,0.00837159060221442,False
50,3481,1,1327,16545.6810310812,90,0.024304617877396704,False
50,356,2,2167,29502.95296250054,26,0.0070213340534701595,False
50,1265,3,2248,30164.815200494995,23,0.006211180124223602,False
50,2268,4,1047,12622.669539758992,171,0.04617877396705374,False
50,70,5,897,9391.034864325338,282,0.07615446934917634,False
50,367,6,1152,12741.333924756256,167,0.045098568728058334,False
50,1517,7,1189,14124.467774987568,132,0.035646772886848505,False
50,1259,8,1755,23260.316415956328,39,0.01053200108020524,False
50,3408,9,1267,15537.228995551348,113,0.03051579800162031,False
50,1784,10,1403,17648.452993612464,77,0.020793950850661626,False
51,356,1,2167,29502.95296250054,26,0.0070213340534701595,False
51,1784,2,1403,17648.452993612464,77,0.020793950850661626,False
51,2997,3,2207,30287.330109496044,22,0.00594112881447475,False
51,367,4,1152,12741.333924756256,167,0.045098568728058334,False
51,3253,5,1112,12868.676927414986,165,0.044558466108560624,False
51,1641,6,1185,14406.19469979475,128,0.03456656764785309,False
51,2355,7,1677,21334.909548900763,50,0.013502565487442613,False
51,1060,8,777,8969.938991330382,297,0.08020523899540913,False
51,3052,9,975,11266.50738831163,211,0.05698082635700783,False
51,3481,10,1327,16545.6810310812,90,0.024304617877396704,False
52,849,1,484,4137.1956080371765,732,0.19767755873615986,False
52,1917,2,1077,11668.363657704602,199,0.0537402106400216,False
52,1722,3,847,9207.403508173844,289,0.07804482851741831,False
52,466,4,556,5099.148866001355,600,0.16203078584931138,False
52,2273,5,613,6461.724895180098,469,0.1266540642722117,False
52,3256,6,1036,12140.000461787271,184,0.049689440993788817,False
52,1831,7,634,5734.045811516156,534,0.14420739940588712,False
52,836,8,228,1751.0169156453537,1365,0.3686200378071834,False
52,1479,9,549,5376.050373048992,565,0.15257899000810154,False
52,173,10,525,4377.879222400475,694,0.18741560896570347,False
53,2374,1,238,1935.9298656077892,1286,0.347285984337024,False
53,2470,2,899,9834.562229076122,265,0.07156359708344585,False
53,2735,3,446,4023.1117534989953,749,0.20226843100189035,False
53,466,4,556,5099.148866001355,600,0.16203078584931138,False
53,2406,5,1324,15911.425497058779,105,0.02835538752362949,False
53,3254,6,430,3838.3298940131463,781,0.21091007291385364,False
53,1958,7,521,5376.900874888158,564,0.15230893869835269,False
53,371,8,210,1736.6779643129837,1372,0.3705103969754253,False
53,836,9,228,1751.0169156453537,1365,0.3686200378071834,False
53,1488,10,281,2321.644759691034,1148,0.31001890359168244,False
54,1265,1,2248,30164.815200494995,23,0.006211180124223602,False
54,1294,2,1086,13517.440511248858,145,0.03915743991358358,False
54,1244,3,708,8232.71579415292,347,0.09370780448285174,False
54,2406,4,1324,15911.425497058779,105,0.02835538752362949,False
54,2858,5,3379,50257.027663730645,1,0.00027005130974885227,False
54,2470,6,899,9834.562229076122,265,0.07156359708344585,False
54,1663,7,734,8277.8875736377,341,0.09208749662435863,False
54,3035,8,413,4447.089088683082,686,0.18525519848771266,False
54,1208,9,1158,14810.865486380973,122,0.03294625978935998,False
54,1259,10,1755,23260.316415956328,39,0.01053200108020524,False
55,2268,1,1047,12622.669539758992,171,0.04617877396705374,False
55,1246,2,843,9953.935772641878,257,0.06940318660545504,False
55,2858,3,3379,50257.027663730645,1,0.00027005130974885227,False
55,1610,4,1627,21203.622112881287,53,0.01431271941668917,False
55,1089,5,1243,15811.006137632434,107,0.028895490143127193,False
55,36,6,916,10862.61364956842,233,0.06292195517148258,False
55,2194,7,1113,13673.62350752961,141,0.03807723467458817,False
55,858,8,2204,31912.135776463492,20,0.0054010261949770455,False
55,3098,9,539,5791.389392963434,529,0.14285714285714285,False
55,1208,10,1158,14810.865486380973,122,0.03294625978935998,False
56,2268,1,1047,12622.669539758992,171,0.04617877396705374,False
56,1265,2,2248,30164.815200494995,23,0.006211180124223602,False
56,1784,3,1403,17648.452993612464,77,0.020793950850661626,False
56,356,4,2167,29502.95296250054,26,0.0070213340534701595,False
56,1517,5,1189,14124.467774987568,132,0.035646772886848505,False
56,1610,6,1627,21203.622112881287,53,0.01431271941668917,False
56,367,7,1152,12741.333924756256,167,0.045098568728058334,False
56,1246,8,843,9953.935772641878,257,0.06940318660545504,False
56,2194,9,1113,13673.62350752961,141,0.03807723467458817,False
56,1393,10,1326,16137.674690050057,100,0.027005130974885227,False
57,367,1,1152,12741.333924756256,167,0.045098568728058334,False
57,1517,2,1189,14124.467774987568,132,0.035646772886848505,False
57,1610,3,1627,21203.622112881287,53,0.01431271941668917,False
57,849,4,484,4137.1956080371765,732,0.19767755873615986,False
57,2406,5,1324,15911.425497058779,105,0.02835538752362949,False
57,1265,6,2248,30164.815200494995,23,0.006211180124223602,False
57,2194,7,1113,13673.62350752961,141,0.03807723467458817,False
57,356,8,2167,29502.95296250054,26,0.0070213340534701595,False
57,1917,9,1077,11668.363657704602,199,0.0537402106400216,False
57,3481,10,1327,16545.6810310812,90,0.024304617877396704,False
58,2374,1,238,1935.9298656077892,1286,0.347285984337024,False
58,849,2,484,4137.1956080371765,732,0.19767755873615986,False
58,2470,3,899,9834.562229076122,265,0.07156359708344585,False
58,173,4,525,4377.879222400475,694,0.18741560896570347,False
58,466,5,556,5099.148866001355,600,0.16203078584931138,False
58,2003,6,768,8005.673345511925,362,0.09775857412908452,False
58,2376,7,320,2891.4920026881377,997,0.2692411558196057,False
58,1917,8,1077,11668.363657704602,199,0.0537402106400216,False
58,3254,9,430,3838.3298940131463,781,0.21091007291385364,False
58,1882,10,457,3729.7316158295102,800,0.21604104779908181,False
59,3098,1,539,5791.389392963434,529,0.14285714285714285,False
59,3504,2,678,7762.799452358628,381,0.10288954901431271,False
59,2194,3,1113,13673.62350752961,141,0.03807723467458817,False
59,2268,4,1047,12622.669539758992,171,0.04617877396705374,False
59,953,5,718,8613.709447935711,322,0.08695652173913043,False
59,858,6,2204,31912.135776463492,20,0.0054010261949770455,False
59,1958,7,521,5376.900874888158,564,0.15230893869835269,False
59,1186,8,549,5726.250837490564,537,0.14501755333513366,False
59,2470,9,899,9834.562229076122,265,0.07156359708344585,False
59,111,10,1229,15718.304403803608,109,0.029435592762624897,False
60,849,1,484,4137.1956080371765,732,0.19767755873615986,False
60,1917,2,1077,11668.363657704602,199,0.0537402106400216,False
60,2406,3,1324,15911.425497058779,105,0.02835538752362949,False
60,1610,4,1627,21203.622112881287,53,0.01431271941668917,False
60,367,5,1152,12741.333924756256,167,0.045098568728058334,False
60,2470,6,899,9834.562229076122,265,0.07156359708344585,False
60,173,7,525,4377.879222400475,694,0.18741560896570347,False
60,466,8,556,5099.148866001355,600,0.16203078584931138,False
60,1265,9,2248,30164.815200494995,23,0.006211180124223602,False
60,733,10,1323,15999.609648258094,103,0.027815284904131786,False
61,1610,1,1627,21203.622112881287,53,0.01431271941668917,False
61,1917,2,1077,11668.363657704602,199,0.0537402106400216,False
61,648,3,1491,17515.14408729541,80,0.021604104779908182,False
61,367,4,1152,12741.333924756256,167,0.045098568728058334,False
61,1831,5,634,5734.045811516156,534,0.14420739940588712,False
61,466,6,556,5099.148866001355,600,0.16203078584931138,False
61,849,7,484,4137.1956080371765,732,0.19767755873615986,False
61,3752,8,535,5044.588697799586,608,0.1641911963273022,False
61,1385,9,454,4354.591613583601,697,0.18822576289495005,False
61,3481,10,1327,16545.6810310812,90,0.024304617877396704,False
62,2374,1,238,1935.9298656077892,1286,0.347285984337024,False
62,3098,2,539,5791.389392963434,529,0.14285714285714285,False
62,2470,3,899,9834.562229076122,265,0.07156359708344585,False
62,2240,4,234,2078.7371845103885,1227,0.33135295706184176,False
62,2420,5,487,4839.279068525698,641,0.17310288954901432,False
62,3254,6,430,3838.3298940131463,781,0.21091007291385364,False
62,2735,7,446,4023.1117534989953,749,0.20226843100189035,False
62,3040,8,312,2828.56852054339,1014,0.2738320280853362,False
62,1186,9,549,5726.250837490564,537,0.14501755333513366,False
62,466,10,556,5099.148866001355,600,0.16203078584931138,False
63,2355,1,1677,21334.909548900763,50,0.013502565487442613,False
63,1517,2,1189,14124.467774987568,132,0.035646772886848505,False
63,1265,3,2248,30164.815200494995,23,0.006211180124223602,False
63,367,4,1152,12741.333924756256,167,0.045098568728058334,False
63,356,5,2167,29502.95296250054,26,0.0070213340534701595,False
63,2598,6,526,4962.056034307624,618,0.1668917094247907,False
63,1784,7,1403,17648.452993612464,77,0.020793950850661626,False
63,2268,8,1047,12622.669539758992,171,0.04617877396705374,False
63,1610,9,1627,21203.622112881287,53,0.01431271941668917,False
63,466,10,556,5099.148866001355,600,0.16203078584931138,False
64,1610,1,1627,21203.622112881287,53,0.01431271941668917,False
64,849,2,484,4137.1956080371765,732,0.19767755873615986,False
64,1917,3,1077,11668.363657704602,199,0.0537402106400216,False
64,2406,4,1324,15911.425497058779,105,0.02835538752362949,False
64,2194,5,1113,13673.62350752961,141,0.03807723467458817,False
64,173,6,525,4377.879222400475,694,0.18741560896570347,False
64,3527,7,1274,15145.18568718097,115,0.031055900621118012,False
64,2470,8,899,9834.562229076122,265,0.07156359708344585,False
64,1831,9,634,5734.045811516156,534,0.14420739940588712,False
64,466,10,556,5099.148866001355,600,0.16203078584931138,False
65,849,1,484,4137.1956080371765,732,0.19767755873615986,False
65,466,2,556,5099.148866001355,600,0.16203078584931138,False
65,1385,3,454,4354.591613583601,697,0.18822576289495005,False
65,368,4,779,8483.940453676954,329,0.0888468809073724,False
65,367,5,1152,12741.333924756256,167,0.045098568728058334,False
65,2376,6,320,2891.4920026881377,997,0.2692411558196057,False
65,173,7,525,4377.879222400475,694,0.18741560896570347,False
65,3527,8,1274,15145.18568718097,115,0.031055900621118012,False
65,2735,9,446,4023.1117534989953,749,0.20226843100189035,False
65,1265,10,2248,30164.815200494995,23,0.006211180124223602,False
66,2470,1,899,9834.562229076122,265,0.07156359708344585,False
66,466,2,556,5099.148866001355,600,0.16203078584931138,False
66,2406,3,1324,15911.425497058779,105,0.02835538752362949,False
66,367,4,1152,12741.333924756256,167,0.045098568728058334,False
66,2374,5,238,1935.9298656077892,1286,0.347285984337024,False
66,1517,6,1189,14124.467774987568,132,0.035646772886848505,False
66,2194,7,1113,13673.62350752961,141,0.03807723467458817,False
66,1246,8,843,9953.935772641878,257,0.06940318660545504,False
66,2003,9,768,8005.673345511925,362,0.09775857412908452,False
66,368,10,779,8483.940453676954,329,0.0888468809073724,False
67,3098,1,539,5791.389392963434,529,0.14285714285714285,False
67,1246,2,843,9953.935772641878,257,0.06940318660545504,False
67,1208,3,1158,14810.865486380973,122,0.03294625978935998,False
67,953,4,718,8613.709447935711,322,0.08695652173913043,False
67,2268,5,1047,12622.669539758992,171,0.04617877396705374,False
67,858,6,2204,31912.135776463492,20,0.0054010261949770455,False
67,1186,7,549,5726.250837490564,537,0.14501755333513366,False
67,2194,8,1113,13673.62350752961,141,0.03807723467458817,False
67,2313,9,452,4851.431428539417,639,0.1725627869295166,False
67,1958,10,521,5376.900874888158,564,0.15230893869835269,False
68,2470,1,899,9834.562229076122,265,0.07156359708344585,False
68,2406,2,1324,15911.425497058779,105,0.02835538752362949,False
68,356,3,2167,29502.95296250054,26,0.0070213340534701595,False
68,1641,4,1185,14406.19469979475,128,0.03456656764785309,False
68,3253,5,1112,12868.676927414986,165,0.044558466108560624,False
68,367,6,1152,12741.333924756256,167,0.045098568728058334,False
68,1784,7,1403,17648.452993612464,77,0.020793950850661626,False
68,2100,8,1150,13032.466469726762,158,0.04266810694031866,False
68,1394,9,1415,18033.772112157483,72,0.019443694301917364,False
68,1234,10,1030,13066.52425452494,156,0.04212800432082096,False
69,2268,1,1047,12622.669539758992,171,0.04617877396705374,False
69,318,2,2205,32060.29507007315,19,0.005130974885228194,False
69,36,3,916,10862.61364956842,233,0.06292195517148258,False
69,1246,4,843,9953.935772641878,257,0.06940318660545504,False
69,1393,5,1326,16137.674690050057,100,0.027005130974885227,False
69,778,6,744,8556.065832528555,325,0.087766675668377,False
69,3098,7,539,5791.389392963434,529,0.14285714285714285,False
69,1213,8,1640,22083.331234721743,44,0.0118822576289495,False
69,1265,9,2248,30164.815200494995,23,0.006211180124223602,False
69,1594,10,301,2916.6005991242146,991,0.26762084796111263,False
70,2699,1,1333,14386.47750003128,129,0.03483661895760194,False
70,2723,2,846,8577.128708771077,324,0.08749662435862814,False
70,1517,3,1189,14124.467774987568,132,0.035646772886848505,False
70,1265,4,2248,30164.815200494995,23,0.006211180124223602,False
70,367,5,1152,12741.333924756256,167,0.045098568728058334,False
70,356,6,2167,29502.95296250054,26,0.0070213340534701595,False
70,785,7,755,8106.09460306757,358,0.09667836889008911,False
70,2598,8,526,4962.056034307624,618,0.1668917094247907,False
70,1784,9,1403,17648.452993612464,77,0.020793950850661626,False
70,1610,10,1627,21203.622112881287,53,0.01431271941668917,False
71,3578,1,1859,24884.900654850804,33,0.008911693221712126,False
71,2858,2,3379,50257.027663730645,1,0.00027005130974885227,False
71,1610,3,1627,21203.622112881287,53,0.01431271941668917,False
71,2699,4,1333,14386.47750003128,129,0.03483661895760194,False
71,849,5,484,4137.1956080371765,732,0.19767755873615986,False
71,2470,6,899,9834.562229076122,265,0.07156359708344585,False
71,1517,7,1189,14124.467774987568,132,0.035646772886848505,False
71,2406,8,1324,15911.425497058779,105,0.02835538752362949,False
71,466,9,556,5099.148866001355,600,0.16203078584931138,False
71,1917,10,1077,11668.363657704602,199,0.0537402106400216,False
72,1265,1,2248,30164.815200494995,23,0.006211180124223602,False
72,1517,2,1189,14124.467774987568,132,0.035646772886848505,False
72,2268,3,1047,12622.669539758992,171,0.04617877396705374,False
72,367,4,1152,12741.333924756256,167,0.045098568728058334,False
72,1641,5,1185,14406.19469979475,128,0.03456656764785309,False
72,3253,6,1112,12868.676927414986,165,0.044558466108560624,False
72,2406,7,1324,15911.425497058779,105,0.02835538752362949,False
72,539,8,970,11268.418336678264,210,0.05671077504725898,False
72,318,9,2205,32060.29507007315,19,0.005130974885228194,False
72,2470,10,899,9834.562229076122,265,0.07156359708344585,False
73,2406,1,1324,15911.425497058779,105,0.02835538752362949,False
73,1385,2,454,4354.591613583601,697,0.18822576289495005,False
73,368,3,779,8483.940453676954,329,0.0888468809073724,False
73,2735,4,446,4023.1117534989953,749,0.20226843100189035,False
73,2376,5,320,2891.4920026881377,997,0.2692411558196057,False
73,367,6,1152,12741.333924756256,167,0.045098568728058334,False
73,2641,7,834,8649.795340226987,319,0.08614636780988388,False
73,2194,8,1113,13673.62350752961,141,0.03807723467458817,False
73,3274,9,430,3988.466069243214,759,0.20496894409937888,False
73,2640,10,1202,13938.680495319237,136,0.03672697812584391,False
74,318,1,2205,32060.29507007315,19,0.005130974885228194,False
74,1089,2,1243,15811.006137632434,107,0.028895490143127193,False
74,1265,3,2248,30164.815200494995,23,0.006211180124223602,False
74,1213,4,1640,22083.331234721743,44,0.0118822576289495,False
74,2268,5,1047,12622.669539758992,171,0.04617877396705374,False
74,1221,6,1675,22862.716982968926,41,0.011072103699702943,False
74,1208,7,1158,14810.865486380973,122,0.03294625978935998,False
74,111,8,1229,15718.304403803608,109,0.029435592762624897,False
74,3504,9,678,7762.799452358628,381,0.10288954901431271,False
74,904,10,1039,13489.29063272895,148,0.039967593842830135,False
75,367,1,1152,12741.333924756256,167,0.045098568728058334,False
75,2470,2,899,9834.562229076122,265,0.07156359708344585,False
75,3489,3,701,6916.038224598236,440,0.11882257628949501,False
75,466,4,556,5099.148866001355,600,0.16203078584931138,False
75,3254,5,430,3838.3298940131463,781,0.21091007291385364,False
75,520,6,359,3138.7649747707956,932,0.2516878206859303,False
75,2406,7,1324,15911.425497058779,105,0.02835538752362949,False
75,849,8,484,4137.1956080371765,732,0.19767755873615986,False
75,2003,9,768,8005.673345511925,362,0.09775857412908452,False
75,368,10,779,8483.940453676954,329,0.0888468809073724,False
76,2268,1,1047,12622.669539758992,171,0.04617877396705374,False
76,1265,2,2248,30164.815200494995,23,0.006211180124223602,False
76,1610,3,1627,21203.622112881287,53,0.01431271941668917,False
76,1784,4,1403,17648.452993612464,77,0.020793950850661626,False
76,858,5,2204,31912.135776463492,20,0.0054010261949770455,False
76,2997,6,2207,30287.330109496044,22,0.00594112881447475,False
76,36,7,916,10862.61364956842,233,0.06292195517148258,False
76,356,8,2167,29502.95296250054,26,0.0070213340534701595,False
76,2194,9,1113,13673.62350752961,141,0.03807723467458817,False
76,1060,10,777,8969.938991330382,297,0.08020523899540913,False
77,2699,1,1333,14386.47750003128,129,0.03483661895760194,False
77,2355,2,1677,21334.909548900763,50,0.013502565487442613,False
77,785,3,755,8106.09460306757,358,0.09667836889008911,False
77,2598,4,526,4962.056034307624,618,0.1668917094247907,False
77,1517,5,1189,14124.467774987568,132,0.035646772886848505,False
77,223,6,1396,17554.807638838876,79,0.02133405347015933,False
77,1784,7,1403,17648.452993612464,77,0.020793950850661626,False
77,2987,8,1675,20750.54196051247,55,0.014852822036186876,False
77,3175,9,1697,21376.390399979813,49,0.013232514177693762,False
77,1265,10,2248,30164.815200494995,23,0.006211180124223602,False
78,708,1,671,7027.82387859474,430,0.11612206319200648,False
78,595,2,1053,12612.15008513157,173,0.046718876586551446,False
78,1028,3,990,11770.931674200543,195,0.052660005401026194,False
78,2470,4,899,9834.562229076122,265,0.07156359708344585,False
78,2406,5,1324,15911.425497058779,105,0.02835538752362949,False
78,1282,6,930,10977.32333448765,222,0.05995139076424521,False
78,3254,7,430,3838.3298940131463,781,0.21091007291385364,False
78,441,8,639,6905.694113478035,441,0.11909262759924386,False
78,2100,9,1150,13032.466469726762,158,0.04266810694031866,False
78,125,10,313,3084.5493369397777,947,0.2557385903321631,False
79,3578,1,1859,24884.900654850804,33,0.008911693221712126,False
79,367,2,1152,12741.333924756256,167,0.045098568728058334,False
79,2858,3,3379,50257.027663730645,1,0.00027005130974885227,False
79,1610,4,1627,21203.622112881287,53,0.01431271941668917,False
79,2003,5,768,8005.673345511925,362,0.09775857412908452,False
79,2194,6,1113,13673.62350752961,141,0.03807723467458817,False
79,2406,7,1324,15911.425497058779,105,0.02835538752362949,False
79,1089,8,1243,15811.006137632434,107,0.028895490143127193,False
79,2470,9,899,9834.562229076122,265,0.07156359708344585,False
79,1265,10,2248,30164.815200494995,23,0.006211180124223602,False
80,2268,1,1047,12622.669539758992,171,0.04617877396705374,False
80,1610,2,1627,21203.622112881287,53,0.01431271941668917,False
80,367,3,1152,12741.333924756256,167,0.045098568728058334,False
80,2406,4,1324,15911.425497058779,105,0.02835538752362949,False
80,588,5,1336,16327.279898761482,95,0.025654874426140967,False
80,1246,6,843,9953.935772641878,257,0.06940318660545504,False
80,1784,7,1403,17648.452993612464,77,0.020793950850661626,False
80,2858,8,3379,50257.027663730645,1,0.00027005130974885227,False
80,595,9,1053,12612.15008513157,173,0.046718876586551446,False
80,318,10,2205,32060.29507007315,19,0.005130974885228194,False
81,1208,1,1158,14810.865486380973,122,0.03294625978935998,False
81,858,2,2204,31912.135776463492,20,0.0054010261949770455,False
81,3504,3,678,7762.799452358628,381,0.10288954901431271,False
81,2194,4,1113,13673.62350752961,141,0.03807723467458817,False
81,3098,5,539,5791.389392963434,529,0.14285714285714285,False
81,923,6,1101,14254.934849065668,130,0.035106670267350794,False
81,1246,7,843,9953.935772641878,257,0.06940318660545504,False
81,318,8,2205,32060.29507007315,19,0.005130974885228194,False
81,953,9,718,8613.709447935711,322,0.08695652173913043,False
81,1186,10,549,5726.250837490564,537,0.14501755333513366,False
82,849,1,484,4137.1956080371765,732,0.19767755873615986,False
82,1917,2,1077,11668.363657704602,199,0.0537402106400216,False
82,1831,3,634,5734.045811516156,534,0.14420739940588712,False
82,1037,4,589,5340.162563385103,570,0.1539292465568458,False
82,1089,5,1243,15811.006137632434,107,0.028895490143127193,False
82,367,6,1152,12741.333924756256,167,0.045098568728058334,False
82,1265,7,2248,30164.815200494995,23,0.006211180124223602,False
82,3527,8,1274,15145.18568718097,115,0.031055900621118012,False
82,2406,9,1324,15911.425497058779,105,0.02835538752362949,False
82,2194,10,1113,13673.62350752961,141,0.03807723467458817,False
83,2406,1,1324,15911.425497058779,105,0.02835538752362949,False
83,2470,2,899,9834.562229076122,265,0.07156359708344585,False
83,1265,3,2248,30164.815200494995,23,0.006211180124223602,False
83,3489,4,701,6916.038224598236,440,0.11882257628949501,False
83,849,5,484,4137.1956080371765,732,0.19767755873615986,False
83,1517,6,1189,14124.467774987568,132,0.035646772886848505,False
83,2003,7,768,8005.673345511925,362,0.09775857412908452,False
83,466,8,556,5099.148866001355,600,0.16203078584931138,False
83,356,9,2167,29502.95296250054,26,0.0070213340534701595,False
83,173,10,525,4377.879222400475,694,0.18741560896570347,False
84,2406,1,1324,15911.425497058779,105,0.02835538752362949,False
84,1610,2,1627,21203.622112881287,53,0.01431271941668917,False
84,849,3,484,4137.1956080371765,732,0.19767755873615986,False
84,2194,4,1113,13673.62350752961,141,0.03807723467458817,False
84,3527,5,1274,15145.18568718097,115,0.031055900621118012,False
84,173,6,525,4377.879222400475,694,0.18741560896570347,False
84,1917,7,1077,11668.363657704602,199,0.0537402106400216,False
84,2470,8,899,9834.562229076122,265,0.07156359708344585,False
84,466,9,556,5099.148866001355,600,0.16203078584931138,False
84,1371,10,767,7823.062410781384,375,0.1012692411558196,False
85,1517,1,1189,14124.467774987568,132,0.035646772886848505,False
85,367,2,1152,12741.333924756256,167,0.045098568728058334,False
85,2268,3,1047,12622.669539758992,171,0.04617877396705374,False
85,356,4,2167,29502.95296250054,26,0.0070213340534701595,False
85,1610,5,1627,21203.622112881287,53,0.01431271941668917,False
85,2997,6,2207,30287.330109496044,22,0.00594112881447475,False
85,2355,7,1677,21334.909548900763,50,0.013502565487442613,False
85,1265,8,2248,30164.815200494995,23,0.006211180124223602,False
85,2003,9,768,8005.673345511925,362,0.09775857412908452,False
85,1784,10,1403,17648.452993612464,77,0.020793950850661626,False
86,2406,1,1324,15911.425497058779,105,0.02835538752362949,False
86,849,2,484,4137.1956080371765,732,0.19767755873615986,False
86,1917,3,1077,11668.363657704602,199,0.0537402106400216,False
86,2470,4,899,9834.562229076122,265,0.07156359708344585,False
86,367,5,1152,12741.333924756256,167,0.045098568728058334,False
86,1610,6,1627,21203.622112881287,53,0.01431271941668917,False
86,173,7,525,4377.879222400475,694,0.18741560896570347,False
86,588,8,1336,16327.279898761482,95,0.025654874426140967,False
86,2987,9,1675,20750.54196051247,55,0.014852822036186876,False
86,2161,10,690,7446.941259271376,402,0.10856062651903861,False
87,1610,1,1627,21203.622112881287,53,0.01431271941668917,False
87,2406,2,1324,15911.425497058779,105,0.02835538752362949,False
87,3527,3,1274,15145.18568718097,115,0.031055900621118012,False
87,1385,4,454,4354.591613583601,697,0.18822576289495005,False
87,2376,5,320,2891.4920026881377,997,0.2692411558196057,False
87,849,6,484,4137.1956080371765,732,0.19767755873615986,False
87,368,7,779,8483.940453676954,329,0.0888468809073724,False
87,1214,8,1991,27073.43255393762,31,0.00837159060221442,False
87,466,9,556,5099.148866001355,600,0.16203078584931138,False
87,1917,10,1077,11668.363657704602,199,0.0537402106400216,False
88,1246,1,843,9953.935772641878,257,0.06940318660545504,False
88,3098,2,539,5791.389392963434,529,0.14285714285714285,False
88,2858,3,3379,50257.027663730645,1,0.00027005130974885227,False
88,2268,4,1047,12622.669539758992,171,0.04617877396705374,False
88,2194,5,1113,13673.62350752961,141,0.03807723467458817,False
88,296,6,2138,29830.80155175783,25,0.006751282743721307,False
88,1186,7,549,5726.250837490564,537,0.14501755333513366,False
88,3504,8,678,7762.799452358628,381,0.10288954901431271,False
88,953,9,718,8613.709447935711,322,0.08695652173913043,False
88,1213,10,1640,22083.331234721743,44,0.0118822576289495,False
89,1246,1,843,9953.935772641878,257,0.06940318660545504,False
89,2268,2,1047,12622.669539758992,171,0.04617877396705374,False
89,2194,3,1113,13673.62350752961,141,0.03807723467458817,False
89,2470,4,899,9834.562229076122,265,0.07156359708344585,False
89,3098,5,539,5791.389392963434,529,0.14285714285714285,False
89,2374,6,238,1935.9298656077892,1286,0.347285984337024,False
89,2406,7,1324,15911.425497058779,105,0.02835538752362949,False
89,1208,8,1158,14810.865486380973,122,0.03294625978935998,False
89,466,9,556,5099.148866001355,600,0.16203078584931138,False
89,2858,10,3379,50257.027663730645,1,0.00027005130974885227,False
90,466,1,556,5099.148866001355,600,0.16203078584931138,False
90,849,2,484,4137.1956080371765,732,0.19767755873615986,False
90,1610,3,1627,21203.622112881287,53,0.01431271941668917,False
90,368,4,779,8483.940453676954,329,0.0888468809073724,False
90,1517,5,1189,14124.467774987568,132,0.035646772886848505,False
90,2268,6,1047,12622.669539758992,171,0.04617877396705374,False
90,2406,7,1324,15911.425497058779,105,0.02835538752362949,False
90,2470,8,899,9834.562229076122,265,0.07156359708344585,False
90,3254,9,430,3838.3298940131463,781,0.21091007291385364,False
90,1831,10,634,5734.045811516156,534,0.14420739940588712,False
91,1265,1,2248,30164.815200494995,23,0.006211180124223602,False
91,2406,2,1324,15911.425497058779,105,0.02835538752362949,False
91,2470,3,899,9834.562229076122,265,0.07156359708344585,False
91,1517,4,1189,14124.467774987568,132,0.035646772886848505,False
91,1234,5,1030,13066.52425452494,156,0.04212800432082096,False
91,1663,6,734,8277.8875736377,341,0.09208749662435863,False
91,1641,7,1185,14406.19469979475,128,0.03456656764785309,False
91,2858,8,3379,50257.027663730645,1,0.00027005130974885227,False
91,1136,9,1579,21325.87905489384,51,0.013772616797191467,False
91,3504,10,678,7762.799452358628,381,0.10288954901431271,False
92,2374,1,238,1935.9298656077892,1286,0.347285984337024,False
92,2735,2,446,4023.1117534989953,749,0.20226843100189035,False
92,466,3,556,5099.148866001355,600,0.16203078584931138,False
92,3254,4,430,3838.3298940131463,781,0.21091007291385364,False
92,849,5,484,4137.1956080371765,732,0.19767755873615986,False
92,2406,6,1324,15911.425497058779,105,0.02835538752362949,False
92,2003,7,768,8005.673345511925,362,0.09775857412908452,False
92,173,8,525,4377.879222400475,694,0.18741560896570347,False
92,836,9,228,1751.0169156453537,1365,0.3686200378071834,False
92,3087,10,509,5141.8302460362265,596,0.16095058061031595,False
93,849,1,484,4137.1956080371765,732,0.19767755873615986,False
93,1917,2,1077,11668.363657704602,199,0.0537402106400216,False
93,1831,3,634,5734.045811516156,534,0.14420739940588712,False
93,2406,4,1324,15911.425497058779,105,0.02835538752362949,False
93,836,5,228,1751.0169156453537,1365,0.3686200378071834,False
93,1371,6,767,7823.062410781384,375,0.1012692411558196,False
93,379,7,414,3692.3205936413024,806,0.21766135565757494,False
93,1882,8,457,3729.7316158295102,800,0.21604104779908181,False
93,3274,9,430,3988.466069243214,759,0.20496894409937888,False
93,1722,10,847,9207.403508173844,289,0.07804482851741831,False
94,2003,1,768,8005.673345511925,362,0.09775857412908452,False
94,1214,2,1991,27073.43255393762,31,0.00837159060221442,False
94,2867,3,303,2789.909518286236,1019,0.27518228463408045,False
94,1278,4,1173,15026.933672824978,118,0.03186605455036457,False
94,2513,5,298,2533.8471683721605,1083,0.29246556845800703,False
94,1321,6,543,5779.285933990327,531,0.14339724547664057,False
94,3527,7,1274,15145.18568718097,115,0.031055900621118012,False
94,1350,8,403,4017.94726079499,752,0.20307858493113692,False
94,2368,9,54,251.46015737333758,2569,0.6937618147448015,False
94,1219,10,1245,16023.055436132952,102,0.027545233594382934,False
95,2406,1,1324,15911.425497058779,105,0.02835538752362949,False
95,2858,2,3379,50257.027663730645,1,0.00027005130974885227,False
95,367,3,1152,12741.333924756256,167,0.045098568728058334,False
95,1517,4,1189,14124.467774987568,132,0.035646772886848505,False
95,21,5,1332,15861.790447333964,106,0.02862543883337834,False
95,2194,6,1113,13673.62350752961,141,0.03807723467458817,False
95,296,7,2138,29830.80155175783,25,0.006751282743721307,False
95,1722,8,847,9207.403508173844,289,0.07804482851741831,False
95,466,9,556,5099.148866001355,600,0.16203078584931138,False
95,1385,10,454,4354.591613583601,697,0.18822576289495005,False
96,1246,1,843,9953.935772641878,257,0.06940318660545504,False
96,2194,2,1113,13673.62350752961,141,0.03807723467458817,False
96,3098,3,539,5791.389392963434,529,0.14285714285714285,False
96,2858,4,3379,50257.027663730645,1,0.00027005130974885227,False
96,2406,5,1324,15911.425497058779,105,0.02835538752362949,False
96,2470,6,899,9834.562229076122,265,0.07156359708344585,False
96,858,7,2204,31912.135776463492,20,0.0054010261949770455,False
96,1208,8,1158,14810.865486380973,122,0.03294625978935998,False
96,367,9,1152,12741.333924756256,167,0.045098568728058334,False
96,1517,10,1189,14124.467774987568,132,0.035646772886848505,False
97,3504,1,678,7762.799452358628,381,0.10288954901431271,False
97,1084,2,680,7865.785250639774,369,0.09964893329732649,False
97,750,3,1351,18151.316431061976,71,0.01917364299216851,False
97,3685,4,541,5612.2296402834445,546,0.14744801512287334,False
97,3451,5,349,3536.7271420193883,844,0.22792330542803133,False
97,1230,6,1318,16907.22855363202,85,0.022954361328652445,False
97,1207,7,918,11623.467909432913,201,0.054280313259519306,False
97,926,8,395,4282.692575258208,703,0.18984607075344315,False
97,3200,9,170,1494.9386790531485,1463,0.3950850661625709,False
97,3098,10,539,5791.389392963434,529,0.14285714285714285,False
98,2470,1,899,9834.562229076122,265,0.07156359708344585,False
98,2406,2,1324,15911.425497058779,105,0.02835538752362949,False
98,2374,3,238,1935.9298656077892,1286,0.347285984337024,False
98,466,4,556,5099.148866001355,600,0.16203078584931138,False
98,2003,5,768,8005.673345511925,362,0.09775857412908452,False
98,2194,6,1113,13673.62350752961,141,0.03807723467458817,False
98,2735,7,446,4023.1117534989953,749,0.20226843100189035,False
98,356,8,2167,29502.95296250054,26,0.0070213340534701595,False
98,849,9,484,4137.1956080371765,732,0.19767755873615986,False
98,1246,10,843,9953.935772641878,257,0.06940318660545504,False
99,1517,1,1189,14124.467774987568,132,0.035646772886848505,False
99,367,2,1152,12741.333924756256,167,0.045098568728058334,False
99,356,3,2167,29502.95296250054,26,0.0070213340534701595,False
99,1784,4,1403,17648.452993612464,77,0.020793950850661626,False
99,2470,5,899,9834.562229076122,265,0.07156359708344585,False
99,2406,6,1324,15911.425497058779,105,0.02835538752362949,False
99,1610,7,1627,21203.622112881287,53,0.01431271941668917,False
99,1060,8,777,8969.938991330382,297,0.08020523899540913,False
99,858,9,2204,31912.135776463492,20,0.0054010261949770455,False
99,1089,10,1243,15811.006137632434,107,0.028895490143127193,False
100,849,1,484,4137.1956080371765,732,0.19767755873615986,False
100,1610,2,1627,21203.622112881287,53,0.01431271941668917,False
100,1917,3,1077,11668.363657704602,199,0.0537402106400216,False
100,173,4,525,4377.879222400475,694,0.18741560896570347,False
100,1385,5,454,4354.591613583601,697,0.18822576289495005,False
100,3527,6,1274,15145.18568718097,115,0.031055900621118012,False
100,2194,7,1113,13673.62350752961,141,0.03807723467458817,False
100,1831,8,634,5734.045811516156,534,0.14420739940588712,False
100,2376,9,320,2891.4920026881377,997,0.2692411558196057,False
100,466,10,556,5099.148866001355,600,0.16203078584931138,False
101,1917,1,1077,11668.363657704602,199,0.0537402106400216,False
101,1610,2,1627,21203.622112881287,53,0.01431271941668917,False
101,173,3,525,4377.879222400475,694,0.18741560896570347,False
101,1831,4,634,5734.045811516156,534,0.14420739940588712,False
101,2376,5,320,2891.4920026881377,997,0.2692411558196057,False
101,1037,6,589,5340.162563385103,570,0.1539292465568458,False
101,836,7,228,1751.0169156453537,1365,0.3686200378071834,False
101,3274,8,430,3988.466069243214,759,0.20496894409937888,False
101,1370,9,1124,12916.45219146292,163,0.04401836348906292,False
101,1882,10,457,3729.7316158295102,800,0.21604104779908181,False
102,1265,1,2248,30164.815200494995,23,0.006211180124223602,False
102,2406,2,1324,15911.425497058779,105,0.02835538752362949,False
102,367,3,1152,12741.333924756256,167,0.045098568728058334,False
102,1517,4,1189,14124.467774987568,132,0.035646772886848505,False
102,2268,5,1047,12622.669539758992,171,0.04617877396705374,False
102,356,6,2167,29502.95296250054,26,0.0070213340534701595,False
102,1246,7,843,9953.935772641878,257,0.06940318660545504,False
102,2470,8,899,9834.562229076122,265,0.07156359708344585,False
102,1610,9,1627,21203.622112881287,53,0.01431271941668917,False
102,858,10,2204,31912.135776463492,20,0.0054010261949770455,False
103,173,1,525,4377.879222400475,694,0.18741560896570347,False
103,466,2,556,5099.148866001355,600,0.16203078584931138,False
103,1882,3,457,3729.7316158295102,800,0.21604104779908181,False
103,368,4,779,8483.940453676954,329,0.0888468809073724,False
103,3274,5,430,3988.466069243214,759,0.20496894409937888,False
103,3527,6,1274,15145.18568718097,115,0.031055900621118012,False
103,2273,7,613,6461.724895180098,469,0.1266540642722117,False
103,2126,8,476,4227.832554503958,711,0.19200648123143396,False
103,3256,9,1036,12140.000461787271,184,0.049689440993788817,False
103,2406,10,1324,15911.425497058779,105,0.02835538752362949,False
104,2699,1,1333,14386.47750003128,129,0.03483661895760194,False
104,3578,2,1859,24884.900654850804,33,0.008911693221712126,False
104,2723,3,846,8577.128708771077,324,0.08749662435862814,False
104,2395,4,1202,14591.197277188907,126,0.034026465028355386,False
104,2598,5,526,4962.056034307624,618,0.1668917094247907,False
104,2762,6,2412,34805.42273076186,13,0.0035106670267350797,False
104,1517,7,1189,14124.467774987568,132,0.035646772886848505,False
104,3174,8,861,9435.920357846515,279,0.07534431541992978,False
104,3081,9,1042,11816.493437615063,193,0.05211990278152849,False
104,1784,10,1403,17648.452993612464,77,0.020793950850661626,False
105,1610,1,1627,21203.622112881287,53,0.01431271941668917,False
105,2406,2,1324,15911.425497058779,105,0.02835538752362949,False
105,2376,3,320,2891.4920026881377,997,0.2692411558196057,False
105,849,4,484,4137.1956080371765,732,0.19767755873615986,False
105,1385,5,454,4354.591613583601,697,0.18822576289495005,False
105,1198,6,2495,36483.882218338185,8,0.002160410477990818,False
105,1240,7,2057,28063.17128497621,28,0.007561436672967864,False
105,1129,8,876,9592.145647702826,274,0.07399405887118553,False
105,1917,9,1077,11668.363657704602,199,0.0537402106400216,False
105,2000,10,1601,20342.080655839327,57,0.01539292465568458,False
106,2406,1,1324,15911.425497058779,105,0.02835538752362949,False
106,356,2,2167,29502.95296250054,26,0.0070213340534701595,False
106,708,3,671,7027.82387859474,430,0.11612206319200648,False
106,539,4,970,11268.418336678264,210,0.05671077504725898,False
106,2671,5,766,8477.47378024496,330,0.08911693221712125,False
106,1393,6,1326,16137.674690050057,100,0.027005130974885227,False
106,11,7,1023,12045.16513018045,185,0.049959492303537675,False
106,1947,8,752,8791.79057359741,306,0.0826357007831488,False
106,1088,9,670,6879.768977779068,443,0.11963273021874156,False
106,2470,10,899,9834.562229076122,265,0.07156359708344585,False
107,1208,1,1158,14810.865486380973,122,0.03294625978935998,False
107,3504,2,678,7762.799452358628,381,0.10288954901431271,False
107,1221,3,1675,22862.716982968926,41,0.011072103699702943,False
107,2194,4,1113,13673.62350752961,141,0.03807723467458817,False
107,904,5,1039,13489.29063272895,148,0.039967593842830135,False
107,3098,6,539,5791.389392963434,529,0.14285714285714285,False
107,1246,7,843,9953.935772641878,257,0.06940318660545504,False
107,953,8,718,8613.709447935711,322,0.08695652173913043,False
107,2858,9,3379,50257.027663730645,1,0.00027005130974885227,False
107,3035,10,413,4447.089088683082,686,0.18525519848771266,False
108,2406,1,1324,15911.425497058779,105,0.02835538752362949,False
108,2470,2,899,9834.562229076122,265,0.07156359708344585,False
108,849,3,484,4137.1956080371765,732,0.19767755873615986,False
108,1610,4,1627,21203.622112881287,53,0.01431271941668917,False
108,367,5,1152,12741.333924756256,167,0.045098568728058334,False
108,1517,6,1189,14124.467774987568,132,0.035646772886848505,False
108,1265,7,2248,30164.815200494995,23,0.006211180124223602,False
108,70,8,897,9391.034864325338,282,0.07615446934917634,False
108,1917,9,1077,11668.363657704602,199,0.0537402106400216,False
108,356,10,2167,29502.95296250054,26,0.0070213340534701595,False
109,367,1,1152,12741.333924756256,167,0.045098568728058334,False
109,1265,2,2248,30164.815200494995,23,0.006211180124223602,False
109,2100,3,1150,13032.466469726762,158,0.04266810694031866,False
109,588,4,1336,16327.279898761482,95,0.025654874426140967,False
109,2968,5,992,11463.838815645044,204,0.05509046718876587,False
109,356,6,2167,29502.95296250054,26,0.0070213340534701595,False
109,1610,7,1627,21203.622112881287,53,0.01431271941668917,False
109,2987,8,1675,20750.54196051247,55,0.014852822036186876,False
109,1028,9,990,11770.931674200543,195,0.052660005401026194,False
109,2194,10,1113,13673.62350752961,141,0.03807723467458817,False
110,849,1,484,4137.1956080371765,732,0.19767755873615986,False
110,1610,2,1627,21203.622112881287,53,0.01431271941668917,False
110,466,3,556,5099.148866001355,600,0.16203078584931138,False
110,1917,4,1077,11668.363657704602,199,0.0537402106400216,False
110,112,5,561,5717.346170454003,539,0.14555765595463138,False
110,858,6,2204,31912.135776463492,20,0.0054010261949770455,False
110,2406,7,1324,15911.425497058779,105,0.02835538752362949,False
110,2000,8,1601,20342.080655839327,57,0.01539292465568458,False
110,368,9,779,8483.940453676954,329,0.0888468809073724,False
110,1517,10,1189,14124.467774987568,132,0.035646772886848505,False
111,2858,1,3379,50257.027663730645,1,0.00027005130974885227,False
111,367,2,1152,12741.333924756256,167,0.045098568728058334,False
111,1610,3,1627,21203.622112881287,53,0.01431271941668917,False
111,1393,4,1326,16137.674690050057,100,0.027005130974885227,False
111,1060,5,777,8969.938991330382,297,0.08020523899540913,False
111,1246,6,843,9953.935772641878,257,0.06940318660545504,False
111,708,7,671,7027.82387859474,430,0.11612206319200648,False
111,3253,8,1112,12868.676927414986,165,0.044558466108560624,False
111,2406,9,1324,15911.425497058779,105,0.02835538752362949,False
111,539,10,970,11268.418336678264,210,0.05671077504725898,False
112,1033,1,283,2578.7567397205908,1071,0.2892249527410208,False
112,2090,2,245,2184.2402868811646,1192,0.3219011612206319,False
112,2018,3,583,6260.02019087444,489,0.13205509046718877,False
112,1028,4,990,11770.931674200543,195,0.052660005401026194,False
112,2137,5,493,5217.88300383434,586,0.15825006751282744,False
112,661,6,513,5185.726977776879,592,0.15987037537132054,False
112,2089,7,236,1998.5759815848905,1257,0.3394544963543073,False
112,904,8,1039,13489.29063272895,148,0.039967593842830135,False
112,367,9,1152,12741.333924756256,167,0.045098568728058334,False
112,2161,10,690,7446.941259271376,402,0.10856062651903861,False
113,849,1,484,4137.1956080371765,732,0.19767755873615986,False
113,1917,2,1077,11668.363657704602,199,0.0537402106400216,False
113,173,3,525,4377.879222400475,694,0.18741560896570347,False
113,1610,4,1627,21203.622112881287,53,0.01431271941668917,False
113,1882,5,457,3729.7316158295102,800,0.21604104779908181,False
113,3527,6,1274,15145.18568718097,115,0.031055900621118012,False
113,379,7,414,3692.3205936413024,806,0.21766135565757494,False
113,172,8,436,3704.1992991119882,804,0.21712125303807722,False
113,1584,9,1364,16659.438877757886,89,0.024034566567647853,False
113,1214,10,1991,27073.43255393762,31,0.00837159060221442,False
114,1033,1,283,2578.7567397205908,1071,0.2892249527410208,False
114,2470,2,899,9834.562229076122,265,0.07156359708344585,False
114,367,3,1152,12741.333924756256,167,0.045098568728058334,False
114,2987,4,1675,20750.54196051247,55,0.014852822036186876,False
114,2406,5,1324,15911.425497058779,105,0.02835538752362949,False
114,3489,6,701,6916.038224598236,440,0.11882257628949501,False
114,3114,7,1540,20413.05958902524,56,0.015122873345935728,False
114,1907,8,478,4974.390681513198,617,0.16662165811504187,False
114,2142,9,197,1520.3767713246789,1452,0.3921145017553335,False
114,2100,10,1150,13032.466469726762,158,0.04266810694031866,False
115,849,1,484,4137.1956080371765,732,0.19767755873615986,False
115,1831,2,634,5734.045811516156,534,0.14420739940588712,False
115,1917,3,1077,11668.363657704602,199,0.0537402106400216,False
115,173,4,525,4377.879222400475,694,0.18741560896570347,False
115,2470,5,899,9834.562229076122,265,0.07156359708344585,False
115,2003,6,768,8005.673345511925,362,0.09775857412908452,False
115,1037,7,589,5340.162563385103,570,0.1539292465568458,False
115,1610,8,1627,21203.622112881287,53,0.01431271941668917,False
115,3527,9,1274,15145.18568718097,115,0.031055900621118012,False
115,2406,10,1324,15911.425497058779,105,0.02835538752362949,False
116,2406,1,1324,15911.425497058779,105,0.02835538752362949,False
116,2470,2,899,9834.562229076122,265,0.07156359708344585,False
116,849,3,484,4137.1956080371765,732,0.19767755873615986,False
116,466,4,556,5099.148866001355,600,0.16203078584931138,False
116,1610,5,1627,21203.622112881287,53,0.01431271941668917,False
116,2194,6,1113,13673.62350752961,141,0.03807723467458817,False
116,2003,7,768,8005.673345511925,362,0.09775857412908452,False
116,1917,8,1077,11668.363657704602,199,0.0537402106400216,False
116,173,9,525,4377.879222400475,694,0.18741560896570347,False
116,2858,10,3379,50257.027663730645,1,0.00027005130974885227,False
117,2374,1,238,1935.9298656077892,1286,0.347285984337024,False
117,2735,2,446,4023.1117534989953,749,0.20226843100189035,False
117,466,3,556,5099.148866001355,600,0.16203078584931138,False
117,2376,4,320,2891.4920026881377,997,0.2692411558196057,False
117,836,5,228,1751.0169156453537,1365,0.3686200378071834,False
117,1882,6,457,3729.7316158295102,800,0.21604104779908181,False
117,1371,7,767,7823.062410781384,375,0.1012692411558196,False
117,379,8,414,3692.3205936413024,806,0.21766135565757494,False
117,368,9,779,8483.940453676954,329,0.0888468809073724,False
117,3274,10,430,3988.466069243214,759,0.20496894409937888,False
118,1610,1,1627,21203.622112881287,53,0.01431271941668917,False
118,849,2,484,4137.1956080371765,732,0.19767755873615986,False
118,368,3,779,8483.940453676954,329,0.0888468809073724,False
118,2376,4,320,2891.4920026881377,997,0.2692411558196057,False
118,466,5,556,5099.148866001355,600,0.16203078584931138,False
118,1385,6,454,4354.591613583601,697,0.18822576289495005,False
118,173,7,525,4377.879222400475,694,0.18741560896570347,False
118,1371,8,767,7823.062410781384,375,0.1012692411558196,False
118,1214,9,1991,27073.43255393762,31,0.00837159060221442,False
118,1831,10,634,5734.045811516156,534,0.14420739940588712,False
119,367,1,1152,12741.333924756256,167,0.045098568728058334,False
119,1517,2,1189,14124.467774987568,132,0.035646772886848505,False
119,2470,3,899,9834.562229076122,265,0.07156359708344585,False
119,1033,4,283,2578.7567397205908,1071,0.2892249527410208,False
119,2142,5,197,1520.3767713246789,1452,0.3921145017553335,False
119,2090,6,245,2184.2402868811646,1192,0.3219011612206319,False
119,2161,7,690,7446.941259271376,402,0.10856062651903861,False
119,3254,8,430,3838.3298940131463,781,0.21091007291385364,False
119,1265,9,2248,30164.815200494995,23,0.006211180124223602,False
119,673,10,532,4697.9036556320925,656,0.1771536591952471,False
120,2194,1,1113,13673.62350752961,141,0.03807723467458817,False
120,1208,2,1158,14810.865486380973,122,0.03294625978935998,False
120,1610,3,1627,21203.622112881287,53,0.01431271941668917,False
120,2268,4,1047,12622.669539758992,171,0.04617877396705374,False
120,1089,5,1243,15811.006137632434,107,0.028895490143127193,False
120,1246,6,843,9953.935772641878,257,0.06940318660545504,False
120,1617,7,2242,31203.69208998335,21,0.005671077504725898,False
120,2406,8,1324,15911.425497058779,105,0.02835538752362949,False
120,1265,9,2248,30164.815200494995,23,0.006211180124223602,False
120,3098,10,539,5791.389392963434,529,0.14285714285714285,False
121,1371,1,767,7823.062410781384,375,0.1012692411558196,False
121,849,2,484,4137.1956080371765,732,0.19767755873615986,False
121,2968,3,992,11463.838815645044,204,0.05509046718876587,False
121,173,4,525,4377.879222400475,694,0.18741560896570347,False
121,1129,5,876,9592.145647702826,274,0.07399405887118553,False
121,2641,6,834,8649.795340226987,319,0.08614636780988388,False
121,1917,7,1077,11668.363657704602,199,0.0537402106400216,False
121,1037,8,589,5340.162563385103,570,0.1539292465568458,False
121,1831,9,634,5734.045811516156,534,0.14420739940588712,False
121,2406,10,1324,15911.425497058779,105,0.02835538752362949,False
122,1610,1,1627,21203.622112881287,53,0.01431271941668917,False
122,2406,2,1324,15911.425497058779,105,0.02835538752362949,False
122,849,3,484,4137.1956080371765,732,0.19767755873615986,False
122,2194,4,1113,13673.62350752961,141,0.03807723467458817,False
122,1385,5,454,4354.591613583601,697,0.18822576289495005,False
122,173,6,525,4377.879222400475,694,0.18741560896570347,False
122,1214,7,1991,27073.43255393762,31,0.00837159060221442,False
122,589,8,2605,36165.89894183467,9,0.0024304617877396704,False
122,1240,9,2057,28063.17128497621,28,0.007561436672967864,False
122,2916,10,1962,24846.965069643964,34,0.009181744531460978,False
123,2735,1,446,4023.1117534989953,749,0.20226843100189035,False
123,2376,2,320,2891.4920026881377,997,0.2692411558196057,False
123,3254,3,430,3838.3298940131463,781,0.21091007291385364,False
123,2003,4,768,8005.673345511925,362,0.09775857412908452,False
123,466,5,556,5099.148866001355,600,0.16203078584931138,False
123,2472,6,92,623.2324303085727,2067,0.5581960572508776,False
123,849,7,484,4137.1956080371765,732,0.19767755873615986,False
123,3040,8,312,2828.56852054339,1014,0.2738320280853362,False
123,2240,9,234,2078.7371845103885,1227,0.33135295706184176,False
123,371,10,210,1736.6779643129837,1372,0.3705103969754253,False
124,2268,1,1047,12622.669539758992,171,0.04617877396705374,False
124,318,2,2205,32060.29507007315,19,0.005130974885228194,False
124,1610,3,1627,21203.622112881287,53,0.01431271941668917,False
124,296,4,2138,29830.80155175783,25,0.006751282743721307,False
124,36,5,916,10862.61364956842,233,0.06292195517148258,False
124,1246,6,843,9953.935772641878,257,0.06940318660545504,False
124,2194,7,1113,13673.62350752961,141,0.03807723467458817,False
124,1784,8,1403,17648.452993612464,77,0.020793950850661626,False
124,593,9,2551,36777.598995411536,6,0.0016203078584931137,False
124,858,10,2204,31912.135776463492,20,0.0054010261949770455,False
125,2406,1,1324,15911.425497058779,105,0.02835538752362949,False
125,1214,2,1991,27073.43255393762,31,0.00837159060221442,False
125,1198,3,2495,36483.882218338185,8,0.002160410477990818,False
125,858,4,2204,31912.135776463492,20,0.0054010261949770455,False
125,849,5,484,4137.1956080371765,732,0.19767755873615986,False
125,2376,6,320,2891.4920026881377,997,0.2692411558196057,False
125,589,7,2605,36165.89894183467,9,0.0024304617877396704,False
125,1385,8,454,4354.591613583601,697,0.18822576289495005,False
125,1221,9,1675,22862.716982968926,41,0.011072103699702943,False
125,1917,10,1077,11668.363657704602,199,0.0537402106400216,False
126,2406,1,1324,15911.425497058779,105,0.02835538752362949,False
126,2194,2,1113,13673.62350752961,141,0.03807723467458817,False
126,1265,3,2248,30164.815200494995,23,0.006211180124223602,False
126,1246,4,843,9953.935772641878,257,0.06940318660545504,False
126,2470,5,899,9834.562229076122,265,0.07156359708344585,False
126,3098,6,539,5791.389392963434,529,0.14285714285714285,False
126,2268,7,1047,12622.669539758992,171,0.04617877396705374,False
126,356,8,2167,29502.95296250054,26,0.0070213340534701595,False
126,1610,9,1627,21203.622112881287,53,0.01431271941668917,False
126,2100,10,1150,13032.466469726762,158,0.04266810694031866,False
127,1610,1,1627,21203.622112881287,53,0.01431271941668917,False
127,849,2,484,4137.1956080371765,732,0.19767755873615986,False
127,2406,3,1324,15911.425497058779,105,0.02835538752362949,False
127,2194,4,1113,13673.62350752961,141,0.03807723467458817,False
127,3527,5,1274,15145.18568718097,115,0.031055900621118012,False
127,2268,6,1047,12622.669539758992,171,0.04617877396705374,False
127,1214,7,1991,27073.43255393762,31,0.00837159060221442,False
127,1831,8,634,5734.045811516156,534,0.14420739940588712,False
127,367,9,1152,12741.333924756256,167,0.045098568728058334,False
127,1089,10,1243,15811.006137632434,107,0.028895490143127193,False
128,2470,1,899,9834.562229076122,265,0.07156359708344585,False
128,2406,2,1324,15911.425497058779,105,0.02835538752362949,False
128,367,3,1152,12741.333924756256,167,0.045098568728058334,False
128,1265,4,2248,30164.815200494995,23,0.006211180124223602,False
128,356,5,2167,29502.95296250054,26,0.0070213340534701595,False
128,2374,6,238,1935.9298656077892,1286,0.347285984337024,False
128,1517,7,1189,14124.467774987568,132,0.035646772886848505,False
128,466,8,556,5099.148866001355,600,0.16203078584931138,False
128,1610,9,1627,21203.622112881287,53,0.01431271941668917,False
128,1259,10,1755,23260.316415956328,39,0.01053200108020524,False
129,1610,1,1627,21203.622112881287,53,0.01431271941668917,False
129,849,2,484,4137.1956080371765,732,0.19767755873615986,False
129,1917,3,1077,11668.363657704602,199,0.0537402106400216,False
129,3527,4,1274,15145.18568718097,115,0.031055900621118012,False
129,1385,5,454,4354.591613583601,697,0.18822576289495005,False
129,367,6,1152,12741.333924756256,167,0.045098568728058334,False
129,368,7,779,8483.940453676954,329,0.0888468809073724,False
129,112,8,561,5717.346170454003,539,0.14555765595463138,False
129,2353,9,973,11192.615485374583,214,0.05779098028625439,False
129,457,10,1970,26544.45077872737,32,0.008641641911963273,False
130,849,1,484,4137.1956080371765,732,0.19767755873615986,False
130,1385,2,454,4354.591613583601,697,0.18822576289495005,False
130,1917,3,1077,11668.363657704602,199,0.0537402106400216,False
130,2376,4,320,2891.4920026881377,997,0.2692411558196057,False
130,173,5,525,4377.879222400475,694,0.18741560896570347,False
130,1371,6,767,7823.062410781384,375,0.1012692411558196,False
130,1831,7,634,5734.045811516156,534,0.14420739940588712,False
130,2641,8,834,8649.795340226987,319,0.08614636780988388,False
130,1037,9,589,5340.162563385103,570,0.1539292465568458,False
130,733,10,1323,15999.609648258094,103,0.027815284904131786,False
131,1246,1,843,9953.935772641878,257,0.06940318660545504,False
131,2406,2,1324,15911.425497058779,105,0.02835538752362949,False
131,2268,3,1047,12622.669539758992,171,0.04617877396705374,False
131,3098,4,539,5791.389392963434,529,0.14285714285714285,False
131,2194,5,1113,13673.62350752961,141,0.03807723467458817,False
131,2470,6,899,9834.562229076122,265,0.07156359708344585,False
131,1208,7,1158,14810.865486380973,122,0.03294625978935998,False
131,367,8,1152,12741.333924756256,167,0.045098568728058334,False
131,1517,9,1189,14124.467774987568,132,0.035646772886848505,False
131,1958,10,521,5376.900874888158,564,0.15230893869835269,False
132,2470,1,899,9834.562229076122,265,0.07156359708344585,False
132,3253,2,1112,12868.676927414986,165,0.044558466108560624,False
132,1641,3,1185,14406.19469979475,128,0.03456656764785309,False
132,3087,4,509,5141.8302460362265,596,0.16095058061031595,False
132,2144,5,711,7834.074928836634,372,0.10045908722657305,False
132,356,6,2167,29502.95296250054,26,0.0070213340534701595,False
132,2858,7,3379,50257.027663730645,1,0.00027005130974885227,False
132,2003,8,768,8005.673345511925,362,0.09775857412908452,False
132,441,9,639,6905.694113478035,441,0.11909262759924386,False
132,2997,10,2207,30287.330109496044,22,0.00594112881447475,False
133,2470,1,899,9834.562229076122,265,0.07156359708344585,False
133,2406,2,1324,15911.425497058779,105,0.02835538752362949,False
133,1784,3,1403,17648.452993612464,77,0.020793950850661626,False
133,367,4,1152,12741.333924756256,167,0.045098568728058334,False
133,3098,5,539,5791.389392963434,529,0.14285714285714285,False
133,1517,6,1189,14124.467774987568,132,0.035646772886848505,False
133,1265,7,2248,30164.815200494995,23,0.006211180124223602,False
133,2194,8,1113,13673.62350752961,141,0.03807723467458817,False
133,2374,9,238,1935.9298656077892,1286,0.347285984337024,False
133,1060,10,777,8969.938991330382,297,0.08020523899540913,False
134,466,1,556,5099.148866001355,600,0.16203078584931138,False
134,1610,2,1627,21203.622112881287,53,0.01431271941668917,False
134,3274,3,430,3988.466069243214,759,0.20496894409937888,False
134,1479,4,549,5376.050373048992,565,0.15257899000810154,False
134,3527,5,1274,15145.18568718097,115,0.031055900621118012,False
134,2406,6,1324,15911.425497058779,105,0.02835538752362949,False
134,2376,7,320,2891.4920026881377,997,0.2692411558196057,False
134,2126,8,476,4227.832554503958,711,0.19200648123143396,False
134,1049,9,441,4251.734297690233,707,0.19092627599243855,False
134,2735,10,446,4023.1117534989953,749,0.20226843100189035,False
135,2699,1,1333,14386.47750003128,129,0.03483661895760194,False
135,2997,2,2207,30287.330109496044,22,0.00594112881447475,False
135,3578,3,1859,24884.900654850804,33,0.008911693221712126,False
135,1517,4,1189,14124.467774987568,132,0.035646772886848505,False
135,1265,5,2248,30164.815200494995,23,0.006211180124223602,False
135,356,6,2167,29502.95296250054,26,0.0070213340534701595,False
135,367,7,1152,12741.333924756256,167,0.045098568728058334,False
135,1784,8,1403,17648.452993612464,77,0.020793950850661626,False
135,3408,9,1267,15537.228995551348,113,0.03051579800162031,False
135,2599,10,1499,18986.948429983197,63,0.017013232514177693,False
136,2374,1,238,1935.9298656077892,1286,0.347285984337024,False
136,2470,2,899,9834.562229076122,265,0.07156359708344585,False
136,3254,3,430,3838.3298940131463,781,0.21091007291385364,False
136,2406,4,1324,15911.425497058779,105,0.02835538752362949,False
136,1246,5,843,9953.935772641878,257,0.06940318660545504,False
136,2735,6,446,4023.1117534989953,749,0.20226843100189035,False
136,1958,7,521,5376.900874888158,564,0.15230893869835269,False
136,466,8,556,5099.148866001355,600,0.16203078584931138,False
136,3040,9,312,2828.56852054339,1014,0.2738320280853362,False
136,3098,10,539,5791.389392963434,529,0.14285714285714285,False
137,849,1,484,4137.1956080371765,732,0.19767755873615986,False
137,2406,2,1324,15911.425497058779,105,0.02835538752362949,False
137,1917,3,1077,11668.363657704602,199,0.0537402106400216,False
137,368,4,779,8483.940453676954,329,0.0888468809073724,False
137,466,5,556,5099.148866001355,600,0.16203078584931138,False
137,2470,6,899,9834.562229076122,265,0.07156359708344585,False
137,1831,7,634,5734.045811516156,534,0.14420739940588712,False
137,1722,8,847,9207.403508173844,289,0.07804482851741831,False
137,2194,9,1113,13673.62350752961,141,0.03807723467458817,False
137,1037,10,589,5340.162563385103,570,0.1539292465568458,False
138,2268,1,1047,12622.669539758992,171,0.04617877396705374,False
138,1610,2,1627,21203.622112881287,53,0.01431271941668917,False
138,1208,3,1158,14810.865486380973,122,0.03294625978935998,False
138,1265,4,2248,30164.815200494995,23,0.006211180124223602,False
138,367,5,1152,12741.333924756256,167,0.045098568728058334,False
138,111,6,1229,15718.304403803608,109,0.029435592762624897,False
138,1214,7,1991,27073.43255393762,31,0.00837159060221442,False
138,1198,8,2495,36483.882218338185,8,0.002160410477990818,False
138,2406,9,1324,15911.425497058779,105,0.02835538752362949,False
138,1246,10,843,9953.935772641878,257,0.06940318660545504,False
139,2470,1,899,9834.562229076122,265,0.07156359708344585,False
139,849,2,484,4137.1956080371765,732,0.19767755873615986,False
139,1371,3,767,7823.062410781384,375,0.1012692411558196,False
139,367,4,1152,12741.333924756256,167,0.045098568728058334,False
139,1917,5,1077,11668.363657704602,199,0.0537402106400216,False
139,173,6,525,4377.879222400475,694,0.18741560896570347,False
139,1265,7,2248,30164.815200494995,23,0.006211180124223602,False
139,1517,8,1189,14124.467774987568,132,0.035646772886848505,False
139,466,9,556,5099.148866001355,600,0.16203078584931138,False
139,1246,10,843,9953.935772641878,257,0.06940318660545504,False
140,904,1,1039,13489.29063272895,148,0.039967593842830135,False
140,2858,2,3379,50257.027663730645,1,0.00027005130974885227,False
140,1208,3,1158,14810.865486380973,122,0.03294625978935998,False
140,3504,4,678,7762.799452358628,381,0.10288954901431271,False
140,2186,5,475,5353.124051936431,568,0.1533891439373481,False
140,2194,6,1113,13673.62350752961,141,0.03807723467458817,False
140,2406,7,1324,15911.425497058779,105,0.02835538752362949,False
140,1084,8,680,7865.785250639774,369,0.09964893329732649,False
140,111,9,1229,15718.304403803608,109,0.029435592762624897,False
140,1244,10,708,8232.71579415292,347,0.09370780448285174,False
141,858,1,2204,31912.135776463492,20,0.0054010261949770455,False
141,1617,2,2242,31203.69208998335,21,0.005671077504725898,False
141,2406,3,1324,15911.425497058779,105,0.02835538752362949,False
141,1265,4,2248,30164.815200494995,23,0.006211180124223602,False
141,356,5,2167,29502.95296250054,26,0.0070213340534701595,False
141,750,6,1351,18151.316431061976,71,0.01917364299216851,False
141,1610,7,1627,21203.622112881287,53,0.01431271941668917,False
141,318,8,2205,32060.29507007315,19,0.005130974885228194,False
141,2987,9,1675,20750.54196051247,55,0.014852822036186876,False
141,1208,10,1158,14810.865486380973,122,0.03294625978935998,False
142,2268,1,1047,12622.669539758992,171,0.04617877396705374,False
142,1610,2,1627,21203.622112881287,53,0.01431271941668917,False
142,356,3,2167,29502.95296250054,26,0.0070213340534701595,False
142,367,4,1152,12741.333924756256,167,0.045098568728058334,False
142,1517,5,1189,14124.467774987568,132,0.035646772886848505,False
142,858,6,2204,31912.135776463492,20,0.0054010261949770455,False
142,1246,7,843,9953.935772641878,257,0.06940318660545504,False
142,2194,8,1113,13673.62350752961,141,0.03807723467458817,False
142,588,9,1336,16327.279898761482,95,0.025654874426140967,False
142,2406,10,1324,15911.425497058779,105,0.02835538752362949,False
143,356,1,2167,29502.95296250054,26,0.0070213340534701595,False
143,2406,2,1324,15911.425497058779,105,0.02835538752362949,False
143,1917,3,1077,11668.363657704602,199,0.0537402106400216,False
143,367,4,1152,12741.333924756256,167,0.045098568728058334,False
143,368,5,779,8483.940453676954,329,0.0888468809073724,False
143,466,6,556,5099.148866001355,600,0.16203078584931138,False
143,21,7,1332,15861.790447333964,106,0.02862543883337834,False
143,2268,8,1047,12622.669539758992,171,0.04617877396705374,False
143,2699,9,1333,14386.47750003128,129,0.03483661895760194,False
143,1385,10,454,4354.591613583601,697,0.18822576289495005,False
144,1610,1,1627,21203.622112881287,53,0.01431271941668917,False
144,849,2,484,4137.1956080371765,732,0.19767755873615986,False
144,1917,3,1077,11668.363657704602,199,0.0537402106400216,False
144,367,4,1152,12741.333924756256,167,0.045098568728058334,False
144,1831,5,634,5734.045811516156,534,0.14420739940588712,False
144,1584,6,1364,16659.438877757886,89,0.024034566567647853,False
144,1037,7,589,5340.162563385103,570,0.1539292465568458,False
144,2699,8,1333,14386.47750003128,129,0.03483661895760194,False
144,173,9,525,4377.879222400475,694,0.18741560896570347,False
144,2194,10,1113,13673.62350752961,141,0.03807723467458817,False
145,1517,1,1189,14124.467774987568,132,0.035646772886848505,False
145,2355,2,1677,21334.909548900763,50,0.013502565487442613,False
145,1265,3,2248,30164.815200494995,23,0.006211180124223602,False
145,2723,4,846,8577.128708771077,324,0.08749662435862814,False
145,2987,5,1675,20750.54196051247,55,0.014852822036186876,False
145,1784,6,1403,17648.452993612464,77,0.020793950850661626,False
145,1060,7,777,8969.938991330382,297,0.08020523899540913,False
145,367,8,1152,12741.333924756256,167,0.045098568728058334,False
145,3175,9,1697,21376.390399979813,49,0.013232514177693762,False
145,2770,10,919,9825.391991444534,266,0.07183364839319471,False
146,2374,1,238,1935.9298656077892,1286,0.347285984337024,False
146,1958,2,521,5376.900874888158,564,0.15230893869835269,False
146,3098,3,539,5791.389392963434,529,0.14285714285714285,False
146,2003,4,768,8005.673345511925,362,0.09775857412908452,False
146,3040,5,312,2828.56852054339,1014,0.2738320280853362,False
146,2735,6,446,4023.1117534989953,749,0.20226843100189035,False
146,3254,7,430,3838.3298940131463,781,0.21091007291385364,False
146,2240,8,234,2078.7371845103885,1227,0.33135295706184176,False
146,2268,9,1047,12622.669539758992,171,0.04617877396705374,False
146,1265,10,2248,30164.815200494995,23,0.006211180124223602,False
147,849,1,484,4137.1956080371765,732,0.19767755873615986,False
147,2406,2,1324,15911.425497058779,105,0.02835538752362949,False
147,2194,3,1113,13673.62350752961,141,0.03807723467458817,False
147,173,4,525,4377.879222400475,694,0.18741560896570347,False
147,1831,5,634,5734.045811516156,534,0.14420739940588712,False
147,2376,6,320,2891.4920026881377,997,0.2692411558196057,False
147,3527,7,1274,15145.18568718097,115,0.031055900621118012,False
147,1037,8,589,5340.162563385103,570,0.1539292465568458,False
147,836,9,228,1751.0169156453537,1365,0.3686200378071834,False
147,2268,10,1047,12622.669539758992,171,0.04617877396705374,False
148,2374,1,238,1935.9298656077892,1286,0.347285984337024,False
148,2735,2,446,4023.1117534989953,749,0.20226843100189035,False
148,466,3,556,5099.148866001355,600,0.16203078584931138,False
148,3254,4,430,3838.3298940131463,781,0.21091007291385364,False
148,3274,5,430,3988.466069243214,759,0.20496894409937888,False
148,1488,6,281,2321.644759691034,1148,0.31001890359168244,False
148,2003,7,768,8005.673345511925,362,0.09775857412908452,False
148,2858,8,3379,50257.027663730645,1,0.00027005130974885227,False
148,1958,9,521,5376.900874888158,564,0.15230893869835269,False
148,3098,10,539,5791.389392963434,529,0.14285714285714285,False
149,2374,1,238,1935.9298656077892,1286,0.347285984337024,False
149,2470,2,899,9834.562229076122,265,0.07156359708344585,False
149,3098,3,539,5791.389392963434,529,0.14285714285714285,False
149,466,4,556,5099.148866001355,600,0.16203078584931138,False
149,2735,5,446,4023.1117534989953,749,0.20226843100189035,False
149,2376,6,320,2891.4920026881377,997,0.2692411558196057,False
149,368,7,779,8483.940453676954,329,0.0888468809073724,False
149,2003,8,768,8005.673345511925,362,0.09775857412908452,False
149,1784,9,1403,17648.452993612464,77,0.020793950850661626,False
149,371,10,210,1736.6779643129837,1372,0.3705103969754253,False
150,3098,1,539,5791.389392963434,529,0.14285714285714285,False
150,2268,2,1047,12622.669539758992,171,0.04617877396705374,False
150,2470,3,899,9834.562229076122,265,0.07156359708344585,False
150,1958,4,521,5376.900874888158,564,0.15230893869835269,False
150,2406,5,1324,15911.425497058779,105,0.02835538752362949,False
150,2194,6,1113,13673.62350752961,141,0.03807723467458817,False
150,1784,7,1403,17648.452993612464,77,0.020793950850661626,False
150,1517,8,1189,14124.467774987568,132,0.035646772886848505,False
150,356,9,2167,29502.95296250054,26,0.0070213340534701595,False
150,2374,10,238,1935.9298656077892,1286,0.347285984337024,False
151,2374,1,238,1935.9298656077892,1286,0.347285984337024,False
151,2470,2,899,9834.562229076122,265,0.07156359708344585,False
151,3254,3,430,3838.3298940131463,781,0.21091007291385364,False
151,2735,4,446,4023.1117534989953,749,0.20226843100189035,False
151,466,5,556,5099.148866001355,600,0.16203078584931138,False
151,2003,6,768,8005.673345511925,362,0.09775857412908452,False
151,1246,7,843,9953.935772641878,257,0.06940318660545504,False
151,3087,8,509,5141.8302460362265,596,0.16095058061031595,False
151,368,9,779,8483.940453676954,329,0.0888468809073724,False
151,371,10,210,1736.6779643129837,1372,0.3705103969754253,False
152,1265,1,2248,30164.815200494995,23,0.006211180124223602,False
152,1517,2,1189,14124.467774987568,132,0.035646772886848505,False
152,2858,3,3379,50257.027663730645,1,0.00027005130974885227,False
152,356,4,2167,29502.95296250054,26,0.0070213340534701595,False
152,2997,5,2207,30287.330109496044,22,0.00594112881447475,False
152,2406,6,1324,15911.425497058779,105,0.02835538752362949,False
152,3253,7,1112,12868.676927414986,165,0.044558466108560624,False
152,1784,8,1403,17648.452993612464,77,0.020793950850661626,False
152,1060,9,777,8969.938991330382,297,0.08020523899540913,False
152,2470,10,899,9834.562229076122,265,0.07156359708344585,False
153,1517,1,1189,14124.467774987568,132,0.035646772886848505,False
153,2997,2,2207,30287.330109496044,22,0.00594112881447475,False
153,1265,3,2248,30164.815200494995,23,0.006211180124223602,False
153,2355,4,1677,21334.909548900763,50,0.013502565487442613,False
153,367,5,1152,12741.333924756256,167,0.045098568728058334,False
153,356,6,2167,29502.95296250054,26,0.0070213340534701595,False
153,2395,7,1202,14591.197277188907,126,0.034026465028355386,False
153,3052,8,975,11266.50738831163,211,0.05698082635700783,False
153,1784,9,1403,17648.452993612464,77,0.020793950850661626,False
153,223,10,1396,17554.807638838876,79,0.02133405347015933,False
154,2699,1,1333,14386.47750003128,129,0.03483661895760194,False
154,2395,2,1202,14591.197277188907,126,0.034026465028355386,False
154,2987,3,1675,20750.54196051247,55,0.014852822036186876,False
154,2706,4,1357,16438.374532125355,93,0.025114771806643264,False
154,2723,5,846,8577.128708771077,324,0.08749662435862814,False
154,1517,6,1189,14124.467774987568,132,0.035646772886848505,False
154,1265,7,2248,30164.815200494995,23,0.006211180124223602,False
154,3408,8,1267,15537.228995551348,113,0.03051579800162031,False
154,223,9,1396,17554.807638838876,79,0.02133405347015933,False
154,1784,10,1403,17648.452993612464,77,0.020793950850661626,False
155,1517,1,1189,14124.467774987568,132,0.035646772886848505,False
155,3254,2,430,3838.3298940131463,781,0.21091007291385364,False
155,2374,3,238,1935.9298656077892,1286,0.347285984337024,False
155,2406,4,1324,15911.425497058779,105,0.02835538752362949,False
155,466,5,556,5099.148866001355,600,0.16203078584931138,False
155,356,6,2167,29502.95296250054,26,0.0070213340534701595,False
155,2003,7,768,8005.673345511925,362,0.09775857412908452,False
155,539,8,970,11268.418336678264,210,0.05671077504725898,False
155,368,9,779,8483.940453676954,329,0.0888468809073724,False
155,708,10,671,7027.82387859474,430,0.11612206319200648,False
156,708,1,671,7027.82387859474,430,0.11612206319200648,False
156,2406,2,1324,15911.425497058779,105,0.02835538752362949,False
156,2268,3,1047,12622.669539758992,171,0.04617877396705374,False
156,1784,4,1403,17648.452993612464,77,0.020793950850661626,False
156,367,5,1152,12741.333924756256,167,0.045098568728058334,False
156,195,6,159,1177.4403251342478,1657,0.4474750202538482,False
156,1517,7,1189,14124.467774987568,132,0.035646772886848505,False
156,2470,8,899,9834.562229076122,265,0.07156359708344585,False
156,1246,9,843,9953.935772641878,257,0.06940318660545504,False
156,2100,10,1150,13032.466469726762,158,0.04266810694031866,False
157,2003,1,768,8005.673345511925,362,0.09775857412908452,False
157,466,2,556,5099.148866001355,600,0.16203078584931138,False
157,3254,3,430,3838.3298940131463,781,0.21091007291385364,False
157,2376,4,320,2891.4920026881377,997,0.2692411558196057,False
157,849,5,484,4137.1956080371765,732,0.19767755873615986,False
157,3098,6,539,5791.389392963434,529,0.14285714285714285,False
157,2194,7,1113,13673.62350752961,141,0.03807723467458817,False
157,1246,8,843,9953.935772641878,257,0.06940318660545504,False
157,3087,9,509,5141.8302460362265,596,0.16095058061031595,False
157,367,10,1152,12741.333924756256,167,0.045098568728058334,False
158,1208,1,1158,14810.865486380973,122,0.03294625978935998,False
158,1084,2,680,7865.785250639774,369,0.09964893329732649,False
158,3504,3,678,7762.799452358628,381,0.10288954901431271,False
158,1244,4,708,8232.71579415292,347,0.09370780448285174,False
158,858,5,2204,31912.135776463492,20,0.0054010261949770455,False
158,904,6,1039,13489.29063272895,148,0.039967593842830135,False
158,1221,7,1675,22862.716982968926,41,0.011072103699702943,False
158,2186,8,475,5353.124051936431,568,0.1533891439373481,False
158,969,9,1037,13046.278423208978,157,0.04239805563056981,False
158,111,10,1229,15718.304403803608,109,0.029435592762624897,False
159,2997,1,2207,30287.330109496044,22,0.00594112881447475,False
159,1265,2,2248,30164.815200494995,23,0.006211180124223602,False
159,2395,3,1202,14591.197277188907,126,0.034026465028355386,False
159,356,4,2167,29502.95296250054,26,0.0070213340534701595,False
159,1517,5,1189,14124.467774987568,132,0.035646772886848505,False
159,2699,6,1333,14386.47750003128,129,0.03483661895760194,False
159,2723,7,846,8577.128708771077,324,0.08749662435862814,False
159,2770,8,919,9825.391991444534,266,0.07183364839319471,False
159,785,9,755,8106.09460306757,358,0.09667836889008911,False
159,3175,10,1697,21376.390399979813,49,0.013232514177693762,False
160,849,1,484,4137.1956080371765,732,0.19767755873615986,False
160,1917,2,1077,11668.363657704602,199,0.0537402106400216,False
160,2406,3,1324,15911.425497058779,105,0.02835538752362949,False
160,1610,4,1627,21203.622112881287,53,0.01431271941668917,False
160,2194,5,1113,13673.62350752961,141,0.03807723467458817,False
160,173,6,525,4377.879222400475,694,0.18741560896570347,False
160,1831,7,634,5734.045811516156,534,0.14420739940588712,False
160,1214,8,1991,27073.43255393762,31,0.00837159060221442,False
160,2470,9,899,9834.562229076122,265,0.07156359708344585,False
160,3527,10,1274,15145.18568718097,115,0.031055900621118012,False
161,1246,1,843,9953.935772641878,257,0.06940318660545504,False
161,3098,2,539,5791.389392963434,529,0.14285714285714285,False
161,1958,3,521,5376.900874888158,564,0.15230893869835269,False
161,2194,4,1113,13673.62350752961,141,0.03807723467458817,False
161,2406,5,1324,15911.425497058779,105,0.02835538752362949,False
161,2470,6,899,9834.562229076122,265,0.07156359708344585,False
161,3504,7,678,7762.799452358628,381,0.10288954901431271,False
161,858,8,2204,31912.135776463492,20,0.0054010261949770455,False
161,1060,9,777,8969.938991330382,297,0.08020523899540913,False
161,2374,10,238,1935.9298656077892,1286,0.347285984337024,False
162,1610,1,1627,21203.622112881287,53,0.01431271941668917,False
162,2406,2,1324,15911.425497058779,105,0.02835538752362949,False
162,1917,3,1077,11668.363657704602,199,0.0537402106400216,False
162,849,4,484,4137.1956080371765,732,0.19767755873615986,False
162,466,5,556,5099.148866001355,600,0.16203078584931138,False
162,367,6,1152,12741.333924756256,167,0.045098568728058334,False
162,368,7,779,8483.940453676954,329,0.0888468809073724,False
162,1517,8,1189,14124.467774987568,132,0.035646772886848505,False
162,2194,9,1113,13673.62350752961,141,0.03807723467458817,False
162,2353,10,973,11192.615485374583,214,0.05779098028625439,False
163,2374,1,238,1935.9298656077892,1286,0.347285984337024,False
163,466,2,556,5099.148866001355,600,0.16203078584931138,False
163,2735,3,446,4023.1117534989953,749,0.20226843100189035,False
163,3254,4,430,3838.3298940131463,781,0.21091007291385364,False
163,1488,5,281,2321.644759691034,1148,0.31001890359168244,False
163,2406,6,1324,15911.425497058779,105,0.02835538752362949,False
163,2376,7,320,2891.4920026881377,997,0.2692411558196057,False
163,2003,8,768,8005.673345511925,362,0.09775857412908452,False
163,2470,9,899,9834.562229076122,265,0.07156359708344585,False
163,1610,10,1627,21203.622112881287,53,0.01431271941668917,False
164,953,1,718,8613.709447935711,322,0.08695652173913043,False
164,1208,2,1158,14810.865486380973,122,0.03294625978935998,False
164,2406,3,1324,15911.425497058779,105,0.02835538752362949,False
164,3098,4,539,5791.389392963434,529,0.14285714285714285,False
164,1246,5,843,9953.935772641878,257,0.06940318660545504,False
164,1265,6,2248,30164.815200494995,23,0.006211180124223602,False
164,969,7,1037,13046.278423208978,157,0.04239805563056981,False
164,2194,8,1113,13673.62350752961,141,0.03807723467458817,False
164,3035,9,413,4447.089088683082,686,0.18525519848771266,False
164,1183,10,966,10960.909501000278,225,0.060761544693491765,False
165,2968,1,992,11463.838815645044,204,0.05509046718876587,False
165,2406,2,1324,15911.425497058779,105,0.02835538752362949,False
165,1129,3,876,9592.145647702826,274,0.07399405887118553,False
165,1371,4,767,7823.062410781384,375,0.1012692411558196,False
165,849,5,484,4137.1956080371765,732,0.19767755873615986,False
165,750,6,1351,18151.316431061976,71,0.01917364299216851,False
165,2470,7,899,9834.562229076122,265,0.07156359708344585,False
165,1610,8,1627,21203.622112881287,53,0.01431271941668917,False
165,2003,9,768,8005.673345511925,362,0.09775857412908452,False
165,2640,10,1202,13938.680495319237,136,0.03672697812584391,False
166,2374,1,238,1935.9298656077892,1286,0.347285984337024,False
166,2735,2,446,4023.1117534989953,749,0.20226843100189035,False
166,3254,3,430,3838.3298940131463,781,0.21091007291385364,False
166,466,4,556,5099.148866001355,600,0.16203078584931138,False
166,1246,5,843,9953.935772641878,257,0.06940318660545504,False
166,3087,6,509,5141.8302460362265,596,0.16095058061031595,False
166,1958,7,521,5376.900874888158,564,0.15230893869835269,False
166,368,8,779,8483.940453676954,329,0.0888468809073724,False
166,173,9,525,4377.879222400475,694,0.18741560896570347,False
166,3098,10,539,5791.389392963434,529,0.14285714285714285,False
167,2858,1,3379,50257.027663730645,1,0.00027005130974885227,False
167,1246,2,843,9953.935772641878,257,0.06940318660545504,False
167,2470,3,899,9834.562229076122,265,0.07156359708344585,False
167,356,4,2167,29502.95296250054,26,0.0070213340534701595,False
167,2406,5,1324,15911.425497058779,105,0.02835538752362949,False
167,367,6,1152,12741.333924756256,167,0.045098568728058334,False
167,1265,7,2248,30164.815200494995,23,0.006211180124223602,False
167,1610,8,1627,21203.622112881287,53,0.01431271941668917,False
167,1517,9,1189,14124.467774987568,132,0.035646772886848505,False
167,466,10,556,5099.148866001355,600,0.16203078584931138,False
168,2406,1,1324,15911.425497058779,105,0.02835538752362949,False
168,2470,2,899,9834.562229076122,265,0.07156359708344585,False
168,367,3,1152,12741.333924756256,167,0.045098568728058334,False
168,1517,4,1189,14124.467774987568,132,0.035646772886848505,False
168,2194,5,1113,13673.62350752961,141,0.03807723467458817,False
168,1265,6,2248,30164.815200494995,23,0.006211180124223602,False
168,2858,7,3379,50257.027663730645,1,0.00027005130974885227,False
168,1610,8,1627,21203.622112881287,53,0.01431271941668917,False
168,1246,9,843,9953.935772641878,257,0.06940318660545504,False
168,356,10,2167,29502.95296250054,26,0.0070213340534701595,False
169,2374,1,238,1935.9298656077892,1286,0.347285984337024,False
169,2735,2,446,4023.1117534989953,749,0.20226843100189035,False
169,466,3,556,5099.148866001355,600,0.16203078584931138,False
169,849,4,484,4137.1956080371765,732,0.19767755873615986,False
169,368,5,779,8483.940453676954,329,0.0888468809073724,False
169,3040,6,312,2828.56852054339,1014,0.2738320280853362,False
169,367,7,1152,12741.333924756256,167,0.045098568728058334,False
169,371,8,210,1736.6779643129837,1372,0.3705103969754253,False
169,2472,9,92,623.2324303085727,2067,0.5581960572508776,False
169,173,10,525,4377.879222400475,694,0.18741560896570347,False
170,1610,1,1627,21203.622112881287,53,0.01431271941668917,False
170,849,2,484,4137.1956080371765,732,0.19767755873615986,False
170,2194,3,1113,13673.62350752961,141,0.03807723467458817,False
170,3527,4,1274,15145.18568718097,115,0.031055900621118012,False
170,2406,5,1324,15911.425497058779,105,0.02835538752362949,False
170,1917,6,1077,11668.363657704602,199,0.0537402106400216,False
170,173,7,525,4377.879222400475,694,0.18741560896570347,False
170,1831,8,634,5734.045811516156,534,0.14420739940588712,False
170,1037,9,589,5340.162563385103,570,0.1539292465568458,False
170,1584,10,1364,16659.438877757886,89,0.024034566567647853,False
171,2470,1,899,9834.562229076122,265,0.07156359708344585,False
171,2374,2,238,1935.9298656077892,1286,0.347285984337024,False
171,1246,3,843,9953.935772641878,257,0.06940318660545504,False
171,2268,4,1047,12622.669539758992,171,0.04617877396705374,False
171,2194,5,1113,13673.62350752961,141,0.03807723467458817,False
171,2406,6,1324,15911.425497058779,105,0.02835538752362949,False
171,3098,7,539,5791.389392963434,529,0.14285714285714285,False
171,1208,8,1158,14810.865486380973,122,0.03294625978935998,False
171,367,9,1152,12741.333924756256,167,0.045098568728058334,False
171,2858,10,3379,50257.027663730645,1,0.00027005130974885227,False
172,2186,1,475,5353.124051936431,568,0.1533891439373481,False
172,904,2,1039,13489.29063272895,148,0.039967593842830135,False
172,1208,3,1158,14810.865486380973,122,0.03294625978935998,False
172,1617,4,2242,31203.69208998335,21,0.005671077504725898,False
172,3098,5,539,5791.389392963434,529,0.14285714285714285,False
172,750,6,1351,18151.316431061976,71,0.01917364299216851,False
172,3504,7,678,7762.799452358628,381,0.10288954901431271,False
172,1246,8,843,9953.935772641878,257,0.06940318660545504,False
172,2194,9,1113,13673.62350752961,141,0.03807723467458817,False
172,2987,10,1675,20750.54196051247,55,0.014852822036186876,False
173,2374,1,238,1935.9298656077892,1286,0.347285984337024,False
173,1246,2,843,9953.935772641878,257,0.06940318660545504,False
173,2268,3,1047,12622.669539758992,171,0.04617877396705374,False
173,2470,4,899,9834.562229076122,265,0.07156359708344585,False
173,2240,5,234,2078.7371845103885,1227,0.33135295706184176,False
173,953,6,718,8613.709447935711,322,0.08695652173913043,False
173,371,7,210,1736.6779643129837,1372,0.3705103969754253,False
173,2420,8,487,4839.279068525698,641,0.17310288954901432,False
173,2745,9,225,2101.812445967829,1219,0.32919254658385094,False
173,110,10,2408,33941.442422647575,14,0.003780718336483932,False
174,2406,1,1324,15911.425497058779,105,0.02835538752362949,False
174,849,2,484,4137.1956080371765,732,0.19767755873615986,False
174,1385,3,454,4354.591613583601,697,0.18822576289495005,False
174,1917,4,1077,11668.363657704602,199,0.0537402106400216,False
174,2376,5,320,2891.4920026881377,997,0.2692411558196057,False
174,173,6,525,4377.879222400475,694,0.18741560896570347,False
174,1198,7,2495,36483.882218338185,8,0.002160410477990818,False
174,1722,8,847,9207.403508173844,289,0.07804482851741831,False
174,1831,9,634,5734.045811516156,534,0.14420739940588712,False
174,733,10,1323,15999.609648258094,103,0.027815284904131786,False
175,2374,1,238,1935.9298656077892,1286,0.347285984337024,False
175,3098,2,539,5791.389392963434,529,0.14285714285714285,False
175,3254,3,430,3838.3298940131463,781,0.21091007291385364,False
175,1784,4,1403,17648.452993612464,77,0.020793950850661626,False
175,466,5,556,5099.148866001355,600,0.16203078584931138,False
175,371,6,210,1736.6779643129837,1372,0.3705103969754253,False
175,2735,7,446,4023.1117534989953,749,0.20226843100189035,False
175,3087,8,509,5141.8302460362265,596,0.16095058061031595,False
175,2240,9,234,2078.7371845103885,1227,0.33135295706184176,False
175,1208,10,1158,14810.865486380973,122,0.03294625978935998,False
176,2374,1,238,1935.9298656077892,1286,0.347285984337024,False
176,2735,2,446,4023.1117534989953,749,0.20226843100189035,False
176,3040,3,312,2828.56852054339,1014,0.2738320280853362,False
176,1517,4,1189,14124.467774987568,132,0.035646772886848505,False
176,2134,5,502,5016.90597218544,610,0.1647312989467999,False
176,1257,6,464,4928.985017983853,625,0.16878206859303269,False
176,2472,7,92,623.2324303085727,2067,0.5581960572508776,False
176,3254,8,430,3838.3298940131463,781,0.21091007291385364,False
176,1265,9,2248,30164.815200494995,23,0.006211180124223602,False
176,3253,10,1112,12868.676927414986,165,0.044558466108560624,False
177,3527,1,1274,15145.18568718097,115,0.031055900621118012,False
177,2406,2,1324,15911.425497058779,105,0.02835538752362949,False
177,1610,3,1627,21203.622112881287,53,0.01431271941668917,False
177,2968,4,992,11463.838815645044,204,0.05509046718876587,False
177,1371,5,767,7823.062410781384,375,0.1012692411558196,False
177,849,6,484,4137.1956080371765,732,0.19767755873615986,False
177,1917,7,1077,11668.363657704602,199,0.0537402106400216,False
177,2640,8,1202,13938.680495319237,136,0.03672697812584391,False
177,1129,9,876,9592.145647702826,274,0.07399405887118553,False
177,173,10,525,4377.879222400475,694,0.18741560896570347,False
178,2406,1,1324,15911.425497058779,105,0.02835538752362949,False
178,2470,2,899,9834.562229076122,265,0.07156359708344585,False
178,1265,3,2248,30164.815200494995,23,0.006211180124223602,False
178,595,4,1053,12612.15008513157,173,0.046718876586551446,False
178,2374,5,238,1935.9298656077892,1286,0.347285984337024,False
178,367,6,1152,12741.333924756256,167,0.045098568728058334,False
178,1246,7,843,9953.935772641878,257,0.06940318660545504,False
178,2003,8,768,8005.673345511925,362,0.09775857412908452,False
178,2735,9,446,4023.1117534989953,749,0.20226843100189035,False
178,1958,10,521,5376.900874888158,564,0.15230893869835269,False
179,2406,1,1324,15911.425497058779,105,0.02835538752362949,False
179,1371,2,767,7823.062410781384,375,0.1012692411558196,False
179,2470,3,899,9834.562229076122,265,0.07156359708344585,False
179,2641,4,834,8649.795340226987,319,0.08614636780988388,False
179,173,5,525,4377.879222400475,694,0.18741560896570347,False
179,849,6,484,4137.1956080371765,732,0.19767755873615986,False
179,2640,7,1202,13938.680495319237,136,0.03672697812584391,False
179,1214,8,1991,27073.43255393762,31,0.00837159060221442,False
179,1584,9,1364,16659.438877757886,89,0.024034566567647853,False
179,1037,10,589,5340.162563385103,570,0.1539292465568458,False
180,318,1,2205,32060.29507007315,19,0.005130974885228194,False
180,1246,2,843,9953.935772641878,257,0.06940318660545504,False
180,858,3,2204,31912.135776463492,20,0.0054010261949770455,False
180,2268,4,1047,12622.669539758992,171,0.04617877396705374,False
180,3098,5,539,5791.389392963434,529,0.14285714285714285,False
180,1213,6,1640,22083.331234721743,44,0.0118822576289495,False
180,36,7,916,10862.61364956842,233,0.06292195517148258,False
180,1265,8,2248,30164.815200494995,23,0.006211180124223602,False
180,1208,9,1158,14810.865486380973,122,0.03294625978935998,False
180,1089,10,1243,15811.006137632434,107,0.028895490143127193,False
181,466,1,556,5099.148866001355,600,0.16203078584931138,False
181,849,2,484,4137.1956080371765,732,0.19767755873615986,False
181,2376,3,320,2891.4920026881377,997,0.2692411558196057,False
181,1917,4,1077,11668.363657704602,199,0.0537402106400216,False
181,3033,5,882,9406.776221937542,281,0.0758844180394275,False
181,3254,6,430,3838.3298940131463,781,0.21091007291385364,False
181,3274,7,430,3988.466069243214,759,0.20496894409937888,False
181,1958,8,521,5376.900874888158,564,0.15230893869835269,False
181,1037,9,589,5340.162563385103,570,0.1539292465568458,False
181,3104,10,759,8623.31396326449,320,0.08641641911963273,False
182,3253,1,1112,12868.676927414986,165,0.044558466108560624,False
182,2268,2,1047,12622.669539758992,171,0.04617877396705374,False
182,1641,3,1185,14406.19469979475,128,0.03456656764785309,False
182,2997,4,2207,30287.330109496044,22,0.00594112881447475,False
182,2470,5,899,9834.562229076122,265,0.07156359708344585,False
182,2406,6,1324,15911.425497058779,105,0.02835538752362949,False
182,3254,7,430,3838.3298940131463,781,0.21091007291385364,False
182,21,8,1332,15861.790447333964,106,0.02862543883337834,False
182,708,9,671,7027.82387859474,430,0.11612206319200648,False
182,466,10,556,5099.148866001355,600,0.16203078584931138,False
183,2406,1,1324,15911.425497058779,105,0.02835538752362949,False
183,2470,2,899,9834.562229076122,265,0.07156359708344585,False
183,3098,3,539,5791.389392963434,529,0.14285714285714285,False
183,1246,4,843,9953.935772641878,257,0.06940318660545504,False
183,2194,5,1113,13673.62350752961,141,0.03807723467458817,False
183,858,6,2204,31912.135776463492,20,0.0054010261949770455,False
183,3504,7,678,7762.799452358628,381,0.10288954901431271,False
183,1958,8,521,5376.900874888158,564,0.15230893869835269,False
183,2268,9,1047,12622.669539758992,171,0.04617877396705374,False
183,1617,10,2242,31203.69208998335,21,0.005671077504725898,False
184,2406,1,1324,15911.425497058779,105,0.02835538752362949,False
184,1282,2,930,10977.32333448765,222,0.05995139076424521,False
184,2470,3,899,9834.562229076122,265,0.07156359708344585,False
184,2194,4,1113,13673.62350752961,141,0.03807723467458817,False
184,1610,5,1627,21203.622112881287,53,0.01431271941668917,False
184,367,6,1152,12741.333924756256,167,0.045098568728058334,False
184,1246,7,843,9953.935772641878,257,0.06940318660545504,False
184,2987,8,1675,20750.54196051247,55,0.014852822036186876,False
184,1265,9,2248,30164.815200494995,23,0.006211180124223602,False
184,2161,10,690,7446.941259271376,402,0.10856062651903861,False
185,1917,1,1077,11668.363657704602,199,0.0537402106400216,False
185,1385,2,454,4354.591613583601,697,0.18822576289495005,False
185,173,3,525,4377.879222400475,694,0.18741560896570347,False
185,1831,4,634,5734.045811516156,534,0.14420739940588712,False
185,1722,5,847,9207.403508173844,289,0.07804482851741831,False
185,2353,6,973,11192.615485374583,214,0.05779098028625439,False
185,733,7,1323,15999.609648258094,103,0.027815284904131786,False
185,648,8,1491,17515.14408729541,80,0.021604104779908182,False
185,466,9,556,5099.148866001355,600,0.16203078584931138,False
185,368,10,779,8483.940453676954,329,0.0888468809073724,False
186,588,1,1336,16327.279898761482,95,0.025654874426140967,False
186,2406,2,1324,15911.425497058779,105,0.02835538752362949,False
186,367,3,1152,12741.333924756256,167,0.045098568728058334,False
186,1610,4,1627,21203.622112881287,53,0.01431271941668917,False
186,1265,5,2248,30164.815200494995,23,0.006211180124223602,False
186,1517,6,1189,14124.467774987568,132,0.035646772886848505,False
186,2470,7,899,9834.562229076122,265,0.07156359708344585,False
186,1282,8,930,10977.32333448765,222,0.05995139076424521,False
186,356,9,2167,29502.95296250054,26,0.0070213340534701595,False
186,849,10,484,4137.1956080371765,732,0.19767755873615986,False
187,2374,1,238,1935.9298656077892,1286,0.347285984337024,False
187,1246,2,843,9953.935772641878,257,0.06940318660545504,False
187,371,3,210,1736.6779643129837,1372,0.3705103969754253,False
187,3098,4,539,5791.389392963434,529,0.14285714285714285,False
187,1958,5,521,5376.900874888158,564,0.15230893869835269,False
187,1701,6,283,2564.6343041251876,1074,0.29003510667026733,False
187,574,7,172,1430.0384174731337,1499,0.4048069133135296,False
187,100,8,125,915.2663508905672,1817,0.4906832298136646,False
187,2240,9,234,2078.7371845103885,1227,0.33135295706184176,False
187,2420,10,487,4839.279068525698,641,0.17310288954901432,False
188,849,1,484,4137.1956080371765,732,0.19767755873615986,False
188,1610,2,1627,21203.622112881287,53,0.01431271941668917,False
188,173,3,525,4377.879222400475,694,0.18741560896570347,False
188,1917,4,1077,11668.363657704602,199,0.0537402106400216,False
188,2858,5,3379,50257.027663730645,1,0.00027005130974885227,False
188,1831,6,634,5734.045811516156,534,0.14420739940588712,False
188,2987,7,1675,20750.54196051247,55,0.014852822036186876,False
188,2194,8,1113,13673.62350752961,141,0.03807723467458817,False
188,1214,9,1991,27073.43255393762,31,0.00837159060221442,False
188,1037,10,589,5340.162563385103,570,0.1539292465568458,False
189,2268,1,1047,12622.669539758992,171,0.04617877396705374,False
189,1610,2,1627,21203.622112881287,53,0.01431271941668917,False
189,1246,3,843,9953.935772641878,257,0.06940318660545504,False
189,2194,4,1113,13673.62350752961,141,0.03807723467458817,False
189,3578,5,1859,24884.900654850804,33,0.008911693221712126,False
189,367,6,1152,12741.333924756256,167,0.045098568728058334,False
189,466,7,556,5099.148866001355,600,0.16203078584931138,False
189,296,8,2138,29830.80155175783,25,0.006751282743721307,False
189,356,9,2167,29502.95296250054,26,0.0070213340534701595,False
189,1265,10,2248,30164.815200494995,23,0.006211180124223602,False
190,2406,1,1324,15911.425497058779,105,0.02835538752362949,False
190,1246,2,843,9953.935772641878,257,0.06940318660545504,False
190,2470,3,899,9834.562229076122,265,0.07156359708344585,False
190,1265,4,2248,30164.815200494995,23,0.006211180124223602,False
190,2268,5,1047,12622.669539758992,171,0.04617877396705374,False
190,367,6,1152,12741.333924756256,167,0.045098568728058334,False
190,1517,7,1189,14124.467774987568,132,0.035646772886848505,False
190,3098,8,539,5791.389392963434,529,0.14285714285714285,False
190,1208,9,1158,14810.865486380973,122,0.03294625978935998,False
190,2003,10,768,8005.673345511925,362,0.09775857412908452,False
191,3254,1,430,3838.3298940131463,781,0.21091007291385364,False
191,2470,2,899,9834.562229076122,265,0.07156359708344585,False
191,367,3,1152,12741.333924756256,167,0.045098568728058334,False
191,1784,4,1403,17648.452993612464,77,0.020793950850661626,False
191,466,5,556,5099.148866001355,600,0.16203078584931138,False
191,2374,6,238,1935.9298656077892,1286,0.347285984337024,False
191,1265,7,2248,30164.815200494995,23,0.006211180124223602,False
191,3253,8,1112,12868.676927414986,165,0.044558466108560624,False
191,2268,9,1047,12622.669539758992,171,0.04617877396705374,False
191,356,10,2167,29502.95296250054,26,0.0070213340534701595,False
192,2374,1,238,1935.9298656077892,1286,0.347285984337024,False
192,2735,2,446,4023.1117534989953,749,0.20226843100189035,False
192,2470,3,899,9834.562229076122,265,0.07156359708344585,False
192,2406,4,1324,15911.425497058779,105,0.02835538752362949,False
192,2376,5,320,2891.4920026881377,997,0.2692411558196057,False
192,368,6,779,8483.940453676954,329,0.0888468809073724,False
192,3254,7,430,3838.3298940131463,781,0.21091007291385364,False
192,2194,8,1113,13673.62350752961,141,0.03807723467458817,False
192,3274,9,430,3988.466069243214,759,0.20496894409937888,False
192,2003,10,768,8005.673345511925,362,0.09775857412908452,False
193,2406,1,1324,15911.425497058779,105,0.02835538752362949,False
193,3504,2,678,7762.799452358628,381,0.10288954901431271,False
193,1208,3,1158,14810.865486380973,122,0.03294625978935998,False
193,1246,4,843,9953.935772641878,257,0.06940318660545504,False
193,3098,5,539,5791.389392963434,529,0.14285714285714285,False
193,2470,6,899,9834.562229076122,265,0.07156359708344585,False
193,858,7,2204,31912.135776463492,20,0.0054010261949770455,False
193,2268,8,1047,12622.669539758992,171,0.04617877396705374,False
193,2194,9,1113,13673.62350752961,141,0.03807723467458817,False
193,1244,10,708,8232.71579415292,347,0.09370780448285174,False
194,3254,1,430,3838.3298940131463,781,0.21091007291385364,False
194,2470,2,899,9834.562229076122,265,0.07156359708344585,False
194,3253,3,1112,12868.676927414986,165,0.044558466108560624,False
194,708,4,671,7027.82387859474,430,0.11612206319200648,False
194,539,5,970,11268.418336678264,210,0.05671077504725898,False
194,1784,6,1403,17648.452993612464,77,0.020793950850661626,False
194,466,7,556,5099.148866001355,600,0.16203078584931138,False
194,2671,8,766,8477.47378024496,330,0.08911693221712125,False
194,520,9,359,3138.7649747707956,932,0.2516878206859303,False
194,2374,10,238,1935.9298656077892,1286,0.347285984337024,False
195,2470,1,899,9834.562229076122,265,0.07156359708344585,False
195,466,2,556,5099.148866001355,600,0.16203078584931138,False
195,836,3,228,1751.0169156453537,1365,0.3686200378071834,False
195,2194,4,1113,13673.62350752961,141,0.03807723467458817,False
195,3098,5,539,5791.389392963434,529,0.14285714285714285,False
195,2376,6,320,2891.4920026881377,997,0.2692411558196057,False
195,1958,7,521,5376.900874888158,564,0.15230893869835269,False
195,1488,8,281,2321.644759691034,1148,0.31001890359168244,False
195,3087,9,509,5141.8302460362265,596,0.16095058061031595,False
195,3040,10,312,2828.56852054339,1014,0.2738320280853362,False
196,858,1,2204,31912.135776463492,20,0.0054010261949770455,False
196,318,2,2205,32060.29507007315,19,0.005130974885228194,False
196,1610,3,1627,21203.622112881287,53,0.01431271941668917,False
196,1265,4,2248,30164.815200494995,23,0.006211180124223602,False
196,1208,5,1158,14810.865486380973,122,0.03294625978935998,False
196,2268,6,1047,12622.669539758992,171,0.04617877396705374,False
196,1214,7,1991,27073.43255393762,31,0.00837159060221442,False
196,2997,8,2207,30287.330109496044,22,0.00594112881447475,False
196,356,9,2167,29502.95296250054,26,0.0070213340534701595,False
196,47,10,1120,13970.222093702063,134,0.03618687550634621,False
197,2858,1,3379,50257.027663730645,1,0.00027005130974885227,False
197,1265,2,2248,30164.815200494995,23,0.006211180124223602,False
197,296,3,2138,29830.80155175783,25,0.006751282743721307,False
197,356,4,2167,29502.95296250054,26,0.0070213340534701595,False
197,858,5,2204,31912.135776463492,20,0.0054010261949770455,False
197,1784,6,1403,17648.452993612464,77,0.020793950850661626,False
197,2268,7,1047,12622.669539758992,171,0.04617877396705374,False
197,1610,8,1627,21203.622112881287,53,0.01431271941668917,False
197,2194,9,1113,13673.62350752961,141,0.03807723467458817,False
197,3578,10,1859,24884.900654850804,33,0.008911693221712126,False
198,2374,1,238,1935.9298656077892,1286,0.347285984337024,False
198,849,2,484,4137.1956080371765,732,0.19767755873615986,False
198,2406,3,1324,15911.425497058779,105,0.02835538752362949,False
198,2376,4,320,2891.4920026881377,997,0.2692411558196057,False
198,1831,5,634,5734.045811516156,534,0.14420739940588712,False
198,367,6,1152,12741.333924756256,167,0.045098568728058334,False
198,3087,7,509,5141.8302460362265,596,0.16095058061031595,False
198,836,8,228,1751.0169156453537,1365,0.3686200378071834,False
198,3274,9,430,3988.466069243214,759,0.20496894409937888,False
198,3040,10,312,2828.56852054339,1014,0.2738320280853362,False
199,2374,1,238,1935.9298656077892,1286,0.347285984337024,False
199,2735,2,446,4023.1117534989953,749,0.20226843100189035,False
199,2470,3,899,9834.562229076122,265,0.07156359708344585,False
199,168,4,351,3065.213197043905,954,0.2576289495004051,False
199,1488,5,281,2321.644759691034,1148,0.31001890359168244,False
199,2194,6,1113,13673.62350752961,141,0.03807723467458817,False
199,2376,7,320,2891.4920026881377,997,0.2692411558196057,False
199,368,8,779,8483.940453676954,329,0.0888468809073724,False
199,836,9,228,1751.0169156453537,1365,0.3686200378071834,False
199,3254,10,430,3838.3298940131463,781,0.21091007291385364,False
200,2723,1,846,8577.128708771077,324,0.08749662435862814,False
200,2858,2,3379,50257.027663730645,1,0.00027005130974885227,False
200,1517,3,1189,14124.467774987568,132,0.035646772886848505,False
200,2395,4,1202,14591.197277188907,126,0.034026465028355386,False
200,3175,5,1697,21376.390399979813,49,0.013232514177693762,False
200,785,6,755,8106.09460306757,358,0.09667836889008911,False
200,223,7,1396,17554.807638838876,79,0.02133405347015933,False
200,1265,8,2248,30164.815200494995,23,0.006211180124223602,False
200,2598,9,526,4962.056034307624,618,0.1668917094247907,False
200,356,10,2167,29502.95296250054,26,0.0070213340534701595,False
201,1265,1,2248,30164.815200494995,23,0.006211180124223602,False
201,356,2,2167,29502.95296250054,26,0.0070213340534701595,False
201,2268,3,1047,12622.669539758992,171,0.04617877396705374,False
201,1517,4,1189,14124.467774987568,132,0.035646772886848505,False
201,708,5,671,7027.82387859474,430,0.11612206319200648,False
201,2671,6,766,8477.47378024496,330,0.08911693221712125,False
201,1246,7,843,9953.935772641878,257,0.06940318660545504,False
201,367,8,1152,12741.333924756256,167,0.045098568728058334,False
201,11,9,1023,12045.16513018045,185,0.049959492303537675,False
201,1393,10,1326,16137.674690050057,100,0.027005130974885227,False
202,2374,1,238,1935.9298656077892,1286,0.347285984337024,False
202,2735,2,446,4023.1117534989953,749,0.20226843100189035,False
202,3254,3,430,3838.3298940131463,781,0.21091007291385364,False
202,2376,4,320,2891.4920026881377,997,0.2692411558196057,False
202,836,5,228,1751.0169156453537,1365,0.3686200378071834,False
202,2472,6,92,623.2324303085727,2067,0.5581960572508776,False
202,3040,7,312,2828.56852054339,1014,0.2738320280853362,False
202,1958,8,521,5376.900874888158,564,0.15230893869835269,False
202,1197,9,2292,32391.5961641139,17,0.004590872265730489,False
202,2252,10,183,1432.8035994030688,1495,0.40372670807453415,False
203,1246,1,843,9953.935772641878,257,0.06940318660545504,False
203,1810,2,349,3353.6667309417803,882,0.2381852551984877,False
203,3098,3,539,5791.389392963434,529,0.14285714285714285,False
203,1268,4,315,2939.7453355895154,984,0.26573048879287064,False
203,36,5,916,10862.61364956842,233,0.06292195517148258,False
203,2374,6,238,1935.9298656077892,1286,0.347285984337024,False
203,1635,7,502,5309.273710180128,575,0.15527950310559005,False
203,1183,8,966,10960.909501000278,225,0.060761544693491765,False
203,367,9,1152,12741.333924756256,167,0.045098568728058334,False
203,296,10,2138,29830.80155175783,25,0.006751282743721307,False
204,2374,1,238,1935.9298656077892,1286,0.347285984337024,False
204,2376,2,320,2891.4920026881377,997,0.2692411558196057,False
204,3254,3,430,3838.3298940131463,781,0.21091007291385364,False
204,2194,4,1113,13673.62350752961,141,0.03807723467458817,False
204,168,5,351,3065.213197043905,954,0.2576289495004051,False
204,2003,6,768,8005.673345511925,362,0.09775857412908452,False
204,1488,7,281,2321.644759691034,1148,0.31001890359168244,False
204,3274,8,430,3988.466069243214,759,0.20496894409937888,False
204,2858,9,3379,50257.027663730645,1,0.00027005130974885227,False
204,1958,10,521,5376.900874888158,564,0.15230893869835269,False
205,2406,1,1324,15911.425497058779,105,0.02835538752362949,False
205,2470,2,899,9834.562229076122,265,0.07156359708344585,False
205,3504,3,678,7762.799452358628,381,0.10288954901431271,False
205,2194,4,1113,13673.62350752961,141,0.03807723467458817,False
205,1208,5,1158,14810.865486380973,122,0.03294625978935998,False
205,3104,6,759,8623.31396326449,320,0.08641641911963273,False
205,2858,7,3379,50257.027663730645,1,0.00027005130974885227,False
205,1244,8,708,8232.71579415292,347,0.09370780448285174,False
205,367,9,1152,12741.333924756256,167,0.045098568728058334,False
205,1517,10,1189,14124.467774987568,132,0.035646772886848505,False
206,849,1,484,4137.1956080371765,732,0.19767755873615986,False
206,173,2,525,4377.879222400475,694,0.18741560896570347,False
206,2470,3,899,9834.562229076122,265,0.07156359708344585,False
206,1831,4,634,5734.045811516156,534,0.14420739940588712,False
206,1917,5,1077,11668.363657704602,199,0.0537402106400216,False
206,2406,6,1324,15911.425497058779,105,0.02835538752362949,False
206,1037,7,589,5340.162563385103,570,0.1539292465568458,False
206,2003,8,768,8005.673345511925,362,0.09775857412908452,False
206,1371,9,767,7823.062410781384,375,0.1012692411558196,False
206,1882,10,457,3729.7316158295102,800,0.21604104779908181,False
207,2406,1,1324,15911.425497058779,105,0.02835538752362949,False
207,1610,2,1627,21203.622112881287,53,0.01431271941668917,False
207,849,3,484,4137.1956080371765,732,0.19767755873615986,False
207,3578,4,1859,24884.900654850804,33,0.008911693221712126,False
207,70,5,897,9391.034864325338,282,0.07615446934917634,False
207,2470,6,899,9834.562229076122,265,0.07156359708344585,False
207,356,7,2167,29502.95296250054,26,0.0070213340534701595,False
207,1265,8,2248,30164.815200494995,23,0.006211180124223602,False
207,367,9,1152,12741.333924756256,167,0.045098568728058334,False
207,648,10,1491,17515.14408729541,80,0.021604104779908182,False
208,1610,1,1627,21203.622112881287,53,0.01431271941668917,False
208,2406,2,1324,15911.425497058779,105,0.02835538752362949,False
208,1246,3,843,9953.935772641878,257,0.06940318660545504,False
208,2470,4,899,9834.562229076122,265,0.07156359708344585,False
208,2268,5,1047,12622.669539758992,171,0.04617877396705374,False
208,849,6,484,4137.1956080371765,732,0.19767755873615986,False
208,858,7,2204,31912.135776463492,20,0.0054010261949770455,False
208,2003,8,768,8005.673345511925,362,0.09775857412908452,False
208,3098,9,539,5791.389392963434,529,0.14285714285714285,False
208,367,10,1152,12741.333924756256,167,0.045098568728058334,False
209,2699,1,1333,14386.47750003128,129,0.03483661895760194,False
209,1517,2,1189,14124.467774987568,132,0.035646772886848505,False
209,1265,3,2248,30164.815200494995,23,0.006211180124223602,False
209,2997,4,2207,30287.330109496044,22,0.00594112881447475,False
209,367,5,1152,12741.333924756256,167,0.045098568728058334,False
209,2406,6,1324,15911.425497058779,105,0.02835538752362949,False
209,1784,7,1403,17648.452993612464,77,0.020793950850661626,False
209,2770,8,919,9825.391991444534,266,0.07183364839319471,False
209,3175,9,1697,21376.390399979813,49,0.013232514177693762,False
209,2470,10,899,9834.562229076122,265,0.07156359708344585,False
210,849,1,484,4137.1956080371765,732,0.19767755873615986,False
210,1385,2,454,4354.591613583601,697,0.18822576289495005,False
210,836,3,228,1751.0169156453537,1365,0.3686200378071834,False
210,173,4,525,4377.879222400475,694,0.18741560896570347,False
210,466,5,556,5099.148866001355,600,0.16203078584931138,False
210,1370,6,1124,12916.45219146292,163,0.04401836348906292,False
210,368,7,779,8483.940453676954,329,0.0888468809073724,False
210,1882,8,457,3729.7316158295102,800,0.21604104779908181,False
210,379,9,414,3692.3205936413024,806,0.21766135565757494,False
210,2376,10,320,2891.4920026881377,997,0.2692411558196057,False
211,849,1,484,4137.1956080371765,732,0.19767755873615986,False
211,70,2,897,9391.034864325338,282,0.07615446934917634,False
211,1610,3,1627,21203.622112881287,53,0.01431271941668917,False
211,1917,4,1077,11668.363657704602,199,0.0537402106400216,False
211,1831,5,634,5734.045811516156,534,0.14420739940588712,False
211,589,6,2605,36165.89894183467,9,0.0024304617877396704,False
211,3527,7,1274,15145.18568718097,115,0.031055900621118012,False
211,367,8,1152,12741.333924756256,167,0.045098568728058334,False
211,1214,9,1991,27073.43255393762,31,0.00837159060221442,False
211,1037,10,589,5340.162563385103,570,0.1539292465568458,False
212,2406,1,1324,15911.425497058779,105,0.02835538752362949,False
212,2470,2,899,9834.562229076122,265,0.07156359708344585,False
212,1610,3,1627,21203.622112881287,53,0.01431271941668917,False
212,1517,4,1189,14124.467774987568,132,0.035646772886848505,False
212,2194,5,1113,13673.62350752961,141,0.03807723467458817,False
212,356,6,2167,29502.95296250054,26,0.0070213340534701595,False
212,368,7,779,8483.940453676954,329,0.0888468809073724,False
212,2858,8,3379,50257.027663730645,1,0.00027005130974885227,False
212,1784,9,1403,17648.452993612464,77,0.020793950850661626,False
212,466,10,556,5099.148866001355,600,0.16203078584931138,False
213,356,1,2167,29502.95296250054,26,0.0070213340534701595,False
213,1517,2,1189,14124.467774987568,132,0.035646772886848505,False
213,367,3,1152,12741.333924756256,167,0.045098568728058334,False
213,1784,4,1403,17648.452993612464,77,0.020793950850661626,False
213,2406,5,1324,15911.425497058779,105,0.02835538752362949,False
213,2858,6,3379,50257.027663730645,1,0.00027005130974885227,False
213,539,7,970,11268.418336678264,210,0.05671077504725898,False
213,1641,8,1185,14406.19469979475,128,0.03456656764785309,False
213,2671,9,766,8477.47378024496,330,0.08911693221712125,False
213,708,10,671,7027.82387859474,430,0.11612206319200648,False
214,1517,1,1189,14124.467774987568,132,0.035646772886848505,False
214,3254,2,430,3838.3298940131463,781,0.21091007291385364,False
214,3253,3,1112,12868.676927414986,165,0.044558466108560624,False
214,708,4,671,7027.82387859474,430,0.11612206319200648,False
214,2470,5,899,9834.562229076122,265,0.07156359708344585,False
214,466,6,556,5099.148866001355,600,0.16203078584931138,False
214,441,7,639,6905.694113478035,441,0.11909262759924386,False
214,52,8,424,4260.67077492279,705,0.19038617337294086,False
214,2406,9,1324,15911.425497058779,105,0.02835538752362949,False
214,3255,10,1085,12662.849650644665,168,0.045368620037807186,False
215,849,1,484,4137.1956080371765,732,0.19767755873615986,False
215,1917,2,1077,11668.363657704602,199,0.0537402106400216,False
215,173,3,525,4377.879222400475,694,0.18741560896570347,False
215,1831,4,634,5734.045811516156,534,0.14420739940588712,False
215,1610,5,1627,21203.622112881287,53,0.01431271941668917,False
215,1037,6,589,5340.162563385103,570,0.1539292465568458,False
215,3527,7,1274,15145.18568718097,115,0.031055900621118012,False
215,2406,8,1324,15911.425497058779,105,0.02835538752362949,False
215,1371,9,767,7823.062410781384,375,0.1012692411558196,False
215,589,10,2605,36165.89894183467,9,0.0024304617877396704,False
216,2472,1,92,623.2324303085727,2067,0.5581960572508776,False
216,371,2,210,1736.6779643129837,1372,0.3705103969754253,False
216,2252,3,183,1432.8035994030688,1495,0.40372670807453415,False
216,2240,4,234,2078.7371845103885,1227,0.33135295706184176,False
216,2044,5,52,285.86101777575277,2512,0.6783688900891169,False
216,2376,6,320,2891.4920026881377,997,0.2692411558196057,False
216,2268,7,1047,12622.669539758992,171,0.04617877396705374,False
216,2420,8,487,4839.279068525698,641,0.17310288954901432,False
216,849,9,484,4137.1956080371765,732,0.19767755873615986,False
216,3500,10,172,1265.1330864492047,1598,0.43154199297866597,False
217,1610,1,1627,21203.622112881287,53,0.01431271941668917,False
217,2406,2,1324,15911.425497058779,105,0.02835538752362949,False
217,1265,3,2248,30164.815200494995,23,0.006211180124223602,False
217,1198,4,2495,36483.882218338185,8,0.002160410477990818,False
217,589,5,2605,36165.89894183467,9,0.0024304617877396704,False
217,2194,6,1113,13673.62350752961,141,0.03807723467458817,False
217,1917,7,1077,11668.363657704602,199,0.0537402106400216,False
217,858,8,2204,31912.135776463492,20,0.0054010261949770455,False
217,260,9,2948,43880.7985879179,2,0.0005401026194977045,False
217,2470,10,899,9834.562229076122,265,0.07156359708344585,False
218,2858,1,3379,50257.027663730645,1,0.00027005130974885227,False
218,2355,2,1677,21334.909548900763,50,0.013502565487442613,False
218,2395,3,1202,14591.197277188907,126,0.034026465028355386,False
218,2997,4,2207,30287.330109496044,22,0.00594112881447475,False
218,2762,5,2412,34805.42273076186,13,0.0035106670267350797,False
218,3408,6,1267,15537.228995551348,113,0.03051579800162031,False
218,1265,7,2248,30164.815200494995,23,0.006211180124223602,False
218,1517,8,1189,14124.467774987568,132,0.035646772886848505,False
218,356,9,2167,29502.95296250054,26,0.0070213340534701595,False
218,2406,10,1324,15911.425497058779,105,0.02835538752362949,False
219,1517,1,1189,14124.467774987568,132,0.035646772886848505,False
219,2374,2,238,1935.9298656077892,1286,0.347285984337024,False
219,2470,3,899,9834.562229076122,265,0.07156359708344585,False
219,3254,4,430,3838.3298940131463,781,0.21091007291385364,False
219,466,5,556,5099.148866001355,600,0.16203078584931138,False
219,367,6,1152,12741.333924756256,167,0.045098568728058334,False
219,2003,7,768,8005.673345511925,362,0.09775857412908452,False
219,2406,8,1324,15911.425497058779,105,0.02835538752362949,False
219,3578,9,1859,24884.900654850804,33,0.008911693221712126,False
219,356,10,2167,29502.95296250054,26,0.0070213340534701595,False
220,2406,1,1324,15911.425497058779,105,0.02835538752362949,False
220,1246,2,843,9953.935772641878,257,0.06940318660545504,False
220,2194,3,1113,13673.62350752961,141,0.03807723467458817,False
220,2470,4,899,9834.562229076122,265,0.07156359708344585,False
220,1517,5,1189,14124.467774987568,132,0.035646772886848505,False
220,367,6,1152,12741.333924756256,167,0.045098568728058334,False
220,2268,7,1047,12622.669539758992,171,0.04617877396705374,False
220,1610,8,1627,21203.622112881287,53,0.01431271941668917,False
220,356,9,2167,29502.95296250054,26,0.0070213340534701595,False
220,3098,10,539,5791.389392963434,529,0.14285714285714285,False
221,350,1,501,4982.653345902998,616,0.166351606805293,False
221,2268,2,1047,12622.669539758992,171,0.04617877396705374,False
221,1089,3,1243,15811.006137632434,107,0.028895490143127193,False
221,1610,4,1627,21203.622112881287,53,0.01431271941668917,False
221,2126,5,476,4227.832554503958,711,0.19200648123143396,False
221,367,6,1152,12741.333924756256,167,0.045098568728058334,False
221,47,7,1120,13970.222093702063,134,0.03618687550634621,False
221,296,8,2138,29830.80155175783,25,0.006751282743721307,False
221,2858,9,3379,50257.027663730645,1,0.00027005130974885227,False
221,2194,10,1113,13673.62350752961,141,0.03807723467458817,False
222,2406,1,1324,15911.425497058779,105,0.02835538752362949,False
222,2470,2,899,9834.562229076122,265,0.07156359708344585,False
222,849,3,484,4137.1956080371765,732,0.19767755873615986,False
222,173,4,525,4377.879222400475,694,0.18741560896570347,False
222,1610,5,1627,21203.622112881287,53,0.01431271941668917,False
222,1917,6,1077,11668.363657704602,199,0.0537402106400216,False
222,3527,7,1274,15145.18568718097,115,0.031055900621118012,False
222,2194,8,1113,13673.62350752961,141,0.03807723467458817,False
222,2968,9,992,11463.838815645044,204,0.05509046718876587,False
222,1371,10,767,7823.062410781384,375,0.1012692411558196,False
223,466,1,556,5099.148866001355,600,0.16203078584931138,False
223,849,2,484,4137.1956080371765,732,0.19767755873615986,False
223,2735,3,446,4023.1117534989953,749,0.20226843100189035,False
223,3254,4,430,3838.3298940131463,781,0.21091007291385364,False
223,173,5,525,4377.879222400475,694,0.18741560896570347,False
223,2374,6,238,1935.9298656077892,1286,0.347285984337024,False
223,2003,7,768,8005.673345511925,362,0.09775857412908452,False
223,1385,8,454,4354.591613583601,697,0.18822576289495005,False
223,1831,9,634,5734.045811516156,534,0.14420739940588712,False
223,3253,10,1112,12868.676927414986,165,0.044558466108560624,False
224,1246,1,843,9953.935772641878,257,0.06940318660545504,False
224,2406,2,1324,15911.425497058779,105,0.02835538752362949,False
224,2268,3,1047,12622.669539758992,171,0.04617877396705374,False
224,2470,4,899,9834.562229076122,265,0.07156359708344585,False
224,367,5,1152,12741.333924756256,167,0.045098568728058334,False
224,2194,6,1113,13673.62350752961,141,0.03807723467458817,False
224,356,7,2167,29502.95296250054,26,0.0070213340534701595,False
224,1784,8,1403,17648.452993612464,77,0.020793950850661626,False
224,1610,9,1627,21203.622112881287,53,0.01431271941668917,False
224,1958,10,521,5376.900874888158,564,0.15230893869835269,False
225,2374,1,238,1935.9298656077892,1286,0.347285984337024,False
225,2268,2,1047,12622.669539758992,171,0.04617877396705374,False
225,371,3,210,1736.6779643129837,1372,0.3705103969754253,False
225,2470,4,899,9834.562229076122,265,0.07156359708344585,False
225,2240,5,234,2078.7371845103885,1227,0.33135295706184176,False
225,3254,6,430,3838.3298940131463,781,0.21091007291385364,False
225,2406,7,1324,15911.425497058779,105,0.02835538752362949,False
225,2420,8,487,4839.279068525698,641,0.17310288954901432,False
225,1268,9,315,2939.7453355895154,984,0.26573048879287064,False
225,1701,10,283,2564.6343041251876,1074,0.29003510667026733,False
226,2406,1,1324,15911.425497058779,105,0.02835538752362949,False
226,2194,2,1113,13673.62350752961,141,0.03807723467458817,False
226,1246,3,843,9953.935772641878,257,0.06940318660545504,False
226,2470,4,899,9834.562229076122,265,0.07156359708344585,False
226,2000,5,1601,20342.080655839327,57,0.01539292465568458,False
226,3098,6,539,5791.389392963434,529,0.14285714285714285,False
226,1610,7,1627,21203.622112881287,53,0.01431271941668917,False
226,1265,8,2248,30164.815200494995,23,0.006211180124223602,False
226,858,9,2204,31912.135776463492,20,0.0054010261949770455,False
226,2858,10,3379,50257.027663730645,1,0.00027005130974885227,False
227,2858,1,3379,50257.027663730645,1,0.00027005130974885227,False
227,2699,2,1333,14386.47750003128,129,0.03483661895760194,False
227,2723,3,846,8577.128708771077,324,0.08749662435862814,False
227,2987,4,1675,20750.54196051247,55,0.014852822036186876,False
227,2395,5,1202,14591.197277188907,126,0.034026465028355386,False
227,1610,6,1627,21203.622112881287,53,0.01431271941668917,False
227,1265,7,2248,30164.815200494995,23,0.006211180124223602,False
227,1517,8,1189,14124.467774987568,132,0.035646772886848505,False
227,367,9,1152,12741.333924756256,167,0.045098568728058334,False
227,849,10,484,4137.1956080371765,732,0.19767755873615986,False
228,849,1,484,4137.1956080371765,732,0.19767755873615986,False
228,1610,2,1627,21203.622112881287,53,0.01431271941668917,False
228,1831,3,634,5734.045811516156,534,0.14420739940588712,False
228,1917,4,1077,11668.363657704602,199,0.0537402106400216,False
228,173,5,525,4377.879222400475,694,0.18741560896570347,False
228,1037,6,589,5340.162563385103,570,0.1539292465568458,False
228,70,7,897,9391.034864325338,282,0.07615446934917634,False
228,2699,8,1333,14386.47750003128,129,0.03483661895760194,False
228,589,9,2605,36165.89894183467,9,0.0024304617877396704,False
228,367,10,1152,12741.333924756256,167,0.045098568728058334,False
229,2268,1,1047,12622.669539758992,171,0.04617877396705374,False
229,849,2,484,4137.1956080371765,732,0.19767755873615986,False
229,1917,3,1077,11668.363657704602,199,0.0537402106400216,False
229,1610,4,1627,21203.622112881287,53,0.01431271941668917,False
229,2194,5,1113,13673.62350752961,141,0.03807723467458817,False
229,466,6,556,5099.148866001355,600,0.16203078584931138,False
229,3098,7,539,5791.389392963434,529,0.14285714285714285,False
229,2406,8,1324,15911.425497058779,105,0.02835538752362949,False
229,173,9,525,4377.879222400475,694,0.18741560896570347,False
229,2470,10,899,9834.562229076122,265,0.07156359708344585,False
230,2406,1,1324,15911.425497058779,105,0.02835538752362949,False
230,1246,2,843,9953.935772641878,257,0.06940318660545504,False
230,2470,3,899,9834.562229076122,265,0.07156359708344585,False
230,3098,4,539,5791.389392963434,529,0.14285714285714285,False
230,2194,5,1113,13673.62350752961,141,0.03807723467458817,False
230,2268,6,1047,12622.669539758992,171,0.04617877396705374,False
230,367,7,1152,12741.333924756256,167,0.045098568728058334,False
230,1958,8,521,5376.900874888158,564,0.15230893869835269,False
230,2858,9,3379,50257.027663730645,1,0.00027005130974885227,False
230,1517,10,1189,14124.467774987568,132,0.035646772886848505,False
231,2406,1,1324,15911.425497058779,105,0.02835538752362949,False
231,1610,2,1627,21203.622112881287,53,0.01431271941668917,False
231,2470,3,899,9834.562229076122,265,0.07156359708344585,False
231,1265,4,2248,30164.815200494995,23,0.006211180124223602,False
231,367,5,1152,12741.333924756256,167,0.045098568728058334,False
231,849,6,484,4137.1956080371765,732,0.19767755873615986,False
231,1917,7,1077,11668.363657704602,199,0.0537402106400216,False
231,2968,8,992,11463.838815645044,204,0.05509046718876587,False
231,1517,9,1189,14124.467774987568,132,0.035646772886848505,False
231,2003,10,768,8005.673345511925,362,0.09775857412908452,False
232,3253,1,1112,12868.676927414986,165,0.044558466108560624,False
232,356,2,2167,29502.95296250054,26,0.0070213340534701595,False
232,367,3,1152,12741.333924756256,167,0.045098568728058334,False
232,52,4,424,4260.67077492279,705,0.19038617337294086,False
232,708,5,671,7027.82387859474,430,0.11612206319200648,False
232,588,6,1336,16327.279898761482,95,0.025654874426140967,False
232,2470,7,899,9834.562229076122,265,0.07156359708344585,False
232,3255,8,1085,12662.849650644665,168,0.045368620037807186,False
232,21,9,1332,15861.790447333964,106,0.02862543883337834,False
232,2406,10,1324,15911.425497058779,105,0.02835538752362949,False
233,2406,1,1324,15911.425497058779,105,0.02835538752362949,False
233,1282,2,930,10977.32333448765,222,0.05995139076424521,False
233,2470,3,899,9834.562229076122,265,0.07156359708344585,False
233,1088,4,670,6879.768977779068,443,0.11963273021874156,False
233,1246,5,843,9953.935772641878,257,0.06940318660545504,False
233,2268,6,1047,12622.669539758992,171,0.04617877396705374,False
233,539,7,970,11268.418336678264,210,0.05671077504725898,False
233,1393,8,1326,16137.674690050057,100,0.027005130974885227,False
233,3098,9,539,5791.389392963434,529,0.14285714285714285,False
233,2100,10,1150,13032.466469726762,158,0.04266810694031866,False
234,1246,1,843,9953.935772641878,257,0.06940318660545504,False
234,3098,2,539,5791.389392963434,529,0.14285714285714285,False
234,2268,3,1047,12622.669539758992,171,0.04617877396705374,False
234,2194,4,1113,13673.62350752961,141,0.03807723467458817,False
234,1208,5,1158,14810.865486380973,122,0.03294625978935998,False
234,2406,6,1324,15911.425497058779,105,0.02835538752362949,False
234,296,7,2138,29830.80155175783,25,0.006751282743721307,False
234,2374,8,238,1935.9298656077892,1286,0.347285984337024,False
234,2470,9,899,9834.562229076122,265,0.07156359708344585,False
234,1221,10,1675,22862.716982968926,41,0.011072103699702943,False
235,2374,1,238,1935.9298656077892,1286,0.347285984337024,False
235,2470,2,899,9834.562229076122,265,0.07156359708344585,False
235,1958,3,521,5376.900874888158,564,0.15230893869835269,False
235,1246,4,843,9953.935772641878,257,0.06940318660545504,False
235,3098,5,539,5791.389392963434,529,0.14285714285714285,False
235,2194,6,1113,13673.62350752961,141,0.03807723467458817,False
235,2003,7,768,8005.673345511925,362,0.09775857412908452,False
235,2735,8,446,4023.1117534989953,749,0.20226843100189035,False
235,3254,9,430,3838.3298940131463,781,0.21091007291385364,False
235,3040,10,312,2828.56852054339,1014,0.2738320280853362,False
236,2194,1,1113,13673.62350752961,141,0.03807723467458817,False
236,2406,2,1324,15911.425497058779,105,0.02835538752362949,False
236,858,3,2204,31912.135776463492,20,0.0054010261949770455,False
236,3527,4,1274,15145.18568718097,115,0.031055900621118012,False
236,1246,5,843,9953.935772641878,257,0.06940318660545504,False
236,2470,6,899,9834.562229076122,265,0.07156359708344585,False
236,1265,7,2248,30164.815200494995,23,0.006211180124223602,False
236,2858,8,3379,50257.027663730645,1,0.00027005130974885227,False
236,1221,9,1675,22862.716982968926,41,0.011072103699702943,False
236,2268,10,1047,12622.669539758992,171,0.04617877396705374,False
237,2470,1,899,9834.562229076122,265,0.07156359708344585,False
237,2406,2,1324,15911.425497058779,105,0.02835538752362949,False
237,3254,3,430,3838.3298940131463,781,0.21091007291385364,False
237,1784,4,1403,17648.452993612464,77,0.020793950850661626,False
237,708,5,671,7027.82387859474,430,0.11612206319200648,False
237,2374,6,238,1935.9298656077892,1286,0.347285984337024,False
237,849,7,484,4137.1956080371765,732,0.19767755873615986,False
237,1610,8,1627,21203.622112881287,53,0.01431271941668917,False
237,2003,9,768,8005.673345511925,362,0.09775857412908452,False
237,2268,10,1047,12622.669539758992,171,0.04617877396705374,False
238,2268,1,1047,12622.669539758992,171,0.04617877396705374,False
238,1958,2,521,5376.900874888158,564,0.15230893869835269,False
238,953,3,718,8613.709447935711,322,0.08695652173913043,False
238,318,4,2205,32060.29507007315,19,0.005130974885228194,False
238,1810,5,349,3353.6667309417803,882,0.2381852551984877,False
238,1084,6,680,7865.785250639774,369,0.09964893329732649,False
238,3359,7,510,5634.559924749047,544,0.14690791250337565,False
238,1183,8,966,10960.909501000278,225,0.060761544693491765,False
238,2240,9,234,2078.7371845103885,1227,0.33135295706184176,False
238,111,10,1229,15718.304403803608,109,0.029435592762624897,False
239,356,1,2167,29502.95296250054,26,0.0070213340534701595,False
239,2268,2,1047,12622.669539758992,171,0.04617877396705374,False
239,1246,3,843,9953.935772641878,257,0.06940318660545504,False
239,2406,4,1324,15911.425497058779,105,0.02835538752362949,False
239,296,5,2138,29830.80155175783,25,0.006751282743721307,False
239,1784,6,1403,17648.452993612464,77,0.020793950850661626,False
239,2194,7,1113,13673.62350752961,141,0.03807723467458817,False
239,1208,8,1158,14810.865486380973,122,0.03294625978935998,False
239,367,9,1152,12741.333924756256,167,0.045098568728058334,False
239,858,10,2204,31912.135776463492,20,0.0054010261949770455,False
240,849,1,484,4137.1956080371765,732,0.19767755873615986,False
240,3527,2,1274,15145.18568718097,115,0.031055900621118012,False
240,2194,3,1113,13673.62350752961,141,0.03807723467458817,False
240,173,4,525,4377.879222400475,694,0.18741560896570347,False
240,2470,5,899,9834.562229076122,265,0.07156359708344585,False
240,1831,6,634,5734.045811516156,534,0.14420739940588712,False
240,1037,7,589,5340.162563385103,570,0.1539292465568458,False
240,1129,8,876,9592.145647702826,274,0.07399405887118553,False
240,2640,9,1202,13938.680495319237,136,0.03672697812584391,False
240,367,10,1152,12741.333924756256,167,0.045098568728058334,False
241,3527,1,1274,15145.18568718097,115,0.031055900621118012,False
241,1610,2,1627,21203.622112881287,53,0.01431271941668917,False
241,849,3,484,4137.1956080371765,732,0.19767755873615986,False
241,2194,4,1113,13673.62350752961,141,0.03807723467458817,False
241,2406,5,1324,15911.425497058779,105,0.02835538752362949,False
241,1371,6,767,7823.062410781384,375,0.1012692411558196,False
241,1917,7,1077,11668.363657704602,199,0.0537402106400216,False
241,1037,8,589,5340.162563385103,570,0.1539292465568458,False
241,1584,9,1364,16659.438877757886,89,0.024034566567647853,False
241,173,10,525,4377.879222400475,694,0.18741560896570347,False
242,849,1,484,4137.1956080371765,732,0.19767755873615986,False
242,2470,2,899,9834.562229076122,265,0.07156359708344585,False
242,367,3,1152,12741.333924756256,167,0.045098568728058334,False
242,173,4,525,4377.879222400475,694,0.18741560896570347,False
242,1831,5,634,5734.045811516156,534,0.14420739940588712,False
242,3527,6,1274,15145.18568718097,115,0.031055900621118012,False
242,1037,7,589,5340.162563385103,570,0.1539292465568458,False
242,2735,8,446,4023.1117534989953,749,0.20226843100189035,False
242,21,9,1332,15861.790447333964,106,0.02862543883337834,False
242,2003,10,768,8005.673345511925,362,0.09775857412908452,False
243,1517,1,1189,14124.467774987568,132,0.035646772886848505,False
243,2406,2,1324,15911.425497058779,105,0.02835538752362949,False
243,2470,3,899,9834.562229076122,265,0.07156359708344585,False
243,356,4,2167,29502.95296250054,26,0.0070213340534701595,False
243,1394,5,1415,18033.772112157483,72,0.019443694301917364,False
243,2997,6,2207,30287.330109496044,22,0.00594112881447475,False
243,3253,7,1112,12868.676927414986,165,0.044558466108560624,False
243,1784,8,1403,17648.452993612464,77,0.020793950850661626,False
243,1663,9,734,8277.8875736377,341,0.09208749662435863,False
243,2100,10,1150,13032.466469726762,158,0.04266810694031866,False
244,2406,1,1324,15911.425497058779,105,0.02835538752362949,False
244,2470,2,899,9834.562229076122,265,0.07156359708344585,False
244,367,3,1152,12741.333924756256,167,0.045098568728058334,False
244,1610,4,1627,21203.622112881287,53,0.01431271941668917,False
244,708,5,671,7027.82387859474,430,0.11612206319200648,False
244,1517,6,1189,14124.467774987568,132,0.035646772886848505,False
244,1246,7,843,9953.935772641878,257,0.06940318660545504,False
244,1784,8,1403,17648.452993612464,77,0.020793950850661626,False
244,2194,9,1113,13673.62350752961,141,0.03807723467458817,False
244,2268,10,1047,12622.669539758992,171,0.04617877396705374,False
245,836,1,228,1751.0169156453537,1365,0.3686200378071834,False
245,2472,2,92,623.2324303085727,2067,0.5581960572508776,False
245,3431,3,78,480.6392637713724,2221,0.5997839589522009,False
245,3274,4,430,3988.466069243214,759,0.20496894409937888,False
245,1958,5,521,5376.900874888158,564,0.15230893869835269,False
245,2368,6,54,251.46015737333758,2569,0.6937618147448015,False
245,1488,7,281,2321.644759691034,1148,0.31001890359168244,False
245,371,8,210,1736.6779643129837,1372,0.3705103969754253,False
245,2411,9,355,2943.340296156867,983,0.2654604374831218,False
245,1479,10,549,5376.050373048992,565,0.15257899000810154,False
246,1517,1,1189,14124.467774987568,132,0.035646772886848505,False
246,2470,2,899,9834.562229076122,265,0.07156359708344585,False
246,588,3,1336,16327.279898761482,95,0.025654874426140967,False
246,2406,4,1324,15911.425497058779,105,0.02835538752362949,False
246,356,5,2167,29502.95296250054,26,0.0070213340534701595,False
246,367,6,1152,12741.333924756256,167,0.045098568728058334,False
246,2858,7,3379,50257.027663730645,1,0.00027005130974885227,False
246,3253,8,1112,12868.676927414986,165,0.044558466108560624,False
246,2003,9,768,8005.673345511925,362,0.09775857412908452,False
246,1641,10,1185,14406.19469979475,128,0.03456656764785309,False
247,1246,1,843,9953.935772641878,257,0.06940318660545504,False
247,2268,2,1047,12622.669539758992,171,0.04617877396705374,False
247,3098,3,539,5791.389392963434,529,0.14285714285714285,False
247,1208,4,1158,14810.865486380973,122,0.03294625978935998,False
247,36,5,916,10862.61364956842,233,0.06292195517148258,False
247,2194,6,1113,13673.62350752961,141,0.03807723467458817,False
247,953,7,718,8613.709447935711,322,0.08695652173913043,False
247,1635,8,502,5309.273710180128,575,0.15527950310559005,False
247,1810,9,349,3353.6667309417803,882,0.2381852551984877,False
247,1186,10,549,5726.250837490564,537,0.14501755333513366,False
248,1610,1,1627,21203.622112881287,53,0.01431271941668917,False
248,2406,2,1324,15911.425497058779,105,0.02835538752362949,False
248,849,3,484,4137.1956080371765,732,0.19767755873615986,False
248,2194,4,1113,13673.62350752961,141,0.03807723467458817,False
248,3527,5,1274,15145.18568718097,115,0.031055900621118012,False
248,1917,6,1077,11668.363657704602,199,0.0537402106400216,False
248,1214,7,1991,27073.43255393762,31,0.00837159060221442,False
248,173,8,525,4377.879222400475,694,0.18741560896570347,False
248,1385,9,454,4354.591613583601,697,0.18822576289495005,False
248,1831,10,634,5734.045811516156,534,0.14420739940588712,False
249,2470,1,899,9834.562229076122,265,0.07156359708344585,False
249,1610,2,1627,21203.622112881287,53,0.01431271941668917,False
249,367,3,1152,12741.333924756256,167,0.045098568728058334,False
249,2194,4,1113,13673.62350752961,141,0.03807723467458817,False
249,2000,5,1601,20342.080655839327,57,0.01539292465568458,False
249,2858,6,3379,50257.027663730645,1,0.00027005130974885227,False
249,1246,7,843,9953.935772641878,257,0.06940318660545504,False
249,368,8,779,8483.940453676954,329,0.0888468809073724,False
249,466,9,556,5099.148866001355,600,0.16203078584931138,False
249,1784,10,1403,17648.452993612464,77,0.020793950850661626,False
250,849,1,484,4137.1956080371765,732,0.19767755873615986,False
250,1610,2,1627,21203.622112881287,53,0.01431271941668917,False
250,2470,3,899,9834.562229076122,265,0.07156359708344585,False
250,1917,4,1077,11668.363657704602,199,0.0537402106400216,False
250,70,5,897,9391.034864325338,282,0.07615446934917634,False
250,2406,6,1324,15911.425497058779,105,0.02835538752362949,False
250,367,7,1152,12741.333924756256,167,0.045098568728058334,False
250,2194,8,1113,13673.62350752961,141,0.03807723467458817,False
250,3527,9,1274,15145.18568718097,115,0.031055900621118012,False
250,589,10,2605,36165.89894183467,9,0.0024304617877396704,False
251,2406,1,1324,15911.425497058779,105,0.02835538752362949,False
251,849,2,484,4137.1956080371765,732,0.19767755873615986,False
251,1917,3,1077,11668.363657704602,199,0.0537402106400216,False
251,2470,4,899,9834.562229076122,265,0.07156359708344585,False
251,2194,5,1113,13673.62350752961,141,0.03807723467458817,False
251,3527,6,1274,15145.18568718097,115,0.031055900621118012,False
251,466,7,556,5099.148866001355,600,0.16203078584931138,False
251,367,8,1152,12741.333924756256,167,0.045098568728058334,False
251,1265,9,2248,30164.815200494995,23,0.006211180124223602,False
251,1385,10,454,4354.591613583601,697,0.18822576289495005,False
252,849,1,484,4137.1956080371765,732,0.19767755873615986,False
252,1610,2,1627,21203.622112881287,53,0.01431271941668917,False
252,1917,3,1077,11668.363657704602,199,0.0537402106400216,False
252,1385,4,454,4354.591613583601,697,0.18822576289495005,False
252,1831,5,634,5734.045811516156,534,0.14420739940588712,False
252,1037,6,589,5340.162563385103,570,0.1539292465568458,False
252,3527,7,1274,15145.18568718097,115,0.031055900621118012,False
252,173,8,525,4377.879222400475,694,0.18741560896570347,False
252,466,9,556,5099.148866001355,600,0.16203078584931138,False
252,1370,10,1124,12916.45219146292,163,0.04401836348906292,False
253,318,1,2205,32060.29507007315,19,0.005130974885228194,False
253,36,2,916,10862.61364956842,233,0.06292195517148258,False
253,2268,3,1047,12622.669539758992,171,0.04617877396705374,False
253,1265,4,2248,30164.815200494995,23,0.006211180124223602,False
253,1213,5,1640,22083.331234721743,44,0.0118822576289495,False
253,858,6,2204,31912.135776463492,20,0.0054010261949770455,False
253,1635,7,502,5309.273710180128,575,0.15527950310559005,False
253,3578,8,1859,24884.900654850804,33,0.008911693221712126,False
253,1246,9,843,9953.935772641878,257,0.06940318660545504,False
253,1784,10,1403,17648.452993612464,77,0.020793950850661626,False
254,2003,1,768,8005.673345511925,362,0.09775857412908452,False
254,2455,2,1052,11801.400026951189,194,0.05238995409127734,False
254,2867,3,303,2789.909518286236,1019,0.27518228463408045,False
254,1350,4,403,4017.94726079499,752,0.20307858493113692,False
254,2368,5,54,251.46015737333758,2569,0.6937618147448015,False
254,1994,6,781,8710.375073262994,311,0.08398595733189305,False
254,2406,7,1324,15911.425497058779,105,0.02835538752362949,False
254,3527,8,1274,15145.18568718097,115,0.031055900621118012,False
254,2968,9,992,11463.838815645044,204,0.05509046718876587,False
254,2513,10,298,2533.8471683721605,1083,0.29246556845800703,False
255,2406,1,1324,15911.425497058779,105,0.02835538752362949,False
255,466,2,556,5099.148866001355,600,0.16203078584931138,False
255,173,3,525,4377.879222400475,694,0.18741560896570347,False
255,2374,4,238,1935.9298656077892,1286,0.347285984337024,False
255,1610,5,1627,21203.622112881287,53,0.01431271941668917,False
255,2194,6,1113,13673.62350752961,141,0.03807723467458817,False
255,1917,7,1077,11668.363657704602,199,0.0537402106400216,False
255,368,8,779,8483.940453676954,329,0.0888468809073724,False
255,1831,9,634,5734.045811516156,534,0.14420739940588712,False
255,2376,10,320,2891.4920026881377,997,0.2692411558196057,False
256,1610,1,1627,21203.622112881287,53,0.01431271941668917,False
256,849,2,484,4137.1956080371765,732,0.19767755873615986,False
256,1917,3,1077,11668.363657704602,199,0.0537402106400216,False
256,2376,4,320,2891.4920026881377,997,0.2692411558196057,False
256,3274,5,430,3988.466069243214,759,0.20496894409937888,False
256,1722,6,847,9207.403508173844,289,0.07804482851741831,False
256,2353,7,973,11192.615485374583,214,0.05779098028625439,False
256,368,8,779,8483.940453676954,329,0.0888468809073724,False
256,3256,9,1036,12140.000461787271,184,0.049689440993788817,False
256,173,10,525,4377.879222400475,694,0.18741560896570347,False
257,1610,1,1627,21203.622112881287,53,0.01431271941668917,False
257,849,2,484,4137.1956080371765,732,0.19767755873615986,False
257,1917,3,1077,11668.363657704602,199,0.0537402106400216,False
257,2268,4,1047,12622.669539758992,171,0.04617877396705374,False
257,367,5,1152,12741.333924756256,167,0.045098568728058334,False
257,1265,6,2248,30164.815200494995,23,0.006211180124223602,False
257,2406,7,1324,15911.425497058779,105,0.02835538752362949,False
257,1089,8,1243,15811.006137632434,107,0.028895490143127193,False
257,3527,9,1274,15145.18568718097,115,0.031055900621118012,False
257,1831,10,634,5734.045811516156,534,0.14420739940588712,False
258,2268,1,1047,12622.669539758992,171,0.04617877396705374,False
258,2194,2,1113,13673.62350752961,141,0.03807723467458817,False
258,2406,3,1324,15911.425497058779,105,0.02835538752362949,False
258,849,4,484,4137.1956080371765,732,0.19767755873615986,False
258,1917,5,1077,11668.363657704602,199,0.0537402106400216,False
258,367,6,1152,12741.333924756256,167,0.045098568728058334,False
258,1246,7,843,9953.935772641878,257,0.06940318660545504,False
258,368,8,779,8483.940453676954,329,0.0888468809073724,False
258,2470,9,899,9834.562229076122,265,0.07156359708344585,False
258,466,10,556,5099.148866001355,600,0.16203078584931138,False
259,1610,1,1627,21203.622112881287,53,0.01431271941668917,False
259,1246,2,843,9953.935772641878,257,0.06940318660545504,False
259,2194,3,1113,13673.62350752961,141,0.03807723467458817,False
259,367,4,1152,12741.333924756256,167,0.045098568728058334,False
259,1517,5,1189,14124.467774987568,132,0.035646772886848505,False
259,356,6,2167,29502.95296250054,26,0.0070213340534701595,False
259,2406,7,1324,15911.425497058779,105,0.02835538752362949,False
259,1060,8,777,8969.938991330382,297,0.08020523899540913,False
259,3098,9,539,5791.389392963434,529,0.14285714285714285,False
259,1208,10,1158,14810.865486380973,122,0.03294625978935998,False
260,1831,1,634,5734.045811516156,534,0.14420739940588712,False
260,2376,2,320,2891.4920026881377,997,0.2692411558196057,False
260,368,3,779,8483.940453676954,329,0.0888468809073724,False
260,1037,4,589,5340.162563385103,570,0.1539292465568458,False
260,3274,5,430,3988.466069243214,759,0.20496894409937888,False
260,1882,6,457,3729.7316158295102,800,0.21604104779908181,False
260,1722,7,847,9207.403508173844,289,0.07804482851741831,False
260,3527,8,1274,15145.18568718097,115,0.031055900621118012,False
260,112,9,561,5717.346170454003,539,0.14555765595463138,False
260,2353,10,973,11192.615485374583,214,0.05779098028625439,False
261,2374,1,238,1935.9298656077892,1286,0.347285984337024,False
261,2470,2,899,9834.562229076122,265,0.07156359708344585,False
261,2194,3,1113,13673.62350752961,141,0.03807723467458817,False
261,3098,4,539,5791.389392963434,529,0.14285714285714285,False
261,849,5,484,4137.1956080371765,732,0.19767755873615986,False
261,2735,6,446,4023.1117534989953,749,0.20226843100189035,False
261,3254,7,430,3838.3298940131463,781,0.21091007291385364,False
261,2003,8,768,8005.673345511925,362,0.09775857412908452,False
261,367,9,1152,12741.333924756256,167,0.045098568728058334,False
261,368,10,779,8483.940453676954,329,0.0888468809073724,False
262,849,1,484,4137.1956080371765,732,0.19767755873615986,False
262,173,2,525,4377.879222400475,694,0.18741560896570347,False
262,1831,3,634,5734.045811516156,534,0.14420739940588712,False
262,1037,4,589,5340.162563385103,570,0.1539292465568458,False
262,2641,5,834,8649.795340226987,319,0.08614636780988388,False
262,1882,6,457,3729.7316158295102,800,0.21604104779908181,False
262,379,7,414,3692.3205936413024,806,0.21766135565757494,False
262,2640,8,1202,13938.680495319237,136,0.03672697812584391,False
262,329,9,980,10763.394468070881,235,0.06346205779098028,False
262,2406,10,1324,15911.425497058779,105,0.02835538752362949,False
263,1610,1,1627,21203.622112881287,53,0.01431271941668917,False
263,367,2,1152,12741.333924756256,167,0.045098568728058334,False
263,1517,3,1189,14124.467774987568,132,0.035646772886848505,False
263,356,4,2167,29502.95296250054,26,0.0070213340534701595,False
263,849,5,484,4137.1956080371765,732,0.19767755873615986,False
263,3527,6,1274,15145.18568718097,115,0.031055900621118012,False
263,2194,7,1113,13673.62350752961,141,0.03807723467458817,False
263,1214,8,1991,27073.43255393762,31,0.00837159060221442,False
263,173,9,525,4377.879222400475,694,0.18741560896570347,False
263,2968,10,992,11463.838815645044,204,0.05509046718876587,False
264,2376,1,320,2891.4920026881377,997,0.2692411558196057,False
264,3254,2,430,3838.3298940131463,781,0.21091007291385364,False
264,849,3,484,4137.1956080371765,732,0.19767755873615986,False
264,1958,4,521,5376.900874888158,564,0.15230893869835269,False
264,2472,5,92,623.2324303085727,2067,0.5581960572508776,False
264,3098,6,539,5791.389392963434,529,0.14285714285714285,False
264,836,7,228,1751.0169156453537,1365,0.3686200378071834,False
264,1831,8,634,5734.045811516156,534,0.14420739940588712,False
264,3274,9,430,3988.466069243214,759,0.20496894409937888,False
264,1517,10,1189,14124.467774987568,132,0.035646772886848505,False
265,1265,1,2248,30164.815200494995,23,0.006211180124223602,False
265,2406,2,1324,15911.425497058779,105,0.02835538752362949,False
265,588,3,1336,16327.279898761482,95,0.025654874426140967,False
265,356,4,2167,29502.95296250054,26,0.0070213340534701595,False
265,1028,5,990,11770.931674200543,195,0.052660005401026194,False
265,2470,6,899,9834.562229076122,265,0.07156359708344585,False
265,1246,7,843,9953.935772641878,257,0.06940318660545504,False
265,2100,8,1150,13032.466469726762,158,0.04266810694031866,False
265,1517,9,1189,14124.467774987568,132,0.035646772886848505,False
265,367,10,1152,12741.333924756256,167,0.045098568728058334,False
266,2406,1,1324,15911.425497058779,105,0.02835538752362949,False
266,1246,2,843,9953.935772641878,257,0.06940318660545504,False
266,2470,3,899,9834.562229076122,265,0.07156359708344585,False
266,1265,4,2248,30164.815200494995,23,0.006211180124223602,False
266,3098,5,539,5791.389392963434,529,0.14285714285714285,False
266,2194,6,1113,13673.62350752961,141,0.03807723467458817,False
266,858,7,2204,31912.135776463492,20,0.0054010261949770455,False
266,1208,8,1158,14810.865486380973,122,0.03294625978935998,False
266,2268,9,1047,12622.669539758992,171,0.04617877396705374,False
266,356,10,2167,29502.95296250054,26,0.0070213340534701595,False
267,2268,1,1047,12622.669539758992,171,0.04617877396705374,False
267,1265,2,2248,30164.815200494995,23,0.006211180124223602,False
267,1246,3,843,9953.935772641878,257,0.06940318660545504,False
267,2406,4,1324,15911.425497058779,105,0.02835538752362949,False
267,1393,5,1326,16137.674690050057,100,0.027005130974885227,False
267,2470,6,899,9834.562229076122,265,0.07156359708344585,False
267,11,7,1023,12045.16513018045,185,0.049959492303537675,False
267,2194,8,1113,13673.62350752961,141,0.03807723467458817,False
267,1060,9,777,8969.938991330382,297,0.08020523899540913,False
267,368,10,779,8483.940453676954,329,0.0888468809073724,False
268,2470,1,899,9834.562229076122,265,0.07156359708344585,False
268,466,2,556,5099.148866001355,600,0.16203078584931138,False
268,2406,3,1324,15911.425497058779,105,0.02835538752362949,False
268,3254,4,430,3838.3298940131463,781,0.21091007291385364,False
268,368,5,779,8483.940453676954,329,0.0888468809073724,False
268,2374,6,238,1935.9298656077892,1286,0.347285984337024,False
268,708,7,671,7027.82387859474,430,0.11612206319200648,False
268,539,8,970,11268.418336678264,210,0.05671077504725898,False
268,356,9,2167,29502.95296250054,26,0.0070213340534701595,False
268,2003,10,768,8005.673345511925,362,0.09775857412908452,False
269,2268,1,1047,12622.669539758992,171,0.04617877396705374,False
269,2858,2,3379,50257.027663730645,1,0.00027005130974885227,False
269,367,3,1152,12741.333924756256,167,0.045098568728058334,False
269,1517,4,1189,14124.467774987568,132,0.035646772886848505,False
269,1610,5,1627,21203.622112881287,53,0.01431271941668917,False
269,1784,6,1403,17648.452993612464,77,0.020793950850661626,False
269,1265,7,2248,30164.815200494995,23,0.006211180124223602,False
269,1246,8,843,9953.935772641878,257,0.06940318660545504,False
269,356,9,2167,29502.95296250054,26,0.0070213340534701595,False
269,2406,10,1324,15911.425497058779,105,0.02835538752362949,False
270,2194,1,1113,13673.62350752961,141,0.03807723467458817,False
270,2406,2,1324,15911.425497058779,105,0.02835538752362949,False
270,1610,3,1627,21203.622112881287,53,0.01431271941668917,False
270,2470,4,899,9834.562229076122,265,0.07156359708344585,False
270,1246,5,843,9953.935772641878,257,0.06940318660545504,False
270,2268,6,1047,12622.669539758992,171,0.04617877396705374,False
270,1208,7,1158,14810.865486380973,122,0.03294625978935998,False
270,3098,8,539,5791.389392963434,529,0.14285714285714285,False
270,849,9,484,4137.1956080371765,732,0.19767755873615986,False
270,367,10,1152,12741.333924756256,167,0.045098568728058334,False
271,2374,1,238,1935.9298656077892,1286,0.347285984337024,False
271,2406,2,1324,15911.425497058779,105,0.02835538752362949,False
271,466,3,556,5099.148866001355,600,0.16203078584931138,False
271,2735,4,446,4023.1117534989953,749,0.20226843100189035,False
271,849,5,484,4137.1956080371765,732,0.19767755873615986,False
271,3254,6,430,3838.3298940131463,781,0.21091007291385364,False
271,2003,7,768,8005.673345511925,362,0.09775857412908452,False
271,2376,8,320,2891.4920026881377,997,0.2692411558196057,False
271,1917,9,1077,11668.363657704602,199,0.0537402106400216,False
271,520,10,359,3138.7649747707956,932,0.2516878206859303,False
272,2374,1,238,1935.9298656077892,1286,0.347285984337024,False
272,3254,2,430,3838.3298940131463,781,0.21091007291385364,False
272,173,3,525,4377.879222400475,694,0.18741560896570347,False
272,368,4,779,8483.940453676954,329,0.0888468809073724,False
272,2003,5,768,8005.673345511925,362,0.09775857412908452,False
272,1831,6,634,5734.045811516156,534,0.14420739940588712,False
272,1488,7,281,2321.644759691034,1148,0.31001890359168244,False
272,3274,8,430,3988.466069243214,759,0.20496894409937888,False
272,1037,9,589,5340.162563385103,570,0.1539292465568458,False
272,1385,10,454,4354.591613583601,697,0.18822576289495005,False
273,2406,1,1324,15911.425497058779,105,0.02835538752362949,False
273,849,2,484,4137.1956080371765,732,0.19767755873615986,False
273,1610,3,1627,21203.622112881287,53,0.01431271941668917,False
273,1917,4,1077,11668.363657704602,199,0.0537402106400216,False
273,368,5,779,8483.940453676954,329,0.0888468809073724,False
273,173,6,525,4377.879222400475,694,0.18741560896570347,False
273,1265,7,2248,30164.815200494995,23,0.006211180124223602,False
273,2194,8,1113,13673.62350752961,141,0.03807723467458817,False
273,1831,9,634,5734.045811516156,534,0.14420739940588712,False
273,2735,10,446,4023.1117534989953,749,0.20226843100189035,False
274,2268,1,1047,12622.669539758992,171,0.04617877396705374,False
274,2406,2,1324,15911.425497058779,105,0.02835538752362949,False
274,3098,3,539,5791.389392963434,529,0.14285714285714285,False
274,1610,4,1627,21203.622112881287,53,0.01431271941668917,False
274,367,5,1152,12741.333924756256,167,0.045098568728058334,False
274,2470,6,899,9834.562229076122,265,0.07156359708344585,False
274,1265,7,2248,30164.815200494995,23,0.006211180124223602,False
274,1784,8,1403,17648.452993612464,77,0.020793950850661626,False
274,356,9,2167,29502.95296250054,26,0.0070213340534701595,False
274,1517,10,1189,14124.467774987568,132,0.035646772886848505,False
275,2406,1,1324,15911.425497058779,105,0.02835538752362949,False
275,2470,2,899,9834.562229076122,265,0.07156359708344585,False
275,1958,3,521,5376.900874888158,564,0.15230893869835269,False
275,1610,4,1627,21203.622112881287,53,0.01431271941668917,False
275,2268,5,1047,12622.669539758992,171,0.04617877396705374,False
275,2374,6,238,1935.9298656077892,1286,0.347285984337024,False
275,858,7,2204,31912.135776463492,20,0.0054010261949770455,False
275,3527,8,1274,15145.18568718097,115,0.031055900621118012,False
275,1265,9,2248,30164.815200494995,23,0.006211180124223602,False
275,2003,10,768,8005.673345511925,362,0.09775857412908452,False
276,858,1,2204,31912.135776463492,20,0.0054010261949770455,False
276,2194,2,1113,13673.62350752961,141,0.03807723467458817,False
276,2268,3,1047,12622.669539758992,171,0.04617877396705374,False
276,1259,4,1755,23260.316415956328,39,0.01053200108020524,False
276,2003,5,768,8005.673345511925,362,0.09775857412908452,False
276,2406,6,1324,15911.425497058779,105,0.02835538752362949,False
276,1610,7,1627,21203.622112881287,53,0.01431271941668917,False
276,1214,8,1991,27073.43255393762,31,0.00837159060221442,False
276,367,9,1152,12741.333924756256,167,0.045098568728058334,False
276,1265,10,2248,30164.815200494995,23,0.006211180124223602,False
277,1610,1,1627,21203.622112881287,53,0.01431271941668917,False
277,2406,2,1324,15911.425497058779,105,0.02835538752362949,False
277,367,3,1152,12741.333924756256,167,0.045098568728058334,False
277,2268,4,1047,12622.669539758992,171,0.04617877396705374,False
277,849,5,484,4137.1956080371765,732,0.19767755873615986,False
277,2858,6,3379,50257.027663730645,1,0.00027005130974885227,False
277,1917,7,1077,11668.363657704602,199,0.0537402106400216,False
277,2470,8,899,9834.562229076122,265,0.07156359708344585,False
277,1393,9,1326,16137.674690050057,100,0.027005130974885227,False
277,318,10,2205,32060.29507007315,19,0.005130974885228194,False
278,2368,1,54,251.46015737333758,2569,0.6937618147448015,False
278,2868,2,60,329.8976275999082,2428,0.6556845800702134,False
278,2787,3,160,1199.2114301363333,1644,0.44396435322711314,False
278,1996,4,106,599.2902980197395,2091,0.5646772886848501,False
278,2637,5,32,159.96522093709146,2802,0.756683769916284,False
278,1999,6,124,858.2327668054841,1852,0.5001350256548744,False
278,2465,7,40,186.60699635189147,2725,0.7358898190656225,False
278,2793,8,261,2089.5212750363517,1222,0.3300027005130975,False
278,1994,9,781,8710.375073262994,311,0.08398595733189305,False
278,3693,10,176,1297.9195454428875,1571,0.4242506076154469,False
279,2194,1,1113,13673.62350752961,141,0.03807723467458817,False
279,2406,2,1324,15911.425497058779,105,0.02835538752362949,False
279,466,3,556,5099.148866001355,600,0.16203078584931138,False
279,1610,4,1627,21203.622112881287,53,0.01431271941668917,False
279,1246,5,843,9953.935772641878,257,0.06940318660545504,False
279,3098,6,539,5791.389392963434,529,0.14285714285714285,False
279,750,7,1351,18151.316431061976,71,0.01917364299216851,False
279,2268,8,1047,12622.669539758992,171,0.04617877396705374,False
279,858,9,2204,31912.135776463492,20,0.0054010261949770455,False
279,1183,10,966,10960.909501000278,225,0.060761544693491765,False
280,3504,1,678,7762.799452358628,381,0.10288954901431271,False
280,1265,2,2248,30164.815200494995,23,0.006211180124223602,False
280,1278,3,1173,15026.933672824978,118,0.03186605455036457,False
280,2406,4,1324,15911.425497058779,105,0.02835538752362949,False
280,1244,5,708,8232.71579415292,347,0.09370780448285174,False
280,1394,6,1415,18033.772112157483,72,0.019443694301917364,False
280,2470,7,899,9834.562229076122,265,0.07156359708344585,False
280,1517,8,1189,14124.467774987568,132,0.035646772886848505,False
280,1235,9,687,8038.193717867496,360,0.09721847150958682,False
280,1958,10,521,5376.900874888158,564,0.15230893869835269,False
281,318,1,2205,32060.29507007315,19,0.005130974885228194,False
281,36,2,916,10862.61364956842,233,0.06292195517148258,False
281,1265,3,2248,30164.815200494995,23,0.006211180124223602,False
281,1635,4,502,5309.273710180128,575,0.15527950310559005,False
281,1060,5,777,8969.938991330382,297,0.08020523899540913,False
281,1213,6,1640,22083.331234721743,44,0.0118822576289495,False
281,1089,7,1243,15811.006137632434,107,0.028895490143127193,False
281,1246,8,843,9953.935772641878,257,0.06940318660545504,False
281,356,9,2167,29502.95296250054,26,0.0070213340534701595,False
281,2997,10,2207,30287.330109496044,22,0.00594112881447475,False
282,2353,1,973,11192.615485374583,214,0.05779098028625439,False
282,457,2,1970,26544.45077872737,32,0.008641641911963273,False
282,1917,3,1077,11668.363657704602,199,0.0537402106400216,False
282,1722,4,847,9207.403508173844,289,0.07804482851741831,False
282,1089,5,1243,15811.006137632434,107,0.028895490143127193,False
282,3527,6,1274,15145.18568718097,115,0.031055900621118012,False
282,849,7,484,4137.1956080371765,732,0.19767755873615986,False
282,589,8,2605,36165.89894183467,9,0.0024304617877396704,False
282,2194,9,1113,13673.62350752961,141,0.03807723467458817,False
282,2268,10,1047,12622.669539758992,171,0.04617877396705374,False
283,849,1,484,4137.1956080371765,732,0.19767755873615986,False
283,1917,2,1077,11668.363657704602,199,0.0537402106400216,False
283,173,3,525,4377.879222400475,694,0.18741560896570347,False
283,1610,4,1627,21203.622112881287,53,0.01431271941668917,False
283,2406,5,1324,15911.425497058779,105,0.02835538752362949,False
283,1831,6,634,5734.045811516156,534,0.14420739940588712,False
283,367,7,1152,12741.333924756256,167,0.045098568728058334,False
283,3527,8,1274,15145.18568718097,115,0.031055900621118012,False
283,1037,9,589,5340.162563385103,570,0.1539292465568458,False
283,466,10,556,5099.148866001355,600,0.16203078584931138,False
284,2374,1,238,1935.9298656077892,1286,0.347285984337024,False
284,849,2,484,4137.1956080371765,732,0.19767755873615986,False
284,2735,3,446,4023.1117534989953,749,0.20226843100189035,False
284,466,4,556,5099.148866001355,600,0.16203078584931138,False
284,173,5,525,4377.879222400475,694,0.18741560896570347,False
284,368,6,779,8483.940453676954,329,0.0888468809073724,False
284,2376,7,320,2891.4920026881377,997,0.2692411558196057,False
284,836,8,228,1751.0169156453537,1365,0.3686200378071834,False
284,367,9,1152,12741.333924756256,167,0.045098568728058334,False
284,1037,10,589,5340.162563385103,570,0.1539292465568458,False
285,3098,1,539,5791.389392963434,529,0.14285714285714285,False
285,2268,2,1047,12622.669539758992,171,0.04617877396705374,False
285,1958,3,521,5376.900874888158,564,0.15230893869835269,False
285,2194,4,1113,13673.62350752961,141,0.03807723467458817,False
285,3504,5,678,7762.799452358628,381,0.10288954901431271,False
285,2313,6,452,4851.431428539417,639,0.1725627869295166,False
285,296,7,2138,29830.80155175783,25,0.006751282743721307,False
285,318,8,2205,32060.29507007315,19,0.005130974885228194,False
285,1089,9,1243,15811.006137632434,107,0.028895490143127193,False
285,953,10,718,8613.709447935711,322,0.08695652173913043,False
286,1610,1,1627,21203.622112881287,53,0.01431271941668917,False
286,2268,2,1047,12622.669539758992,171,0.04617877396705374,False
286,2406,3,1324,15911.425497058779,105,0.02835538752362949,False
286,318,4,2205,32060.29507007315,19,0.005130974885228194,False
286,1089,5,1243,15811.006137632434,107,0.028895490143127193,False
286,2194,6,1113,13673.62350752961,141,0.03807723467458817,False
286,1784,7,1403,17648.452993612464,77,0.020793950850661626,False
286,1517,8,1189,14124.467774987568,132,0.035646772886848505,False
286,367,9,1152,12741.333924756256,167,0.045098568728058334,False
286,1246,10,843,9953.935772641878,257,0.06940318660545504,False
287,1246,1,843,9953.935772641878,257,0.06940318660545504,False
287,1265,2,2248,30164.815200494995,23,0.006211180124223602,False
287,3098,3,539,5791.389392963434,529,0.14285714285714285,False
287,1810,4,349,3353.6667309417803,882,0.2381852551984877,False
287,1393,5,1326,16137.674690050057,100,0.027005130974885227,False
287,356,6,2167,29502.95296250054,26,0.0070213340534701595,False
287,1610,7,1627,21203.622112881287,53,0.01431271941668917,False
287,1208,8,1158,14810.865486380973,122,0.03294625978935998,False
287,2194,9,1113,13673.62350752961,141,0.03807723467458817,False
287,858,10,2204,31912.135776463492,20,0.0054010261949770455,False
288,2194,1,1113,13673.62350752961,141,0.03807723467458817,False
288,849,2,484,4137.1956080371765,732,0.19767755873615986,False
288,1917,3,1077,11668.363657704602,199,0.0537402106400216,False
288,1385,4,454,4354.591613583601,697,0.18822576289495005,False
288,2376,5,320,2891.4920026881377,997,0.2692411558196057,False
288,173,6,525,4377.879222400475,694,0.18741560896570347,False
288,1722,7,847,9207.403508173844,289,0.07804482851741831,False
288,368,8,779,8483.940453676954,329,0.0888468809073724,False
288,1214,9,1991,27073.43255393762,31,0.00837159060221442,False
288,1370,10,1124,12916.45219146292,163,0.04401836348906292,False
289,2194,1,1113,13673.62350752961,141,0.03807723467458817,False
289,1214,2,1991,27073.43255393762,31,0.00837159060221442,False
289,3527,3,1274,15145.18568718097,115,0.031055900621118012,False
289,2406,4,1324,15911.425497058779,105,0.02835538752362949,False
289,2000,5,1601,20342.080655839327,57,0.01539292465568458,False
289,1617,6,2242,31203.69208998335,21,0.005671077504725898,False
289,849,7,484,4137.1956080371765,732,0.19767755873615986,False
289,1917,8,1077,11668.363657704602,199,0.0537402106400216,False
289,1129,9,876,9592.145647702826,274,0.07399405887118553,False
289,260,10,2948,43880.7985879179,2,0.0005401026194977045,False
290,2268,1,1047,12622.669539758992,171,0.04617877396705374,False
290,296,2,2138,29830.80155175783,25,0.006751282743721307,False
290,1784,3,1403,17648.452993612464,77,0.020793950850661626,False
290,1246,4,843,9953.935772641878,257,0.06940318660545504,False
290,1610,5,1627,21203.622112881287,53,0.01431271941668917,False
290,1089,6,1243,15811.006137632434,107,0.028895490143127193,False
290,1183,7,966,10960.909501000278,225,0.060761544693491765,False
290,1213,8,1640,22083.331234721743,44,0.0118822576289495,False
290,367,9,1152,12741.333924756256,167,0.045098568728058334,False
290,2194,10,1113,13673.62350752961,141,0.03807723467458817,False
291,1246,1,843,9953.935772641878,257,0.06940318660545504,False
291,3098,2,539,5791.389392963434,529,0.14285714285714285,False
291,1208,3,1158,14810.865486380973,122,0.03294625978935998,False
291,953,4,718,8613.709447935711,322,0.08695652173913043,False
291,2268,5,1047,12622.669539758992,171,0.04617877396705374,False
291,1958,6,521,5376.900874888158,564,0.15230893869835269,False
291,2406,7,1324,15911.425497058779,105,0.02835538752362949,False
291,2194,8,1113,13673.62350752961,141,0.03807723467458817,False
291,2470,9,899,9834.562229076122,265,0.07156359708344585,False
291,1265,10,2248,30164.815200494995,23,0.006211180124223602,False
292,849,1,484,4137.1956080371765,732,0.19767755873615986,False
292,1917,2,1077,11668.363657704602,199,0.0537402106400216,False
292,1831,3,634,5734.045811516156,534,0.14420739940588712,False
292,173,4,525,4377.879222400475,694,0.18741560896570347,False
292,1037,5,589,5340.162563385103,570,0.1539292465568458,False
292,3527,6,1274,15145.18568718097,115,0.031055900621118012,False
292,1610,7,1627,21203.622112881287,53,0.01431271941668917,False
292,1214,8,1991,27073.43255393762,31,0.00837159060221442,False
292,1372,9,989,10939.760039802017,227,0.06130164731298947,False
292,1371,10,767,7823.062410781384,375,0.1012692411558196,False
293,2470,1,899,9834.562229076122,265,0.07156359708344585,False
293,2003,2,768,8005.673345511925,362,0.09775857412908452,False
293,2194,3,1113,13673.62350752961,141,0.03807723467458817,False
293,371,4,210,1736.6779643129837,1372,0.3705103969754253,False
293,1810,5,349,3353.6667309417803,882,0.2381852551984877,False
293,2240,6,234,2078.7371845103885,1227,0.33135295706184176,False
293,3254,7,430,3838.3298940131463,781,0.21091007291385364,False
293,1186,8,549,5726.250837490564,537,0.14501755333513366,False
293,2420,9,487,4839.279068525698,641,0.17310288954901432,False
293,2406,10,1324,15911.425497058779,105,0.02835538752362949,False
294,1265,1,2248,30164.815200494995,23,0.006211180124223602,False
294,1517,2,1189,14124.467774987568,132,0.035646772886848505,False
294,1641,3,1185,14406.19469979475,128,0.03456656764785309,False
294,2858,4,3379,50257.027663730645,1,0.00027005130974885227,False
294,356,5,2167,29502.95296250054,26,0.0070213340534701595,False
294,52,6,424,4260.67077492279,705,0.19038617337294086,False
294,1060,7,777,8969.938991330382,297,0.08020523899540913,False
294,441,8,639,6905.694113478035,441,0.11909262759924386,False
294,367,9,1152,12741.333924756256,167,0.045098568728058334,False
294,2395,10,1202,14591.197277188907,126,0.034026465028355386,False
295,849,1,484,4137.1956080371765,732,0.19767755873615986,False
295,2406,2,1324,15911.425497058779,105,0.02835538752362949,False
295,1917,3,1077,11668.363657704602,199,0.0537402106400216,False
295,367,4,1152,12741.333924756256,167,0.045098568728058334,False
295,2268,5,1047,12622.669539758992,171,0.04617877396705374,False
295,1831,6,634,5734.045811516156,534,0.14420739940588712,False
295,368,7,779,8483.940453676954,329,0.0888468809073724,False
295,466,8,556,5099.148866001355,600,0.16203078584931138,False
295,1037,9,589,5340.162563385103,570,0.1539292465568458,False
295,1385,10,454,4354.591613583601,697,0.18822576289495005,False
296,2003,1,768,8005.673345511925,362,0.09775857412908452,False
296,849,2,484,4137.1956080371765,732,0.19767755873615986,False
296,2406,3,1324,15911.425497058779,105,0.02835538752362949,False
296,2470,4,899,9834.562229076122,265,0.07156359708344585,False
296,3527,5,1274,15145.18568718097,115,0.031055900621118012,False
296,1831,6,634,5734.045811516156,534,0.14420739940588712,False
296,1371,7,767,7823.062410781384,375,0.1012692411558196,False
296,1917,8,1077,11668.363657704602,199,0.0537402106400216,False
296,367,9,1152,12741.333924756256,167,0.045098568728058334,False
296,173,10,525,4377.879222400475,694,0.18741560896570347,False
297,2194,1,1113,13673.62350752961,141,0.03807723467458817,False
297,2406,2,1324,15911.425497058779,105,0.02835538752362949,False
297,2268,3,1047,12622.669539758992,171,0.04617877396705374,False
297,1517,4,1189,14124.467774987568,132,0.035646772886848505,False
297,367,5,1152,12741.333924756256,167,0.045098568728058334,False
297,1246,6,843,9953.935772641878,257,0.06940318660545504,False
297,356,7,2167,29502.95296250054,26,0.0070213340534701595,False
297,2470,8,899,9834.562229076122,265,0.07156359708344585,False
297,1089,9,1243,15811.006137632434,107,0.028895490143127193,False
297,2000,10,1601,20342.080655839327,57,0.01539292465568458,False
298,1265,1,2248,30164.815200494995,23,0.006211180124223602,False
298,588,2,1336,16327.279898761482,95,0.025654874426140967,False
298,3578,3,1859,24884.900654850804,33,0.008911693221712126,False
298,356,4,2167,29502.95296250054,26,0.0070213340534701595,False
298,2997,5,2207,30287.330109496044,22,0.00594112881447475,False
298,2355,6,1677,21334.909548900763,50,0.013502565487442613,False
298,3114,7,1540,20413.05958902524,56,0.015122873345935728,False
298,1517,8,1189,14124.467774987568,132,0.035646772886848505,False
298,367,9,1152,12741.333924756256,167,0.045098568728058334,False
298,1259,10,1755,23260.316415956328,39,0.01053200108020524,False
299,1265,1,2248,30164.815200494995,23,0.006211180124223602,False
299,318,2,2205,32060.29507007315,19,0.005130974885228194,False
299,1208,3,1158,14810.865486380973,122,0.03294625978935998,False
299,1246,4,843,9953.935772641878,257,0.06940318660545504,False
299,2194,5,1113,13673.62350752961,141,0.03807723467458817,False
299,2268,6,1047,12622.669539758992,171,0.04617877396705374,False
299,3098,7,539,5791.389392963434,529,0.14285714285714285,False
299,2406,8,1324,15911.425497058779,105,0.02835538752362949,False
299,356,9,2167,29502.95296250054,26,0.0070213340534701595,False
299,3504,10,678,7762.799452358628,381,0.10288954901431271,False
300,849,1,484,4137.1956080371765,732,0.19767755873615986,False
300,2374,2,238,1935.9298656077892,1286,0.347285984337024,False
300,2268,3,1047,12622.669539758992,171,0.04617877396705374,False
300,466,4,556,5099.148866001355,600,0.16203078584931138,False
300,2376,5,320,2891.4920026881377,997,0.2692411558196057,False
300,367,6,1152,12741.333924756256,167,0.045098568728058334,False
300,2735,7,446,4023.1117534989953,749,0.20226843100189035,False
300,1917,8,1077,11668.363657704602,199,0.0537402106400216,False
300,1517,9,1189,14124.467774987568,132,0.035646772886848505,False
300,1385,10,454,4354.591613583601,697,0.18822576289495005,False
301,2374,1,238,1935.9298656077892,1286,0.347285984337024,False
301,2470,2,899,9834.562229076122,265,0.07156359708344585,False
301,466,3,556,5099.148866001355,600,0.16203078584931138,False
301,2406,4,1324,15911.425497058779,105,0.02835538752362949,False
301,2735,5,446,4023.1117534989953,749,0.20226843100189035,False
301,2003,6,768,8005.673345511925,362,0.09775857412908452,False
301,368,7,779,8483.940453676954,329,0.0888468809073724,False
301,3087,8,509,5141.8302460362265,596,0.16095058061031595,False
301,849,9,484,4137.1956080371765,732,0.19767755873615986,False
301,2194,10,1113,13673.62350752961,141,0.03807723467458817,False
302,466,1,556,5099.148866001355,600,0.16203078584931138,False
302,2735,2,446,4023.1117534989953,749,0.20226843100189035,False
302,2472,3,92,623.2324303085727,2067,0.5581960572508776,False
302,2376,4,320,2891.4920026881377,997,0.2692411558196057,False
302,520,5,359,3138.7649747707956,932,0.2516878206859303,False
302,1037,6,589,5340.162563385103,570,0.1539292465568458,False
302,371,7,210,1736.6779643129837,1372,0.3705103969754253,False
302,2194,8,1113,13673.62350752961,141,0.03807723467458817,False
302,1246,9,843,9953.935772641878,257,0.06940318660545504,False
302,168,10,351,3065.213197043905,954,0.2576289495004051,False
303,2374,1,238,1935.9298656077892,1286,0.347285984337024,False
303,2470,2,899,9834.562229076122,265,0.07156359708344585,False
303,2406,3,1324,15911.425497058779,105,0.02835538752362949,False
303,367,4,1152,12741.333924756256,167,0.045098568728058334,False
303,371,5,210,1736.6779643129837,1372,0.3705103969754253,False
303,708,6,671,7027.82387859474,430,0.11612206319200648,False
303,356,7,2167,29502.95296250054,26,0.0070213340534701595,False
303,1810,8,349,3353.6667309417803,882,0.2381852551984877,False
303,3254,9,430,3838.3298940131463,781,0.21091007291385364,False
303,1701,10,283,2564.6343041251876,1074,0.29003510667026733,False
304,2186,1,475,5353.124051936431,568,0.1533891439373481,False
304,1267,2,748,9075.945831147987,292,0.07885498244666486,False
304,904,3,1039,13489.29063272895,148,0.039967593842830135,False
304,1344,4,348,3524.753297165861,849,0.2292735619767756,False
304,930,5,434,4807.117547098921,647,0.1747231974075074,False
304,2203,6,225,2214.2885472027288,1181,0.31893059681339453,False
304,1084,7,680,7865.785250639774,369,0.09964893329732649,False
304,922,8,458,5261.789605336978,582,0.15716986227383203,False
304,3706,9,432,4203.985876641724,717,0.1936267890899271,False
304,858,10,2204,31912.135776463492,20,0.0054010261949770455,False
305,1985,1,121,790.2614618586207,1913,0.5166081555495544,False
305,2878,2,31,142.0951720147888,2853,0.7704563867134756,False
305,2328,3,172,1296.0528360161916,1573,0.42479071023494464,False
305,2867,4,303,2789.909518286236,1019,0.27518228463408045,False
305,1995,5,178,1254.0505185620025,1604,0.43316230083715906,False
305,196,6,532,4868.993364440612,635,0.1714825816905212,False
305,2793,7,261,2089.5212750363517,1222,0.3300027005130975,False
305,1323,8,41,166.3262980136099,2783,0.7515527950310559,False
305,1128,9,168,1276.0623053371146,1591,0.429651633810424,False
305,1969,10,267,1988.9936183167372,1262,0.34080475290305157,False
306,2406,1,1324,15911.425497058779,105,0.02835538752362949,False
306,1610,2,1627,21203.622112881287,53,0.01431271941668917,False
306,1517,3,1189,14124.467774987568,132,0.035646772886848505,False
306,466,4,556,5099.148866001355,600,0.16203078584931138,False
306,367,5,1152,12741.333924756256,167,0.045098568728058334,False
306,368,6,779,8483.940453676954,329,0.0888468809073724,False
306,849,7,484,4137.1956080371765,732,0.19767755873615986,False
306,1265,8,2248,30164.815200494995,23,0.006211180124223602,False
306,2194,9,1113,13673.62350752961,141,0.03807723467458817,False
306,1385,10,454,4354.591613583601,697,0.18822576289495005,False
307,3504,1,678,7762.799452358628,381,0.10288954901431271,False
307,3098,2,539,5791.389392963434,529,0.14285714285714285,False
307,1246,3,843,9953.935772641878,257,0.06940318660545504,False
307,953,4,718,8613.709447935711,322,0.08695652173913043,False
307,1186,5,549,5726.250837490564,537,0.14501755333513366,False
307,1244,6,708,8232.71579415292,347,0.09370780448285174,False
307,3035,7,413,4447.089088683082,686,0.18525519848771266,False
307,1958,8,521,5376.900874888158,564,0.15230893869835269,False
307,2194,9,1113,13673.62350752961,141,0.03807723467458817,False
307,923,10,1101,14254.934849065668,130,0.035106670267350794,False
308,2374,1,238,1935.9298656077892,1286,0.347285984337024,False
308,3254,2,430,3838.3298940131463,781,0.21091007291385364,False
308,2735,3,446,4023.1117534989953,749,0.20226843100189035,False
308,466,4,556,5099.148866001355,600,0.16203078584931138,False
308,1958,5,521,5376.900874888158,564,0.15230893869835269,False
308,3040,6,312,2828.56852054339,1014,0.2738320280853362,False
308,371,7,210,1736.6779643129837,1372,0.3705103969754253,False
308,368,8,779,8483.940453676954,329,0.0888468809073724,False
308,849,9,484,4137.1956080371765,732,0.19767755873615986,False
308,1580,10,2483,32722.625698260643,16,0.004320820955981636,False
309,1610,1,1627,21203.622112881287,53,0.01431271941668917,False
309,849,2,484,4137.1956080371765,732,0.19767755873615986,False
309,2406,3,1324,15911.425497058779,105,0.02835538752362949,False
309,2268,4,1047,12622.669539758992,171,0.04617877396705374,False
309,1831,5,634,5734.045811516156,534,0.14420739940588712,False
309,2470,6,899,9834.562229076122,265,0.07156359708344585,False
309,367,7,1152,12741.333924756256,167,0.045098568728058334,False
309,1037,8,589,5340.162563385103,570,0.1539292465568458,False
309,173,9,525,4377.879222400475,694,0.18741560896570347,False
309,1246,10,843,9953.935772641878,257,0.06940318660545504,False
310,2470,1,899,9834.562229076122,265,0.07156359708344585,False
310,2406,2,1324,15911.425497058779,105,0.02835538752362949,False
310,466,3,556,5099.148866001355,600,0.16203078584931138,False
310,3254,4,430,3838.3298940131463,781,0.21091007291385364,False
310,368,5,779,8483.940453676954,329,0.0888468809073724,False
310,2268,6,1047,12622.669539758992,171,0.04617877396705374,False
310,2003,7,768,8005.673345511925,362,0.09775857412908452,False
310,2100,8,1150,13032.466469726762,158,0.04266810694031866,False
310,1610,9,1627,21203.622112881287,53,0.01431271941668917,False
310,1641,10,1185,14406.19469979475,128,0.03456656764785309,False
311,1610,1,1627,21203.622112881287,53,0.01431271941668917,False
311,2406,2,1324,15911.425497058779,105,0.02835538752362949,False
311,849,3,484,4137.1956080371765,732,0.19767755873615986,False
311,1917,4,1077,11668.363657704602,199,0.0537402106400216,False
311,2470,5,899,9834.562229076122,265,0.07156359708344585,False
311,2194,6,1113,13673.62350752961,141,0.03807723467458817,False
311,1831,7,634,5734.045811516156,534,0.14420739940588712,False
311,173,8,525,4377.879222400475,694,0.18741560896570347,False
311,2268,9,1047,12622.669539758992,171,0.04617877396705374,False
311,1198,10,2495,36483.882218338185,8,0.002160410477990818,False
312,858,1,2204,31912.135776463492,20,0.0054010261949770455,False
312,1246,2,843,9953.935772641878,257,0.06940318660545504,False
312,3098,3,539,5791.389392963434,529,0.14285714285714285,False
312,2268,4,1047,12622.669539758992,171,0.04617877396705374,False
312,111,5,1229,15718.304403803608,109,0.029435592762624897,False
312,1221,6,1675,22862.716982968926,41,0.011072103699702943,False
312,3504,7,678,7762.799452358628,381,0.10288954901431271,False
312,1213,8,1640,22083.331234721743,44,0.0118822576289495,False
312,2194,9,1113,13673.62350752961,141,0.03807723467458817,False
312,1186,10,549,5726.250837490564,537,0.14501755333513366,False
313,1610,1,1627,21203.622112881287,53,0.01431271941668917,False
313,2406,2,1324,15911.425497058779,105,0.02835538752362949,False
313,3578,3,1859,24884.900654850804,33,0.008911693221712126,False
313,367,4,1152,12741.333924756256,167,0.045098568728058334,False
313,2194,5,1113,13673.62350752961,141,0.03807723467458817,False
313,849,6,484,4137.1956080371765,732,0.19767755873615986,False
313,2470,7,899,9834.562229076122,265,0.07156359708344585,False
313,1517,8,1189,14124.467774987568,132,0.035646772886848505,False
313,1265,9,2248,30164.815200494995,23,0.006211180124223602,False
313,589,10,2605,36165.89894183467,9,0.0024304617877396704,False
314,1958,1,521,5376.900874888158,564,0.15230893869835269,False
314,1208,2,1158,14810.865486380973,122,0.03294625978935998,False
314,2470,3,899,9834.562229076122,265,0.07156359708344585,False
314,2194,4,1113,13673.62350752961,141,0.03807723467458817,False
314,1186,5,549,5726.250837490564,537,0.14501755333513366,False
314,858,6,2204,31912.135776463492,20,0.0054010261949770455,False
314,2313,7,452,4851.431428539417,639,0.1725627869295166,False
314,356,8,2167,29502.95296250054,26,0.0070213340534701595,False
314,296,9,2138,29830.80155175783,25,0.006751282743721307,False
314,111,10,1229,15718.304403803608,109,0.029435592762624897,False
315,1610,1,1627,21203.622112881287,53,0.01431271941668917,False
315,2406,2,1324,15911.425497058779,105,0.02835538752362949,False
315,750,3,1351,18151.316431061976,71,0.01917364299216851,False
315,1214,4,1991,27073.43255393762,31,0.00837159060221442,False
315,849,5,484,4137.1956080371765,732,0.19767755873615986,False
315,858,6,2204,31912.135776463492,20,0.0054010261949770455,False
315,2194,7,1113,13673.62350752961,141,0.03807723467458817,False
315,3527,8,1274,15145.18568718097,115,0.031055900621118012,False
315,1208,9,1158,14810.865486380973,122,0.03294625978935998,False
315,2470,10,899,9834.562229076122,265,0.07156359708344585,False
316,849,1,484,4137.1956080371765,732,0.19767755873615986,False
316,173,2,525,4377.879222400475,694,0.18741560896570347,False
316,1831,3,634,5734.045811516156,534,0.14420739940588712,False
316,1037,4,589,5340.162563385103,570,0.1539292465568458,False
316,1917,5,1077,11668.363657704602,199,0.0537402106400216,False
316,1129,6,876,9592.145647702826,274,0.07399405887118553,False
316,2641,7,834,8649.795340226987,319,0.08614636780988388,False
316,379,8,414,3692.3205936413024,806,0.21766135565757494,False
316,1882,9,457,3729.7316158295102,800,0.21604104779908181,False
316,329,10,980,10763.394468070881,235,0.06346205779098028,False
317,1246,1,843,9953.935772641878,257,0.06940318660545504,False
317,2406,2,1324,15911.425497058779,105,0.02835538752362949,False
317,3098,3,539,5791.389392963434,529,0.14285714285714285,False
317,2194,4,1113,13673.62350752961,141,0.03807723467458817,False
317,2470,5,899,9834.562229076122,265,0.07156359708344585,False
317,1208,6,1158,14810.865486380973,122,0.03294625978935998,False
317,858,7,2204,31912.135776463492,20,0.0054010261949770455,False
317,2858,8,3379,50257.027663730645,1,0.00027005130974885227,False
317,1265,9,2248,30164.815200494995,23,0.006211180124223602,False
317,1958,10,521,5376.900874888158,564,0.15230893869835269,False
318,2858,1,3379,50257.027663730645,1,0.00027005130974885227,False
318,2987,2,1675,20750.54196051247,55,0.014852822036186876,False
318,2406,3,1324,15911.425497058779,105,0.02835538752362949,False
318,2470,4,899,9834.562229076122,265,0.07156359708344585,False
318,1265,5,2248,30164.815200494995,23,0.006211180124223602,False
318,1246,6,843,9953.935772641878,257,0.06940318660545504,False
318,3098,7,539,5791.389392963434,529,0.14285714285714285,False
318,2997,8,2207,30287.330109496044,22,0.00594112881447475,False
318,356,9,2167,29502.95296250054,26,0.0070213340534701595,False
318,2268,10,1047,12622.669539758992,171,0.04617877396705374,False
319,2374,1,238,1935.9298656077892,1286,0.347285984337024,False
319,1246,2,843,9953.935772641878,257,0.06940318660545504,False
319,3254,3,430,3838.3298940131463,781,0.21091007291385364,False
319,2252,4,183,1432.8035994030688,1495,0.40372670807453415,False
319,2420,5,487,4839.279068525698,641,0.17310288954901432,False
319,2240,6,234,2078.7371845103885,1227,0.33135295706184176,False
319,1810,7,349,3353.6667309417803,882,0.2381852551984877,False
319,2406,8,1324,15911.425497058779,105,0.02835538752362949,False
319,2472,9,92,623.2324303085727,2067,0.5581960572508776,False
319,1701,10,283,2564.6343041251876,1074,0.29003510667026733,False
320,1610,1,1627,21203.622112881287,53,0.01431271941668917,False
320,3578,2,1859,24884.900654850804,33,0.008911693221712126,False
320,2406,3,1324,15911.425497058779,105,0.02835538752362949,False
320,2194,4,1113,13673.62350752961,141,0.03807723467458817,False
320,356,5,2167,29502.95296250054,26,0.0070213340534701595,False
320,2268,6,1047,12622.669539758992,171,0.04617877396705374,False
320,858,7,2204,31912.135776463492,20,0.0054010261949770455,False
320,1246,8,843,9953.935772641878,257,0.06940318660545504,False
320,1265,9,2248,30164.815200494995,23,0.006211180124223602,False
320,367,10,1152,12741.333924756256,167,0.045098568728058334,False
321,849,1,484,4137.1956080371765,732,0.19767755873615986,False
321,1610,2,1627,21203.622112881287,53,0.01431271941668917,False
321,2406,3,1324,15911.425497058779,105,0.02835538752362949,False
321,466,4,556,5099.148866001355,600,0.16203078584931138,False
321,1385,5,454,4354.591613583601,697,0.18822576289495005,False
321,368,6,779,8483.940453676954,329,0.0888468809073724,False
321,836,7,228,1751.0169156453537,1365,0.3686200378071834,False
321,1722,8,847,9207.403508173844,289,0.07804482851741831,False
321,2470,9,899,9834.562229076122,265,0.07156359708344585,False
321,2194,10,1113,13673.62350752961,141,0.03807723467458817,False
322,2406,1,1324,15911.425497058779,105,0.02835538752362949,False
322,2470,2,899,9834.562229076122,265,0.07156359708344585,False
322,1246,3,843,9953.935772641878,257,0.06940318660545504,False
322,3098,4,539,5791.389392963434,529,0.14285714285714285,False
322,1265,5,2248,30164.815200494995,23,0.006211180124223602,False
322,2194,6,1113,13673.62350752961,141,0.03807723467458817,False
322,356,7,2167,29502.95296250054,26,0.0070213340534701595,False
322,1208,8,1158,14810.865486380973,122,0.03294625978935998,False
322,2268,9,1047,12622.669539758992,171,0.04617877396705374,False
322,1958,10,521,5376.900874888158,564,0.15230893869835269,False
323,1610,1,1627,21203.622112881287,53,0.01431271941668917,False
323,2406,2,1324,15911.425497058779,105,0.02835538752362949,False
323,367,3,1152,12741.333924756256,167,0.045098568728058334,False
323,1517,4,1189,14124.467774987568,132,0.035646772886848505,False
323,2194,5,1113,13673.62350752961,141,0.03807723467458817,False
323,2470,6,899,9834.562229076122,265,0.07156359708344585,False
323,858,7,2204,31912.135776463492,20,0.0054010261949770455,False
323,2268,8,1047,12622.669539758992,171,0.04617877396705374,False
323,318,9,2205,32060.29507007315,19,0.005130974885228194,False
323,296,10,2138,29830.80155175783,25,0.006751282743721307,False
324,2406,1,1324,15911.425497058779,105,0.02835538752362949,False
324,595,2,1053,12612.15008513157,173,0.046718876586551446,False
324,1917,3,1077,11668.363657704602,199,0.0537402106400216,False
324,356,4,2167,29502.95296250054,26,0.0070213340534701595,False
324,1265,5,2248,30164.815200494995,23,0.006211180124223602,False
324,849,6,484,4137.1956080371765,732,0.19767755873615986,False
324,367,7,1152,12741.333924756256,167,0.045098568728058334,False
324,2194,8,1113,13673.62350752961,141,0.03807723467458817,False
324,1282,9,930,10977.32333448765,222,0.05995139076424521,False
324,2470,10,899,9834.562229076122,265,0.07156359708344585,False
325,539,1,970,11268.418336678264,210,0.05671077504725898,False
325,3254,2,430,3838.3298940131463,781,0.21091007291385364,False
325,1517,3,1189,14124.467774987568,132,0.035646772886848505,False
325,2671,4,766,8477.47378024496,330,0.08911693221712125,False
325,367,5,1152,12741.333924756256,167,0.045098568728058334,False
325,1265,6,2248,30164.815200494995,23,0.006211180124223602,False
325,356,7,2167,29502.95296250054,26,0.0070213340534701595,False
325,520,8,359,3138.7649747707956,932,0.2516878206859303,False
325,3253,9,1112,12868.676927414986,165,0.044558466108560624,False
325,466,10,556,5099.148866001355,600,0.16203078584931138,False
326,2374,1,238,1935.9298656077892,1286,0.347285984337024,False
326,1246,2,843,9953.935772641878,257,0.06940318660545504,False
326,2194,3,1113,13673.62350752961,141,0.03807723467458817,False
326,2003,4,768,8005.673345511925,362,0.09775857412908452,False
326,2735,5,446,4023.1117534989953,749,0.20226843100189035,False
326,3254,6,430,3838.3298940131463,781,0.21091007291385364,False
326,466,7,556,5099.148866001355,600,0.16203078584931138,False
326,3040,8,312,2828.56852054339,1014,0.2738320280853362,False
326,367,9,1152,12741.333924756256,167,0.045098568728058334,False
326,371,10,210,1736.6779643129837,1372,0.3705103969754253,False
327,3504,1,678,7762.799452358628,381,0.10288954901431271,False
327,1246,2,843,9953.935772641878,257,0.06940318660545504,False
327,1186,3,549,5726.250837490564,537,0.14501755333513366,False
327,111,4,1229,15718.304403803608,109,0.029435592762624897,False
327,1958,5,521,5376.900874888158,564,0.15230893869835269,False
327,2194,6,1113,13673.62350752961,141,0.03807723467458817,False
327,3359,7,510,5634.559924749047,544,0.14690791250337565,False
327,923,8,1101,14254.934849065668,130,0.035106670267350794,False
327,2268,9,1047,12622.669539758992,171,0.04617877396705374,False
327,2313,10,452,4851.431428539417,639,0.1725627869295166,False
328,849,1,484,4137.1956080371765,732,0.19767755873615986,False
328,1385,2,454,4354.591613583601,697,0.18822576289495005,False
328,1831,3,634,5734.045811516156,534,0.14420739940588712,False
328,173,4,525,4377.879222400475,694,0.18741560896570347,False
328,1722,5,847,9207.403508173844,289,0.07804482851741831,False
328,2353,6,973,11192.615485374583,214,0.05779098028625439,False
328,1037,7,589,5340.162563385103,570,0.1539292465568458,False
328,733,8,1323,15999.609648258094,103,0.027815284904131786,False
328,3527,9,1274,15145.18568718097,115,0.031055900621118012,False
328,466,10,556,5099.148866001355,600,0.16203078584931138,False
329,2374,1,238,1935.9298656077892,1286,0.347285984337024,False
329,466,2,556,5099.148866001355,600,0.16203078584931138,False
329,849,3,484,4137.1956080371765,732,0.19767755873615986,False
329,3040,4,312,2828.56852054339,1014,0.2738320280853362,False
329,520,5,359,3138.7649747707956,932,0.2516878206859303,False
329,2472,6,92,623.2324303085727,2067,0.5581960572508776,False
329,3243,7,288,2248.1547885086075,1171,0.316230083715906,False
329,371,8,210,1736.6779643129837,1372,0.3705103969754253,False
329,2252,9,183,1432.8035994030688,1495,0.40372670807453415,False
329,542,10,202,1528.8750204692742,1446,0.3904941938968404,False
330,1208,1,1158,14810.865486380973,122,0.03294625978935998,False
330,2858,2,3379,50257.027663730645,1,0.00027005130974885227,False
330,2194,3,1113,13673.62350752961,141,0.03807723467458817,False
330,1610,4,1627,21203.622112881287,53,0.01431271941668917,False
330,318,5,2205,32060.29507007315,19,0.005130974885228194,False
330,1246,6,843,9953.935772641878,257,0.06940318660545504,False
330,2268,7,1047,12622.669539758992,171,0.04617877396705374,False
330,1214,8,1991,27073.43255393762,31,0.00837159060221442,False
330,2406,9,1324,15911.425497058779,105,0.02835538752362949,False
330,296,10,2138,29830.80155175783,25,0.006751282743721307,False
331,2374,1,238,1935.9298656077892,1286,0.347285984337024,False
331,3254,2,430,3838.3298940131463,781,0.21091007291385364,False
331,2470,3,899,9834.562229076122,265,0.07156359708344585,False
331,1268,4,315,2939.7453355895154,984,0.26573048879287064,False
331,2252,5,183,1432.8035994030688,1495,0.40372670807453415,False
331,2420,6,487,4839.279068525698,641,0.17310288954901432,False
331,2240,7,234,2078.7371845103885,1227,0.33135295706184176,False
331,1701,8,283,2564.6343041251876,1074,0.29003510667026733,False
331,806,9,57,355.28876342281166,2379,0.6424520658925196,False
331,466,10,556,5099.148866001355,600,0.16203078584931138,False
332,2268,1,1047,12622.669539758992,171,0.04617877396705374,False
332,1246,2,843,9953.935772641878,257,0.06940318660545504,False
332,3098,3,539,5791.389392963434,529,0.14285714285714285,False
332,296,4,2138,29830.80155175783,25,0.006751282743721307,False
332,2194,5,1113,13673.62350752961,141,0.03807723467458817,False
332,1393,6,1326,16137.674690050057,100,0.027005130974885227,False
332,1183,7,966,10960.909501000278,225,0.060761544693491765,False
332,36,8,916,10862.61364956842,233,0.06292195517148258,False
332,2406,9,1324,15911.425497058779,105,0.02835538752362949,False
332,1810,10,349,3353.6667309417803,882,0.2381852551984877,False
333,1958,1,521,5376.900874888158,564,0.15230893869835269,False
333,2470,2,899,9834.562229076122,265,0.07156359708344585,False
333,2406,3,1324,15911.425497058779,105,0.02835538752362949,False
333,1234,4,1030,13066.52425452494,156,0.04212800432082096,False
333,2374,5,238,1935.9298656077892,1286,0.347285984337024,False
333,1028,6,990,11770.931674200543,195,0.052660005401026194,False
333,2100,7,1150,13032.466469726762,158,0.04266810694031866,False
333,3685,8,541,5612.2296402834445,546,0.14744801512287334,False
333,1208,9,1158,14810.865486380973,122,0.03294625978935998,False
333,3040,10,312,2828.56852054339,1014,0.2738320280853362,False
334,1265,1,2248,30164.815200494995,23,0.006211180124223602,False
334,2406,2,1324,15911.425497058779,105,0.02835538752362949,False
334,1393,3,1326,16137.674690050057,100,0.027005130974885227,False
334,1246,4,843,9953.935772641878,257,0.06940318660545504,False
334,2671,5,766,8477.47378024496,330,0.08911693221712125,False
334,11,6,1023,12045.16513018045,185,0.049959492303537675,False
334,1088,7,670,6879.768977779068,443,0.11963273021874156,False
334,318,8,2205,32060.29507007315,19,0.005130974885228194,False
334,708,9,671,7027.82387859474,430,0.11612206319200648,False
334,2268,10,1047,12622.669539758992,171,0.04617877396705374,False
335,1610,1,1627,21203.622112881287,53,0.01431271941668917,False
335,2194,2,1113,13673.62350752961,141,0.03807723467458817,False
335,3527,3,1274,15145.18568718097,115,0.031055900621118012,False
335,1831,4,634,5734.045811516156,534,0.14420739940588712,False
335,2640,5,1202,13938.680495319237,136,0.03672697812584391,False
335,368,6,779,8483.940453676954,329,0.0888468809073724,False
335,1385,7,454,4354.591613583601,697,0.18822576289495005,False
335,2376,8,320,2891.4920026881377,997,0.2692411558196057,False
335,1037,9,589,5340.162563385103,570,0.1539292465568458,False
335,466,10,556,5099.148866001355,600,0.16203078584931138,False
336,173,1,525,4377.879222400475,694,0.18741560896570347,False
336,379,2,414,3692.3205936413024,806,0.21766135565757494,False
336,1882,3,457,3729.7316158295102,800,0.21604104779908181,False
336,1129,4,876,9592.145647702826,274,0.07399405887118553,False
336,2968,5,992,11463.838815645044,204,0.05509046718876587,False
336,3697,6,621,5876.49077471724,520,0.14042668106940318,False
336,2643,7,306,2140.4093456607147,1205,0.325411828247367,False
336,1610,8,1627,21203.622112881287,53,0.01431271941668917,False
336,2406,9,1324,15911.425497058779,105,0.02835538752362949,False
336,2699,10,1333,14386.47750003128,129,0.03483661895760194,False
337,849,1,484,4137.1956080371765,732,0.19767755873615986,False
337,1831,2,634,5734.045811516156,534,0.14420739940588712,False
337,1882,3,457,3729.7316158295102,800,0.21604104779908181,False
337,1610,4,1627,21203.622112881287,53,0.01431271941668917,False
337,379,5,414,3692.3205936413024,806,0.21766135565757494,False
337,3527,6,1274,15145.18568718097,115,0.031055900621118012,False
337,466,7,556,5099.148866001355,600,0.16203078584931138,False
337,836,8,228,1751.0169156453537,1365,0.3686200378071834,False
337,1214,9,1991,27073.43255393762,31,0.00837159060221442,False
337,1385,10,454,4354.591613583601,697,0.18822576289495005,False
338,2374,1,238,1935.9298656077892,1286,0.347285984337024,False
338,2470,2,899,9834.562229076122,265,0.07156359708344585,False
338,466,3,556,5099.148866001355,600,0.16203078584931138,False
338,849,4,484,4137.1956080371765,732,0.19767755873615986,False
338,173,5,525,4377.879222400475,694,0.18741560896570347,False
338,2003,6,768,8005.673345511925,362,0.09775857412908452,False
338,3098,7,539,5791.389392963434,529,0.14285714285714285,False
338,3274,8,430,3988.466069243214,759,0.20496894409937888,False
338,1958,9,521,5376.900874888158,564,0.15230893869835269,False
338,836,10,228,1751.0169156453537,1365,0.3686200378071834,False
339,2268,1,1047,12622.669539758992,171,0.04617877396705374,False
339,1958,2,521,5376.900874888158,564,0.15230893869835269,False
339,1208,3,1158,14810.865486380973,122,0.03294625978935998,False
339,953,4,718,8613.709447935711,322,0.08695652173913043,False
339,2313,5,452,4851.431428539417,639,0.1725627869295166,False
339,1635,6,502,5309.273710180128,575,0.15527950310559005,False
339,1810,7,349,3353.6667309417803,882,0.2381852551984877,False
339,3359,8,510,5634.559924749047,544,0.14690791250337565,False
339,2240,9,234,2078.7371845103885,1227,0.33135295706184176,False
339,3504,10,678,7762.799452358628,381,0.10288954901431271,False
340,2470,1,899,9834.562229076122,265,0.07156359708344585,False
340,1265,2,2248,30164.815200494995,23,0.006211180124223602,False
340,2858,3,3379,50257.027663730645,1,0.00027005130974885227,False
340,1246,4,843,9953.935772641878,257,0.06940318660545504,False
340,2194,5,1113,13673.62350752961,141,0.03807723467458817,False
340,356,6,2167,29502.95296250054,26,0.0070213340534701595,False
340,367,7,1152,12741.333924756256,167,0.045098568728058334,False
340,1278,8,1173,15026.933672824978,118,0.03186605455036457,False
340,2987,9,1675,20750.54196051247,55,0.014852822036186876,False
340,858,10,2204,31912.135776463492,20,0.0054010261949770455,False
341,1610,1,1627,21203.622112881287,53,0.01431271941668917,False
341,3578,2,1859,24884.900654850804,33,0.008911693221712126,False
341,589,3,2605,36165.89894183467,9,0.0024304617877396704,False
341,849,4,484,4137.1956080371765,732,0.19767755873615986,False
341,1917,5,1077,11668.363657704602,199,0.0537402106400216,False
341,1214,6,1991,27073.43255393762,31,0.00837159060221442,False
341,3527,7,1274,15145.18568718097,115,0.031055900621118012,False
341,858,8,2204,31912.135776463492,20,0.0054010261949770455,False
341,2194,9,1113,13673.62350752961,141,0.03807723467458817,False
341,1198,10,2495,36483.882218338185,8,0.002160410477990818,False
342,1610,1,1627,21203.622112881287,53,0.01431271941668917,False
342,367,2,1152,12741.333924756256,167,0.045098568728058334,False
342,849,3,484,4137.1956080371765,732,0.19767755873615986,False
342,173,4,525,4377.879222400475,694,0.18741560896570347,False
342,1198,5,2495,36483.882218338185,8,0.002160410477990818,False
342,3175,6,1697,21376.390399979813,49,0.013232514177693762,False
342,1831,7,634,5734.045811516156,534,0.14420739940588712,False
342,466,8,556,5099.148866001355,600,0.16203078584931138,False
342,1037,9,589,5340.162563385103,570,0.1539292465568458,False
342,2194,10,1113,13673.62350752961,141,0.03807723467458817,False
343,849,1,484,4137.1956080371765,732,0.19767755873615986,False
343,173,2,525,4377.879222400475,694,0.18741560896570347,False
343,466,3,556,5099.148866001355,600,0.16203078584931138,False
343,2735,4,446,4023.1117534989953,749,0.20226843100189035,False
343,2003,5,768,8005.673345511925,362,0.09775857412908452,False
343,3527,6,1274,15145.18568718097,115,0.031055900621118012,False
343,368,7,779,8483.940453676954,329,0.0888468809073724,False
343,2374,8,238,1935.9298656077892,1286,0.347285984337024,False
343,1882,9,457,3729.7316158295102,800,0.21604104779908181,False
343,1610,10,1627,21203.622112881287,53,0.01431271941668917,False
344,2406,1,1324,15911.425497058779,105,0.02835538752362949,False
344,1610,2,1627,21203.622112881287,53,0.01431271941668917,False
344,849,3,484,4137.1956080371765,732,0.19767755873615986,False
344,2194,4,1113,13673.62350752961,141,0.03807723467458817,False
344,3527,5,1274,15145.18568718097,115,0.031055900621118012,False
344,1917,6,1077,11668.363657704602,199,0.0537402106400216,False
344,173,7,525,4377.879222400475,694,0.18741560896570347,False
344,2470,8,899,9834.562229076122,265,0.07156359708344585,False
344,2376,9,320,2891.4920026881377,997,0.2692411558196057,False
344,368,10,779,8483.940453676954,329,0.0888468809073724,False
345,3098,1,539,5791.389392963434,529,0.14285714285714285,False
345,1246,2,843,9953.935772641878,257,0.06940318660545504,False
345,318,3,2205,32060.29507007315,19,0.005130974885228194,False
345,1208,4,1158,14810.865486380973,122,0.03294625978935998,False
345,296,5,2138,29830.80155175783,25,0.006751282743721307,False
345,2268,6,1047,12622.669539758992,171,0.04617877396705374,False
345,2194,7,1113,13673.62350752961,141,0.03807723467458817,False
345,36,8,916,10862.61364956842,233,0.06292195517148258,False
345,953,9,718,8613.709447935711,322,0.08695652173913043,False
345,1635,10,502,5309.273710180128,575,0.15527950310559005,False
346,2470,1,899,9834.562229076122,265,0.07156359708344585,False
346,2374,2,238,1935.9298656077892,1286,0.347285984337024,False
346,1517,3,1189,14124.467774987568,132,0.035646772886848505,False
346,367,4,1152,12741.333924756256,167,0.045098568728058334,False
346,3254,5,430,3838.3298940131463,781,0.21091007291385364,False
346,2003,6,768,8005.673345511925,362,0.09775857412908452,False
346,3087,7,509,5141.8302460362265,596,0.16095058061031595,False
346,539,8,970,11268.418336678264,210,0.05671077504725898,False
346,371,9,210,1736.6779643129837,1372,0.3705103969754253,False
346,2268,10,1047,12622.669539758992,171,0.04617877396705374,False
347,1246,1,843,9953.935772641878,257,0.06940318660545504,False
347,2268,2,1047,12622.669539758992,171,0.04617877396705374,False
347,318,3,2205,32060.29507007315,19,0.005130974885228194,False
347,3098,4,539,5791.389392963434,529,0.14285714285714285,False
347,1208,5,1158,14810.865486380973,122,0.03294625978935998,False
347,2858,6,3379,50257.027663730645,1,0.00027005130974885227,False
347,1183,7,966,10960.909501000278,225,0.060761544693491765,False
347,858,8,2204,31912.135776463492,20,0.0054010261949770455,False
347,2194,9,1113,13673.62350752961,141,0.03807723467458817,False
347,1784,10,1403,17648.452993612464,77,0.020793950850661626,False
348,2406,1,1324,15911.425497058779,105,0.02835538752362949,False
348,2194,2,1113,13673.62350752961,141,0.03807723467458817,False
348,2470,3,899,9834.562229076122,265,0.07156359708344585,False
348,356,4,2167,29502.95296250054,26,0.0070213340534701595,False
348,750,5,1351,18151.316431061976,71,0.01917364299216851,False
348,3098,6,539,5791.389392963434,529,0.14285714285714285,False
348,3035,7,413,4447.089088683082,686,0.18525519848771266,False
348,858,8,2204,31912.135776463492,20,0.0054010261949770455,False
348,1610,9,1627,21203.622112881287,53,0.01431271941668917,False
348,1246,10,843,9953.935772641878,257,0.06940318660545504,False
349,849,1,484,4137.1956080371765,732,0.19767755873615986,False
349,2406,2,1324,15911.425497058779,105,0.02835538752362949,False
349,466,3,556,5099.148866001355,600,0.16203078584931138,False
349,2470,4,899,9834.562229076122,265,0.07156359708344585,False
349,368,5,779,8483.940453676954,329,0.0888468809073724,False
349,1385,6,454,4354.591613583601,697,0.18822576289495005,False
349,2376,7,320,2891.4920026881377,997,0.2692411558196057,False
349,1831,8,634,5734.045811516156,534,0.14420739940588712,False
349,173,9,525,4377.879222400475,694,0.18741560896570347,False
349,1037,10,589,5340.162563385103,570,0.1539292465568458,False
350,1610,1,1627,21203.622112881287,53,0.01431271941668917,False
350,1917,2,1077,11668.363657704602,199,0.0537402106400216,False
350,2406,3,1324,15911.425497058779,105,0.02835538752362949,False
350,849,4,484,4137.1956080371765,732,0.19767755873615986,False
350,367,5,1152,12741.333924756256,167,0.045098568728058334,False
350,356,6,2167,29502.95296250054,26,0.0070213340534701595,False
350,1517,7,1189,14124.467774987568,132,0.035646772886848505,False
350,3527,8,1274,15145.18568718097,115,0.031055900621118012,False
350,648,9,1491,17515.14408729541,80,0.021604104779908182,False
350,1831,10,634,5734.045811516156,534,0.14420739940588712,False
351,2406,1,1324,15911.425497058779,105,0.02835538752362949,False
351,2194,2,1113,13673.62350752961,141,0.03807723467458817,False
351,1385,3,454,4354.591613583601,697,0.18822576289495005,False
351,466,4,556,5099.148866001355,600,0.16203078584931138,False
351,2470,5,899,9834.562229076122,265,0.07156359708344585,False
351,368,6,779,8483.940453676954,329,0.0888468809073724,False
351,1917,7,1077,11668.363657704602,199,0.0537402106400216,False
351,849,8,484,4137.1956080371765,732,0.19767755873615986,False
351,2000,9,1601,20342.080655839327,57,0.01539292465568458,False
351,1265,10,2248,30164.815200494995,23,0.006211180124223602,False
352,3098,1,539,5791.389392963434,529,0.14285714285714285,False
352,2376,2,320,2891.4920026881377,997,0.2692411558196057,False
352,836,3,228,1751.0169156453537,1365,0.3686200378071834,False
352,1958,4,521,5376.900874888158,564,0.15230893869835269,False
352,368,5,779,8483.940453676954,329,0.0888468809073724,False
352,3040,6,312,2828.56852054339,1014,0.2738320280853362,False
352,2194,7,1113,13673.62350752961,141,0.03807723467458817,False
352,2252,8,183,1432.8035994030688,1495,0.40372670807453415,False
352,1385,9,454,4354.591613583601,697,0.18822576289495005,False
352,1268,10,315,2939.7453355895154,984,0.26573048879287064,False
353,1089,1,1243,15811.006137632434,107,0.028895490143127193,False
353,858,2,2204,31912.135776463492,20,0.0054010261949770455,False
353,318,3,2205,32060.29507007315,19,0.005130974885228194,False
353,2268,4,1047,12622.669539758992,171,0.04617877396705374,False
353,2858,5,3379,50257.027663730645,1,0.00027005130974885227,False
353,2194,6,1113,13673.62350752961,141,0.03807723467458817,False
353,1610,7,1627,21203.622112881287,53,0.01431271941668917,False
353,111,8,1229,15718.304403803608,109,0.029435592762624897,False
353,1208,9,1158,14810.865486380973,122,0.03294625978935998,False
353,36,10,916,10862.61364956842,233,0.06292195517148258,False
354,3578,1,1859,24884.900654850804,33,0.008911693221712126,False
354,849,2,484,4137.1956080371765,732,0.19767755873615986,False
354,2987,3,1675,20750.54196051247,55,0.014852822036186876,False
354,1610,4,1627,21203.622112881287,53,0.01431271941668917,False
354,2003,5,768,8005.673345511925,362,0.09775857412908452,False
354,367,6,1152,12741.333924756256,167,0.045098568728058334,False
354,2406,7,1324,15911.425497058779,105,0.02835538752362949,False
354,1917,8,1077,11668.363657704602,199,0.0537402106400216,False
354,2470,9,899,9834.562229076122,265,0.07156359708344585,False
354,466,10,556,5099.148866001355,600,0.16203078584931138,False
355,2374,1,238,1935.9298656077892,1286,0.347285984337024,False
355,466,2,556,5099.148866001355,600,0.16203078584931138,False
355,3254,3,430,3838.3298940131463,781,0.21091007291385364,False
355,2470,4,899,9834.562229076122,265,0.07156359708344585,False
355,849,5,484,4137.1956080371765,732,0.19767755873615986,False
355,2735,6,446,4023.1117534989953,749,0.20226843100189035,False
355,2406,7,1324,15911.425497058779,105,0.02835538752362949,False
355,368,8,779,8483.940453676954,329,0.0888468809073724,False
355,173,9,525,4377.879222400475,694,0.18741560896570347,False
355,2003,10,768,8005.673345511925,362,0.09775857412908452,False
356,849,1,484,4137.1956080371765,732,0.19767755873615986,False
356,2368,2,54,251.46015737333758,2569,0.6937618147448015,False
356,196,3,532,4868.993364440612,635,0.1714825816905212,False
356,2003,4,768,8005.673345511925,362,0.09775857412908452,False
356,1917,5,1077,11668.363657704602,199,0.0537402106400216,False
356,173,6,525,4377.879222400475,694,0.18741560896570347,False
356,1214,7,1991,27073.43255393762,31,0.00837159060221442,False
356,1037,8,589,5340.162563385103,570,0.1539292465568458,False
356,1831,9,634,5734.045811516156,534,0.14420739940588712,False
356,2513,10,298,2533.8471683721605,1083,0.29246556845800703,False
357,2858,1,3379,50257.027663730645,1,0.00027005130974885227,False
357,1584,2,1364,16659.438877757886,89,0.024034566567647853,False
357,2268,3,1047,12622.669539758992,171,0.04617877396705374,False
357,296,4,2138,29830.80155175783,25,0.006751282743721307,False
357,1089,5,1243,15811.006137632434,107,0.028895490143127193,False
357,1208,6,1158,14810.865486380973,122,0.03294625978935998,False
357,1265,7,2248,30164.815200494995,23,0.006211180124223602,False
357,1214,8,1991,27073.43255393762,31,0.00837159060221442,False
357,1097,9,2236,30024.356290340704,24,0.006481231433972455,False
357,858,10,2204,31912.135776463492,20,0.0054010261949770455,False
358,2194,1,1113,13673.62350752961,141,0.03807723467458817,False
358,1246,2,843,9953.935772641878,257,0.06940318660545504,False
358,2406,3,1324,15911.425497058779,105,0.02835538752362949,False
358,2268,4,1047,12622.669539758992,171,0.04617877396705374,False
358,1208,5,1158,14810.865486380973,122,0.03294625978935998,False
358,3098,6,539,5791.389392963434,529,0.14285714285714285,False
358,2470,7,899,9834.562229076122,265,0.07156359708344585,False
358,1265,8,2248,30164.815200494995,23,0.006211180124223602,False
358,318,9,2205,32060.29507007315,19,0.005130974885228194,False
358,953,10,718,8613.709447935711,322,0.08695652173913043,False
359,849,1,484,4137.1956080371765,732,0.19767755873615986,False
359,1214,2,1991,27073.43255393762,31,0.00837159060221442,False
359,1371,3,767,7823.062410781384,375,0.1012692411558196,False
359,1917,4,1077,11668.363657704602,199,0.0537402106400216,False
359,173,5,525,4377.879222400475,694,0.18741560896570347,False
359,1037,6,589,5340.162563385103,570,0.1539292465568458,False
359,1372,7,989,10939.760039802017,227,0.06130164731298947,False
359,1240,8,2057,28063.17128497621,28,0.007561436672967864,False
359,1831,9,634,5734.045811516156,534,0.14420739940588712,False
359,2641,10,834,8649.795340226987,319,0.08614636780988388,False
360,2470,1,899,9834.562229076122,265,0.07156359708344585,False
360,849,2,484,4137.1956080371765,732,0.19767755873615986,False
360,173,3,525,4377.879222400475,694,0.18741560896570347,False
360,1917,4,1077,11668.363657704602,199,0.0537402106400216,False
360,2641,5,834,8649.795340226987,319,0.08614636780988388,False
360,2640,6,1202,13938.680495319237,136,0.03672697812584391,False
360,1610,7,1627,21203.622112881287,53,0.01431271941668917,False
360,2968,8,992,11463.838815645044,204,0.05509046718876587,False
360,2735,9,446,4023.1117534989953,749,0.20226843100189035,False
360,2161,10,690,7446.941259271376,402,0.10856062651903861,False
361,3578,1,1859,24884.900654850804,33,0.008911693221712126,False
361,1610,2,1627,21203.622112881287,53,0.01431271941668917,False
361,3897,3,965,11990.234308783736,187,0.05049959492303538,False
361,1265,4,2248,30164.815200494995,23,0.006211180124223602,False
361,2406,5,1324,15911.425497058779,105,0.02835538752362949,False
361,858,6,2204,31912.135776463492,20,0.0054010261949770455,False
361,1259,7,1755,23260.316415956328,39,0.01053200108020524,False
361,356,8,2167,29502.95296250054,26,0.0070213340534701595,False
361,367,9,1152,12741.333924756256,167,0.045098568728058334,False
361,318,10,2205,32060.29507007315,19,0.005130974885228194,False
362,2194,1,1113,13673.62350752961,141,0.03807723467458817,False
362,2406,2,1324,15911.425497058779,105,0.02835538752362949,False
362,849,3,484,4137.1956080371765,732,0.19767755873615986,False
362,1917,4,1077,11668.363657704602,199,0.0537402106400216,False
362,1385,5,454,4354.591613583601,697,0.18822576289495005,False
362,368,6,779,8483.940453676954,329,0.0888468809073724,False
362,3527,7,1274,15145.18568718097,115,0.031055900621118012,False
362,2353,8,973,11192.615485374583,214,0.05779098028625439,False
362,1722,9,847,9207.403508173844,289,0.07804482851741831,False
362,466,10,556,5099.148866001355,600,0.16203078584931138,False
363,3578,1,1859,24884.900654850804,33,0.008911693221712126,False
363,1610,2,1627,21203.622112881287,53,0.01431271941668917,False
363,1265,3,2248,30164.815200494995,23,0.006211180124223602,False
363,367,4,1152,12741.333924756256,167,0.045098568728058334,False
363,2406,5,1324,15911.425497058779,105,0.02835538752362949,False
363,849,6,484,4137.1956080371765,732,0.19767755873615986,False
363,356,7,2167,29502.95296250054,26,0.0070213340534701595,False
363,1259,8,1755,23260.316415956328,39,0.01053200108020524,False
363,1517,9,1189,14124.467774987568,132,0.035646772886848505,False
363,2268,10,1047,12622.669539758992,171,0.04617877396705374,False
364,2997,1,2207,30287.330109496044,22,0.00594112881447475,False
364,1265,2,2248,30164.815200494995,23,0.006211180124223602,False
364,356,3,2167,29502.95296250054,26,0.0070213340534701595,False
364,1784,4,1403,17648.452993612464,77,0.020793950850661626,False
364,2268,5,1047,12622.669539758992,171,0.04617877396705374,False
364,1517,6,1189,14124.467774987568,132,0.035646772886848505,False
364,3578,7,1859,24884.900654850804,33,0.008911693221712126,False
364,1060,8,777,8969.938991330382,297,0.08020523899540913,False
364,2355,9,1677,21334.909548900763,50,0.013502565487442613,False
364,296,10,2138,29830.80155175783,25,0.006751282743721307,False
365,708,1,671,7027.82387859474,430,0.11612206319200648,False
365,2671,2,766,8477.47378024496,330,0.08911693221712125,False
365,195,3,159,1177.4403251342478,1657,0.4474750202538482,False
365,1265,4,2248,30164.815200494995,23,0.006211180124223602,False
365,356,5,2167,29502.95296250054,26,0.0070213340534701595,False
365,11,6,1023,12045.16513018045,185,0.049959492303537675,False
365,2406,7,1324,15911.425497058779,105,0.02835538752362949,False
365,168,8,351,3065.213197043905,954,0.2576289495004051,False
365,237,9,250,2060.993946296155,1233,0.33297326492033485,False
365,1479,10,549,5376.050373048992,565,0.15257899000810154,False
366,2406,1,1324,15911.425497058779,105,0.02835538752362949,False
366,2470,2,899,9834.562229076122,265,0.07156359708344585,False
366,2194,3,1113,13673.62350752961,141,0.03807723467458817,False
366,3098,4,539,5791.389392963434,529,0.14285714285714285,False
366,1208,5,1158,14810.865486380973,122,0.03294625978935998,False
366,1958,6,521,5376.900874888158,564,0.15230893869835269,False
366,2268,7,1047,12622.669539758992,171,0.04617877396705374,False
366,849,8,484,4137.1956080371765,732,0.19767755873615986,False
366,2000,9,1601,20342.080655839327,57,0.01539292465568458,False
366,1371,10,767,7823.062410781384,375,0.1012692411558196,False
367,2406,1,1324,15911.425497058779,105,0.02835538752362949,False
367,1183,2,966,10960.909501000278,225,0.060761544693491765,False
367,1246,3,843,9953.935772641878,257,0.06940318660545504,False
367,3098,4,539,5791.389392963434,529,0.14285714285714285,False
367,2100,5,1150,13032.466469726762,158,0.04266810694031866,False
367,356,6,2167,29502.95296250054,26,0.0070213340534701595,False
367,3685,7,541,5612.2296402834445,546,0.14744801512287334,False
367,708,8,671,7027.82387859474,430,0.11612206319200648,False
367,1958,9,521,5376.900874888158,564,0.15230893869835269,False
367,1393,10,1326,16137.674690050057,100,0.027005130974885227,False
368,2374,1,238,1935.9298656077892,1286,0.347285984337024,False
368,849,2,484,4137.1956080371765,732,0.19767755873615986,False
368,466,3,556,5099.148866001355,600,0.16203078584931138,False
368,1488,4,281,2321.644759691034,1148,0.31001890359168244,False
368,3254,5,430,3838.3298940131463,781,0.21091007291385364,False
368,368,6,779,8483.940453676954,329,0.0888468809073724,False
368,2470,7,899,9834.562229076122,265,0.07156359708344585,False
368,836,8,228,1751.0169156453537,1365,0.3686200378071834,False
368,1246,9,843,9953.935772641878,257,0.06940318660545504,False
368,2194,10,1113,13673.62350752961,141,0.03807723467458817,False
369,2470,1,899,9834.562229076122,265,0.07156359708344585,False
369,1517,2,1189,14124.467774987568,132,0.035646772886848505,False
369,1265,3,2248,30164.815200494995,23,0.006211180124223602,False
369,3253,4,1112,12868.676927414986,165,0.044558466108560624,False
369,367,5,1152,12741.333924756256,167,0.045098568728058334,False
369,356,6,2167,29502.95296250054,26,0.0070213340534701595,False
369,3087,7,509,5141.8302460362265,596,0.16095058061031595,False
369,1641,8,1185,14406.19469979475,128,0.03456656764785309,False
369,1663,9,734,8277.8875736377,341,0.09208749662435863,False
369,3254,10,430,3838.3298940131463,781,0.21091007291385364,False
370,1610,1,1627,21203.622112881287,53,0.01431271941668917,False
370,1517,2,1189,14124.467774987568,132,0.035646772886848505,False
370,356,3,2167,29502.95296250054,26,0.0070213340534701595,False
370,1265,4,2248,30164.815200494995,23,0.006211180124223602,False
370,2770,5,919,9825.391991444534,266,0.07183364839319471,False
370,367,6,1152,12741.333924756256,167,0.045098568728058334,False
370,785,7,755,8106.09460306757,358,0.09667836889008911,False
370,3408,8,1267,15537.228995551348,113,0.03051579800162031,False
370,2598,9,526,4962.056034307624,618,0.1668917094247907,False
370,1917,10,1077,11668.363657704602,199,0.0537402106400216,False
371,1517,1,1189,14124.467774987568,132,0.035646772886848505,False
371,2406,2,1324,15911.425497058779,105,0.02835538752362949,False
371,367,3,1152,12741.333924756256,167,0.045098568728058334,False
371,2470,4,899,9834.562229076122,265,0.07156359708344585,False
371,1784,5,1403,17648.452993612464,77,0.020793950850661626,False
371,3253,6,1112,12868.676927414986,165,0.044558466108560624,False
371,2268,7,1047,12622.669539758992,171,0.04617877396705374,False
371,2194,8,1113,13673.62350752961,141,0.03807723467458817,False
371,441,9,639,6905.694113478035,441,0.11909262759924386,False
371,1610,10,1627,21203.622112881287,53,0.01431271941668917,False
372,849,1,484,4137.1956080371765,732,0.19767755873615986,False
372,2406,2,1324,15911.425497058779,105,0.02835538752362949,False
372,173,3,525,4377.879222400475,694,0.18741560896570347,False
372,1037,4,589,5340.162563385103,570,0.1539292465568458,False
372,466,5,556,5099.148866001355,600,0.16203078584931138,False
372,1385,6,454,4354.591613583601,697,0.18822576289495005,False
372,3527,7,1274,15145.18568718097,115,0.031055900621118012,False
372,2470,8,899,9834.562229076122,265,0.07156359708344585,False
372,367,9,1152,12741.333924756256,167,0.045098568728058334,False
372,1882,10,457,3729.7316158295102,800,0.21604104779908181,False
373,1610,1,1627,21203.622112881287,53,0.01431271941668917,False
373,2406,2,1324,15911.425497058779,105,0.02835538752362949,False
373,849,3,484,4137.1956080371765,732,0.19767755873615986,False
373,1917,4,1077,11668.363657704602,199,0.0537402106400216,False
373,2194,5,1113,13673.62350752961,141,0.03807723467458817,False
373,2470,6,899,9834.562229076122,265,0.07156359708344585,False
373,1240,7,2057,28063.17128497621,28,0.007561436672967864,False
373,173,8,525,4377.879222400475,694,0.18741560896570347,False
373,2968,9,992,11463.838815645044,204,0.05509046718876587,False
373,1371,10,767,7823.062410781384,375,0.1012692411558196,False
374,2194,1,1113,13673.62350752961,141,0.03807723467458817,False
374,2470,2,899,9834.562229076122,265,0.07156359708344585,False
374,858,3,2204,31912.135776463492,20,0.0054010261949770455,False
374,368,4,779,8483.940453676954,329,0.0888468809073724,False
374,849,5,484,4137.1956080371765,732,0.19767755873615986,False
374,3527,6,1274,15145.18568718097,115,0.031055900621118012,False
374,2268,7,1047,12622.669539758992,171,0.04617877396705374,False
374,1221,8,1675,22862.716982968926,41,0.011072103699702943,False
374,1089,9,1243,15811.006137632434,107,0.028895490143127193,False
374,1214,10,1991,27073.43255393762,31,0.00837159060221442,False
375,1246,1,843,9953.935772641878,257,0.06940318660545504,False
375,2268,2,1047,12622.669539758992,171,0.04617877396705374,False
375,3098,3,539,5791.389392963434,529,0.14285714285714285,False
375,318,4,2205,32060.29507007315,19,0.005130974885228194,False
375,1208,5,1158,14810.865486380973,122,0.03294625978935998,False
375,296,6,2138,29830.80155175783,25,0.006751282743721307,False
375,2194,7,1113,13673.62350752961,141,0.03807723467458817,False
375,36,8,916,10862.61364956842,233,0.06292195517148258,False
375,858,9,2204,31912.135776463492,20,0.0054010261949770455,False
375,1186,10,549,5726.250837490564,537,0.14501755333513366,False
376,2268,1,1047,12622.669539758992,171,0.04617877396705374,False
376,1610,2,1627,21203.622112881287,53,0.01431271941668917,False
376,367,3,1152,12741.333924756256,167,0.045098568728058334,False
376,356,4,2167,29502.95296250054,26,0.0070213340534701595,False
376,1517,5,1189,14124.467774987568,132,0.035646772886848505,False
376,1089,6,1243,15811.006137632434,107,0.028895490143127193,False
376,1784,7,1403,17648.452993612464,77,0.020793950850661626,False
376,2395,8,1202,14591.197277188907,126,0.034026465028355386,False
376,296,9,2138,29830.80155175783,25,0.006751282743721307,False
376,2406,10,1324,15911.425497058779,105,0.02835538752362949,False
377,1610,1,1627,21203.622112881287,53,0.01431271941668917,False
377,2406,2,1324,15911.425497058779,105,0.02835538752362949,False
377,849,3,484,4137.1956080371765,732,0.19767755873615986,False
377,1240,4,2057,28063.17128497621,28,0.007561436672967864,False
377,1917,5,1077,11668.363657704602,199,0.0537402106400216,False
377,1221,6,1675,22862.716982968926,41,0.011072103699702943,False
377,457,7,1970,26544.45077872737,32,0.008641641911963273,False
377,3104,8,759,8623.31396326449,320,0.08641641911963273,False
377,1246,9,843,9953.935772641878,257,0.06940318660545504,False
377,466,10,556,5099.148866001355,600,0.16203078584931138,False
378,1265,1,2248,30164.815200494995,23,0.006211180124223602,False
378,318,2,2205,32060.29507007315,19,0.005130974885228194,False
378,2268,3,1047,12622.669539758992,171,0.04617877396705374,False
378,296,4,2138,29830.80155175783,25,0.006751282743721307,False
378,1784,5,1403,17648.452993612464,77,0.020793950850661626,False
378,356,6,2167,29502.95296250054,26,0.0070213340534701595,False
378,1089,7,1243,15811.006137632434,107,0.028895490143127193,False
378,2997,8,2207,30287.330109496044,22,0.00594112881447475,False
378,1517,9,1189,14124.467774987568,132,0.035646772886848505,False
378,367,10,1152,12741.333924756256,167,0.045098568728058334,False
379,2406,1,1324,15911.425497058779,105,0.02835538752362949,False
379,708,2,671,7027.82387859474,430,0.11612206319200648,False
379,1088,3,670,6879.768977779068,443,0.11963273021874156,False
379,2470,4,899,9834.562229076122,265,0.07156359708344585,False
379,1183,5,966,10960.909501000278,225,0.060761544693491765,False
379,1246,6,843,9953.935772641878,257,0.06940318660545504,False
379,2396,7,2328,32158.311532912776,18,0.004860923575479341,False
379,3685,8,541,5612.2296402834445,546,0.14744801512287334,False
379,2858,9,3379,50257.027663730645,1,0.00027005130974885227,False
379,588,10,1336,16327.279898761482,95,0.025654874426140967,False
380,1517,1,1189,14124.467774987568,132,0.035646772886848505,False
380,2470,2,899,9834.562229076122,265,0.07156359708344585,False
380,367,3,1152,12741.333924756256,167,0.045098568728058334,False
380,356,4,2167,29502.95296250054,26,0.0070213340534701595,False
380,1641,5,1185,14406.19469979475,128,0.03456656764785309,False
380,3254,6,430,3838.3298940131463,781,0.21091007291385364,False
380,1060,7,777,8969.938991330382,297,0.08020523899540913,False
380,3087,8,509,5141.8302460362265,596,0.16095058061031595,False
380,1663,9,734,8277.8875736377,341,0.09208749662435863,False
380,466,10,556,5099.148866001355,600,0.16203078584931138,False
381,3527,1,1274,15145.18568718097,115,0.031055900621118012,False
381,2968,2,992,11463.838815645044,204,0.05509046718876587,False
381,849,3,484,4137.1956080371765,732,0.19767755873615986,False
381,1199,4,902,10899.364669297302,229,0.06184174993248717,False
381,1371,5,767,7823.062410781384,375,0.1012692411558196,False
381,2640,6,1202,13938.680495319237,136,0.03672697812584391,False
381,1037,7,589,5340.162563385103,570,0.1539292465568458,False
381,173,8,525,4377.879222400475,694,0.18741560896570347,False
381,1831,9,634,5734.045811516156,534,0.14420739940588712,False
381,1917,10,1077,11668.363657704602,199,0.0537402106400216,False
382,2470,1,899,9834.562229076122,265,0.07156359708344585,False
382,356,2,2167,29502.95296250054,26,0.0070213340534701595,False
382,708,3,671,7027.82387859474,430,0.11612206319200648,False
382,539,4,970,11268.418336678264,210,0.05671077504725898,False
382,1246,5,843,9953.935772641878,257,0.06940318660545504,False
382,2100,6,1150,13032.466469726762,158,0.04266810694031866,False
382,2858,7,3379,50257.027663730645,1,0.00027005130974885227,False
382,11,8,1023,12045.16513018045,185,0.049959492303537675,False
382,2268,9,1047,12622.669539758992,171,0.04617877396705374,False
382,2671,10,766,8477.47378024496,330,0.08911693221712125,False
383,1265,1,2248,30164.815200494995,23,0.006211180124223602,False
383,356,2,2167,29502.95296250054,26,0.0070213340534701595,False
383,3578,3,1859,24884.900654850804,33,0.008911693221712126,False
383,1517,4,1189,14124.467774987568,132,0.035646772886848505,False
383,2268,5,1047,12622.669539758992,171,0.04617877396705374,False
383,318,6,2205,32060.29507007315,19,0.005130974885228194,False
383,1610,7,1627,21203.622112881287,53,0.01431271941668917,False
383,2355,8,1677,21334.909548900763,50,0.013502565487442613,False
383,1784,9,1403,17648.452993612464,77,0.020793950850661626,False
383,2699,10,1333,14386.47750003128,129,0.03483661895760194,False
384,368,1,779,8483.940453676954,329,0.0888468809073724,False
384,2406,2,1324,15911.425497058779,105,0.02835538752362949,False
384,2470,3,899,9834.562229076122,265,0.07156359708344585,False
384,2194,4,1113,13673.62350752961,141,0.03807723467458817,False
384,2922,5,237,2187.5402018001723,1191,0.32163110991088306,False
384,2921,6,307,3028.357735301534,963,0.26005941128814475,False
384,1283,7,392,4210.042323964862,715,0.19308668647042937,False
384,1610,8,1627,21203.622112881287,53,0.01431271941668917,False
384,2401,9,297,2864.213750340592,1010,0.2727518228463408,False
384,2376,10,320,2891.4920026881377,997,0.2692411558196057,False
385,1610,1,1627,21203.622112881287,53,0.01431271941668917,False
385,2194,2,1113,13673.62350752961,141,0.03807723467458817,False
385,2268,3,1047,12622.669539758992,171,0.04617877396705374,False
385,849,4,484,4137.1956080371765,732,0.19767755873615986,False
385,1917,5,1077,11668.363657704602,199,0.0537402106400216,False
385,2470,6,899,9834.562229076122,265,0.07156359708344585,False
385,1246,7,843,9953.935772641878,257,0.06940318660545504,False
385,3527,8,1274,15145.18568718097,115,0.031055900621118012,False
385,367,9,1152,12741.333924756256,167,0.045098568728058334,False
385,858,10,2204,31912.135776463492,20,0.0054010261949770455,False
386,367,1,1152,12741.333924756256,167,0.045098568728058334,False
386,3254,2,430,3838.3298940131463,781,0.21091007291385364,False
386,2470,3,899,9834.562229076122,265,0.07156359708344585,False
386,2374,4,238,1935.9298656077892,1286,0.347285984337024,False
386,2406,5,1324,15911.425497058779,105,0.02835538752362949,False
386,466,6,556,5099.148866001355,600,0.16203078584931138,False
386,708,7,671,7027.82387859474,430,0.11612206319200648,False
386,2003,8,768,8005.673345511925,362,0.09775857412908452,False
386,2268,9,1047,12622.669539758992,171,0.04617877396705374,False
386,368,10,779,8483.940453676954,329,0.0888468809073724,False
387,2406,1,1324,15911.425497058779,105,0.02835538752362949,False
387,2470,2,899,9834.562229076122,265,0.07156359708344585,False
387,356,3,2167,29502.95296250054,26,0.0070213340534701595,False
387,1517,4,1189,14124.467774987568,132,0.035646772886848505,False
387,708,5,671,7027.82387859474,430,0.11612206319200648,False
387,2003,6,768,8005.673345511925,362,0.09775857412908452,False
387,2671,7,766,8477.47378024496,330,0.08911693221712125,False
387,1246,8,843,9953.935772641878,257,0.06940318660545504,False
387,1641,9,1185,14406.19469979475,128,0.03456656764785309,False
387,1784,10,1403,17648.452993612464,77,0.020793950850661626,False
388,1246,1,843,9953.935772641878,257,0.06940318660545504,False
388,3098,2,539,5791.389392963434,529,0.14285714285714285,False
388,2470,3,899,9834.562229076122,265,0.07156359708344585,False
388,2374,4,238,1935.9298656077892,1286,0.347285984337024,False
388,2406,5,1324,15911.425497058779,105,0.02835538752362949,False
388,2858,6,3379,50257.027663730645,1,0.00027005130974885227,False
388,1968,7,1530,19300.40285427211,62,0.01674318120442884,False
388,2003,8,768,8005.673345511925,362,0.09775857412908452,False
388,2240,9,234,2078.7371845103885,1227,0.33135295706184176,False
388,2268,10,1047,12622.669539758992,171,0.04617877396705374,False
389,2268,1,1047,12622.669539758992,171,0.04617877396705374,False
389,1610,2,1627,21203.622112881287,53,0.01431271941668917,False
389,2858,3,3379,50257.027663730645,1,0.00027005130974885227,False
389,356,4,2167,29502.95296250054,26,0.0070213340534701595,False
389,1246,5,843,9953.935772641878,257,0.06940318660545504,False
389,2406,6,1324,15911.425497058779,105,0.02835538752362949,False
389,367,7,1152,12741.333924756256,167,0.045098568728058334,False
389,296,8,2138,29830.80155175783,25,0.006751282743721307,False
389,11,9,1023,12045.16513018045,185,0.049959492303537675,False
389,36,10,916,10862.61364956842,233,0.06292195517148258,False
390,2368,1,54,251.46015737333758,2569,0.6937618147448015,False
390,1278,2,1173,15026.933672824978,118,0.03186605455036457,False
390,2787,3,160,1199.2114301363333,1644,0.44396435322711314,False
390,2878,4,31,142.0951720147888,2853,0.7704563867134756,False
390,1985,5,121,790.2614618586207,1913,0.5166081555495544,False
390,2122,6,223,1639.728753712077,1411,0.38104239805563056,False
390,70,7,897,9391.034864325338,282,0.07615446934917634,False
390,177,8,139,984.6222527049038,1754,0.4736699972994869,False
390,196,9,532,4868.993364440612,635,0.1714825816905212,False
390,2328,10,172,1296.0528360161916,1573,0.42479071023494464,False
391,2194,1,1113,13673.62350752961,141,0.03807723467458817,False
391,1208,2,1158,14810.865486380973,122,0.03294625978935998,False
391,904,3,1039,13489.29063272895,148,0.039967593842830135,False
391,2406,4,1324,15911.425497058779,105,0.02835538752362949,False
391,1221,5,1675,22862.716982968926,41,0.011072103699702943,False
391,1610,6,1627,21203.622112881287,53,0.01431271941668917,False
391,3035,7,413,4447.089088683082,686,0.18525519848771266,False
391,3062,8,341,3467.336280499453,864,0.23332433162300836,False
391,750,9,1351,18151.316431061976,71,0.01917364299216851,False
391,1084,10,680,7865.785250639774,369,0.09964893329732649,False
392,466,1,556,5099.148866001355,600,0.16203078584931138,False
392,849,2,484,4137.1956080371765,732,0.19767755873615986,False
392,2472,3,92,623.2324303085727,2067,0.5581960572508776,False
392,2376,4,320,2891.4920026881377,997,0.2692411558196057,False
392,1958,5,521,5376.900874888158,564,0.15230893869835269,False
392,371,6,210,1736.6779643129837,1372,0.3705103969754253,False
392,3243,7,288,2248.1547885086075,1171,0.316230083715906,False
392,173,8,525,4377.879222400475,694,0.18741560896570347,False
392,836,9,228,1751.0169156453537,1365,0.3686200378071834,False
392,2794,10,378,3326.504658897429,888,0.23980556305698084,False
393,3504,1,678,7762.799452358628,381,0.10288954901431271,False
393,1208,2,1158,14810.865486380973,122,0.03294625978935998,False
393,1265,3,2248,30164.815200494995,23,0.006211180124223602,False
393,1234,4,1030,13066.52425452494,156,0.04212800432082096,False
393,318,5,2205,32060.29507007315,19,0.005130974885228194,False
393,1221,6,1675,22862.716982968926,41,0.011072103699702943,False
393,3098,7,539,5791.389392963434,529,0.14285714285714285,False
393,1246,8,843,9953.935772641878,257,0.06940318660545504,False
393,2194,9,1113,13673.62350752961,141,0.03807723467458817,False
393,1084,10,680,7865.785250639774,369,0.09964893329732649,False
394,1610,1,1627,21203.622112881287,53,0.01431271941668917,False
394,849,2,484,4137.1956080371765,732,0.19767755873615986,False
394,1917,3,1077,11668.363657704602,199,0.0537402106400216,False
394,1385,4,454,4354.591613583601,697,0.18822576289495005,False
394,1722,5,847,9207.403508173844,289,0.07804482851741831,False
394,3256,6,1036,12140.000461787271,184,0.049689440993788817,False
394,3527,7,1274,15145.18568718097,115,0.031055900621118012,False
394,1831,8,634,5734.045811516156,534,0.14420739940588712,False
394,173,9,525,4377.879222400475,694,0.18741560896570347,False
394,1037,10,589,5340.162563385103,570,0.1539292465568458,False
395,1517,1,1189,14124.467774987568,132,0.035646772886848505,False
395,1265,2,2248,30164.815200494995,23,0.006211180124223602,False
395,356,3,2167,29502.95296250054,26,0.0070213340534701595,False
395,3253,4,1112,12868.676927414986,165,0.044558466108560624,False
395,367,5,1152,12741.333924756256,167,0.045098568728058334,False
395,1060,6,777,8969.938991330382,297,0.08020523899540913,False
395,441,7,639,6905.694113478035,441,0.11909262759924386,False
395,2395,8,1202,14591.197277188907,126,0.034026465028355386,False
395,708,9,671,7027.82387859474,430,0.11612206319200648,False
395,3254,10,430,3838.3298940131463,781,0.21091007291385364,False
396,1265,1,2248,30164.815200494995,23,0.006211180124223602,False
396,1517,2,1189,14124.467774987568,132,0.035646772886848505,False
396,2470,3,899,9834.562229076122,265,0.07156359708344585,False
396,2406,4,1324,15911.425497058779,105,0.02835538752362949,False
396,1784,5,1403,17648.452993612464,77,0.020793950850661626,False
396,1246,6,843,9953.935772641878,257,0.06940318660545504,False
396,367,7,1152,12741.333924756256,167,0.045098568728058334,False
396,356,8,2167,29502.95296250054,26,0.0070213340534701595,False
396,1958,9,521,5376.900874888158,564,0.15230893869835269,False
396,539,10,970,11268.418336678264,210,0.05671077504725898,False
397,2406,1,1324,15911.425497058779,105,0.02835538752362949,False
397,1610,2,1627,21203.622112881287,53,0.01431271941668917,False
397,2470,3,899,9834.562229076122,265,0.07156359708344585,False
397,3527,4,1274,15145.18568718097,115,0.031055900621118012,False
397,1265,5,2248,30164.815200494995,23,0.006211180124223602,False
397,858,6,2204,31912.135776463492,20,0.0054010261949770455,False
397,2000,7,1601,20342.080655839327,57,0.01539292465568458,False
397,1210,8,2862,39999.1070644443,4,0.001080205238995409,False
397,849,9,484,4137.1956080371765,732,0.19767755873615986,False
397,356,10,2167,29502.95296250054,26,0.0070213340534701595,False
398,849,1,484,4137.1956080371765,732,0.19767755873615986,False
398,2406,2,1324,15911.425497058779,105,0.02835538752362949,False
398,367,3,1152,12741.333924756256,167,0.045098568728058334,False
398,2470,4,899,9834.562229076122,265,0.07156359708344585,False
398,2194,5,1113,13673.62350752961,141,0.03807723467458817,False
398,1517,6,1189,14124.467774987568,132,0.035646772886848505,False
398,2268,7,1047,12622.669539758992,171,0.04617877396705374,False
398,466,8,556,5099.148866001355,600,0.16203078584931138,False
398,1037,9,589,5340.162563385103,570,0.1539292465568458,False
398,368,10,779,8483.940453676954,329,0.0888468809073724,False
399,2699,1,1333,14386.47750003128,129,0.03483661895760194,False
399,2997,2,2207,30287.330109496044,22,0.00594112881447475,False
399,1517,3,1189,14124.467774987568,132,0.035646772886848505,False
399,2723,4,846,8577.128708771077,324,0.08749662435862814,False
399,2706,5,1357,16438.374532125355,93,0.025114771806643264,False
399,2987,6,1675,20750.54196051247,55,0.014852822036186876,False
399,1265,7,2248,30164.815200494995,23,0.006211180124223602,False
399,2598,8,526,4962.056034307624,618,0.1668917094247907,False
399,367,9,1152,12741.333924756256,167,0.045098568728058334,False
399,785,10,755,8106.09460306757,358,0.09667836889008911,False
400,2406,1,1324,15911.425497058779,105,0.02835538752362949,False
400,2194,2,1113,13673.62350752961,141,0.03807723467458817,False
400,1610,3,1627,21203.622112881287,53,0.01431271941668917,False
400,1265,4,2248,30164.815200494995,23,0.006211180124223602,False
400,2470,5,899,9834.562229076122,265,0.07156359708344585,False
400,1246,6,843,9953.935772641878,257,0.06940318660545504,False
400,2268,7,1047,12622.669539758992,171,0.04617877396705374,False
400,858,8,2204,31912.135776463492,20,0.0054010261949770455,False
400,356,9,2167,29502.95296250054,26,0.0070213340534701595,False
400,318,10,2205,32060.29507007315,19,0.005130974885228194,False
401,2470,1,899,9834.562229076122,265,0.07156359708344585,False
401,466,2,556,5099.148866001355,600,0.16203078584931138,False
401,2406,3,1324,15911.425497058779,105,0.02835538752362949,False
401,367,4,1152,12741.333924756256,167,0.045098568728058334,False
401,3254,5,430,3838.3298940131463,781,0.21091007291385364,False
401,368,6,779,8483.940453676954,329,0.0888468809073724,False
401,1610,7,1627,21203.622112881287,53,0.01431271941668917,False
401,849,8,484,4137.1956080371765,732,0.19767755873615986,False
401,2268,9,1047,12622.669539758992,171,0.04617877396705374,False
401,1265,10,2248,30164.815200494995,23,0.006211180124223602,False
402,2374,1,238,1935.9298656077892,1286,0.347285984337024,False
402,1246,2,843,9953.935772641878,257,0.06940318660545504,False
402,2268,3,1047,12622.669539758992,171,0.04617877396705374,False
402,1958,4,521,5376.900874888158,564,0.15230893869835269,False
402,466,5,556,5099.148866001355,600,0.16203078584931138,False
402,3098,6,539,5791.389392963434,529,0.14285714285714285,False
402,1641,7,1185,14406.19469979475,128,0.03456656764785309,False
402,368,8,779,8483.940453676954,329,0.0888468809073724,False
402,371,9,210,1736.6779643129837,1372,0.3705103969754253,False
402,3033,10,882,9406.776221937542,281,0.0758844180394275,False
403,2406,1,1324,15911.425497058779,105,0.02835538752362949,False
403,466,2,556,5099.148866001355,600,0.16203078584931138,False
403,368,3,779,8483.940453676954,329,0.0888468809073724,False
403,849,4,484,4137.1956080371765,732,0.19767755873615986,False
403,2374,5,238,1935.9298656077892,1286,0.347285984337024,False
403,3254,6,430,3838.3298940131463,781,0.21091007291385364,False
403,2003,7,768,8005.673345511925,362,0.09775857412908452,False
403,1385,8,454,4354.591613583601,697,0.18822576289495005,False
403,1722,9,847,9207.403508173844,289,0.07804482851741831,False
403,2376,10,320,2891.4920026881377,997,0.2692411558196057,False
404,2268,1,1047,12622.669539758992,171,0.04617877396705374,False
404,296,2,2138,29830.80155175783,25,0.006751282743721307,False
404,1246,3,843,9953.935772641878,257,0.06940318660545504,False
404,1265,4,2248,30164.815200494995,23,0.006211180124223602,False
404,1784,5,1403,17648.452993612464,77,0.020793950850661626,False
404,2194,6,1113,13673.62350752961,141,0.03807723467458817,False
404,3098,7,539,5791.389392963434,529,0.14285714285714285,False
404,36,8,916,10862.61364956842,233,0.06292195517148258,False
404,356,9,2167,29502.95296250054,26,0.0070213340534701595,False
404,1221,10,1675,22862.716982968926,41,0.011072103699702943,False
405,2406,1,1324,15911.425497058779,105,0.02835538752362949,False
405,2470,2,899,9834.562229076122,265,0.07156359708344585,False
405,1246,3,843,9953.935772641878,257,0.06940318660545504,False
405,356,4,2167,29502.95296250054,26,0.0070213340534701595,False
405,1958,5,521,5376.900874888158,564,0.15230893869835269,False
405,1517,6,1189,14124.467774987568,132,0.035646772886848505,False
405,1784,7,1403,17648.452993612464,77,0.020793950850661626,False
405,2858,8,3379,50257.027663730645,1,0.00027005130974885227,False
405,3098,9,539,5791.389392963434,529,0.14285714285714285,False
405,2268,10,1047,12622.669539758992,171,0.04617877396705374,False
406,2406,1,1324,15911.425497058779,105,0.02835538752362949,False
406,1246,2,843,9953.935772641878,257,0.06940318660545504,False
406,367,3,1152,12741.333924756256,167,0.045098568728058334,False
406,849,4,484,4137.1956080371765,732,0.19767755873615986,False
406,466,5,556,5099.148866001355,600,0.16203078584931138,False
406,1517,6,1189,14124.467774987568,132,0.035646772886848505,False
406,368,7,779,8483.940453676954,329,0.0888468809073724,False
406,356,8,2167,29502.95296250054,26,0.0070213340534701595,False
406,2858,9,3379,50257.027663730645,1,0.00027005130974885227,False
406,1917,10,1077,11668.363657704602,199,0.0537402106400216,False
407,2194,1,1113,13673.62350752961,141,0.03807723467458817,False
407,1265,2,2248,30164.815200494995,23,0.006211180124223602,False
407,2470,3,899,9834.562229076122,265,0.07156359708344585,False
407,2858,4,3379,50257.027663730645,1,0.00027005130974885227,False
407,367,5,1152,12741.333924756256,167,0.045098568728058334,False
407,2406,6,1324,15911.425497058779,105,0.02835538752362949,False
407,2374,7,238,1935.9298656077892,1286,0.347285984337024,False
407,1517,8,1189,14124.467774987568,132,0.035646772886848505,False
407,318,9,2205,32060.29507007315,19,0.005130974885228194,False
407,1246,10,843,9953.935772641878,257,0.06940318660545504,False
408,2194,1,1113,13673.62350752961,141,0.03807723467458817,False
408,2406,2,1324,15911.425497058779,105,0.02835538752362949,False
408,1208,3,1158,14810.865486380973,122,0.03294625978935998,False
408,3504,4,678,7762.799452358628,381,0.10288954901431271,False
408,1246,5,843,9953.935772641878,257,0.06940318660545504,False
408,1610,6,1627,21203.622112881287,53,0.01431271941668917,False
408,2858,7,3379,50257.027663730645,1,0.00027005130974885227,False
408,3098,8,539,5791.389392963434,529,0.14285714285714285,False
408,2268,9,1047,12622.669539758992,171,0.04617877396705374,False
408,2470,10,899,9834.562229076122,265,0.07156359708344585,False
409,3098,1,539,5791.389392963434,529,0.14285714285714285,False
409,2374,2,238,1935.9298656077892,1286,0.347285984337024,False
409,356,3,2167,29502.95296250054,26,0.0070213340534701595,False
409,1958,4,521,5376.900874888158,564,0.15230893869835269,False
409,466,5,556,5099.148866001355,600,0.16203078584931138,False
409,21,6,1332,15861.790447333964,106,0.02862543883337834,False
409,368,7,779,8483.940453676954,329,0.0888468809073724,False
409,296,8,2138,29830.80155175783,25,0.006751282743721307,False
409,3254,9,430,3838.3298940131463,781,0.21091007291385364,False
409,849,10,484,4137.1956080371765,732,0.19767755873615986,False
410,2470,1,899,9834.562229076122,265,0.07156359708344585,False
410,1517,2,1189,14124.467774987568,132,0.035646772886848505,False
410,3087,3,509,5141.8302460362265,596,0.16095058061031595,False
410,2374,4,238,1935.9298656077892,1286,0.347285984337024,False
410,1663,5,734,8277.8875736377,341,0.09208749662435863,False
410,2003,6,768,8005.673345511925,362,0.09775857412908452,False
410,356,7,2167,29502.95296250054,26,0.0070213340534701595,False
410,3254,8,430,3838.3298940131463,781,0.21091007291385364,False
410,367,9,1152,12741.333924756256,167,0.045098568728058334,False
410,3040,10,312,2828.56852054339,1014,0.2738320280853362,False
411,2374,1,238,1935.9298656077892,1286,0.347285984337024,False
411,3254,2,430,3838.3298940131463,781,0.21091007291385364,False
411,371,3,210,1736.6779643129837,1372,0.3705103969754253,False
411,2003,4,768,8005.673345511925,362,0.09775857412908452,False
411,3040,5,312,2828.56852054339,1014,0.2738320280853362,False
411,2735,6,446,4023.1117534989953,749,0.20226843100189035,False
411,3087,7,509,5141.8302460362265,596,0.16095058061031595,False
411,2472,8,92,623.2324303085727,2067,0.5581960572508776,False
411,466,9,556,5099.148866001355,600,0.16203078584931138,False
411,2252,10,183,1432.8035994030688,1495,0.40372670807453415,False
412,2374,1,238,1935.9298656077892,1286,0.347285984337024,False
412,1958,2,521,5376.900874888158,564,0.15230893869835269,False
412,3254,3,430,3838.3298940131463,781,0.21091007291385364,False
412,371,4,210,1736.6779643129837,1372,0.3705103969754253,False
412,2735,5,446,4023.1117534989953,749,0.20226843100189035,False
412,2003,6,768,8005.673345511925,362,0.09775857412908452,False
412,466,7,556,5099.148866001355,600,0.16203078584931138,False
412,3040,8,312,2828.56852054339,1014,0.2738320280853362,False
412,2420,9,487,4839.279068525698,641,0.17310288954901432,False
412,708,10,671,7027.82387859474,430,0.11612206319200648,False
413,2194,1,1113,13673.62350752961,141,0.03807723467458817,False
413,1265,2,2248,30164.815200494995,23,0.006211180124223602,False
413,1784,3,1403,17648.452993612464,77,0.020793950850661626,False
413,2406,4,1324,15911.425497058779,105,0.02835538752362949,False
413,2470,5,899,9834.562229076122,265,0.07156359708344585,False
413,356,6,2167,29502.95296250054,26,0.0070213340534701595,False
413,296,7,2138,29830.80155175783,25,0.006751282743721307,False
413,1393,8,1326,16137.674690050057,100,0.027005130974885227,False
413,1610,9,1627,21203.622112881287,53,0.01431271941668917,False
413,367,10,1152,12741.333924756256,167,0.045098568728058334,False
414,2406,1,1324,15911.425497058779,105,0.02835538752362949,False
414,2194,2,1113,13673.62350752961,141,0.03807723467458817,False
414,1610,3,1627,21203.622112881287,53,0.01431271941668917,False
414,2470,4,899,9834.562229076122,265,0.07156359708344585,False
414,858,5,2204,31912.135776463492,20,0.0054010261949770455,False
414,2268,6,1047,12622.669539758992,171,0.04617877396705374,False
414,969,7,1037,13046.278423208978,157,0.04239805563056981,False
414,3098,8,539,5791.389392963434,529,0.14285714285714285,False
414,1246,9,843,9953.935772641878,257,0.06940318660545504,False
414,1265,10,2248,30164.815200494995,23,0.006211180124223602,False
415,2470,1,899,9834.562229076122,265,0.07156359708344585,False
415,1958,2,521,5376.900874888158,564,0.15230893869835269,False
415,1246,3,843,9953.935772641878,257,0.06940318660545504,False
415,3098,4,539,5791.389392963434,529,0.14285714285714285,False
415,367,5,1152,12741.333924756256,167,0.045098568728058334,False
415,2374,6,238,1935.9298656077892,1286,0.347285984337024,False
415,2003,7,768,8005.673345511925,362,0.09775857412908452,False
415,2100,8,1150,13032.466469726762,158,0.04266810694031866,False
415,1784,9,1403,17648.452993612464,77,0.020793950850661626,False
415,3040,10,312,2828.56852054339,1014,0.2738320280853362,False
416,2699,1,1333,14386.47750003128,129,0.03483661895760194,False
416,2268,2,1047,12622.669539758992,171,0.04617877396705374,False
416,2355,3,1677,21334.909548900763,50,0.013502565487442613,False
416,1265,4,2248,30164.815200494995,23,0.006211180124223602,False
416,2706,5,1357,16438.374532125355,93,0.025114771806643264,False
416,2723,6,846,8577.128708771077,324,0.08749662435862814,False
416,367,7,1152,12741.333924756256,167,0.045098568728058334,False
416,356,8,2167,29502.95296250054,26,0.0070213340534701595,False
416,1517,9,1189,14124.467774987568,132,0.035646772886848505,False
416,318,10,2205,32060.29507007315,19,0.005130974885228194,False
417,1282,1,930,10977.32333448765,222,0.05995139076424521,False
417,2987,2,1675,20750.54196051247,55,0.014852822036186876,False
417,2355,3,1677,21334.909548900763,50,0.013502565487442613,False
417,367,4,1152,12741.333924756256,167,0.045098568728058334,False
417,2470,5,899,9834.562229076122,265,0.07156359708344585,False
417,2406,6,1324,15911.425497058779,105,0.02835538752362949,False
417,596,7,488,5107.150963194401,599,0.16176073453956252,False
417,1517,8,1189,14124.467774987568,132,0.035646772886848505,False
417,1265,9,2248,30164.815200494995,23,0.006211180124223602,False
417,2003,10,768,8005.673345511925,362,0.09775857412908452,False
418,1610,1,1627,21203.622112881287,53,0.01431271941668917,False
418,849,2,484,4137.1956080371765,732,0.19767755873615986,False
418,1385,3,454,4354.591613583601,697,0.18822576289495005,False
418,1917,4,1077,11668.363657704602,199,0.0537402106400216,False
418,3527,5,1274,15145.18568718097,115,0.031055900621118012,False
418,368,6,779,8483.940453676954,329,0.0888468809073724,False
418,2376,7,320,2891.4920026881377,997,0.2692411558196057,False
418,2470,8,899,9834.562229076122,265,0.07156359708344585,False
418,1722,9,847,9207.403508173844,289,0.07804482851741831,False
418,3274,10,430,3988.466069243214,759,0.20496894409937888,False
419,2406,1,1324,15911.425497058779,105,0.02835538752362949,False
419,1610,2,1627,21203.622112881287,53,0.01431271941668917,False
419,1265,3,2248,30164.815200494995,23,0.006211180124223602,False
419,356,4,2167,29502.95296250054,26,0.0070213340534701595,False
419,2470,5,899,9834.562229076122,265,0.07156359708344585,False
419,367,6,1152,12741.333924756256,167,0.045098568728058334,False
419,2194,7,1113,13673.62350752961,141,0.03807723467458817,False
419,2268,8,1047,12622.669539758992,171,0.04617877396705374,False
419,1517,9,1189,14124.467774987568,132,0.035646772886848505,False
419,1246,10,843,9953.935772641878,257,0.06940318660545504,False
420,2406,1,1324,15911.425497058779,105,0.02835538752362949,False
420,1265,2,2248,30164.815200494995,23,0.006211180124223602,False
420,2470,3,899,9834.562229076122,265,0.07156359708344585,False
420,2858,4,3379,50257.027663730645,1,0.00027005130974885227,False
420,1517,5,1189,14124.467774987568,132,0.035646772886848505,False
420,1234,6,1030,13066.52425452494,156,0.04212800432082096,False
420,1136,7,1579,21325.87905489384,51,0.013772616797191467,False
420,2194,8,1113,13673.62350752961,141,0.03807723467458817,False
420,367,9,1152,12741.333924756256,167,0.045098568728058334,False
420,2003,10,768,8005.673345511925,362,0.09775857412908452,False
421,1610,1,1627,21203.622112881287,53,0.01431271941668917,False
421,849,2,484,4137.1956080371765,732,0.19767755873615986,False
421,1917,3,1077,11668.363657704602,199,0.0537402106400216,False
421,2406,4,1324,15911.425497058779,105,0.02835538752362949,False
421,1722,5,847,9207.403508173844,289,0.07804482851741831,False
421,1831,6,634,5734.045811516156,534,0.14420739940588712,False
421,2470,7,899,9834.562229076122,265,0.07156359708344585,False
421,836,8,228,1751.0169156453537,1365,0.3686200378071834,False
421,466,9,556,5099.148866001355,600,0.16203078584931138,False
421,1385,10,454,4354.591613583601,697,0.18822576289495005,False
422,849,1,484,4137.1956080371765,732,0.19767755873615986,False
422,1037,2,589,5340.162563385103,570,0.1539292465568458,False
422,2968,3,992,11463.838815645044,204,0.05509046718876587,False
422,1831,4,634,5734.045811516156,534,0.14420739940588712,False
422,173,5,525,4377.879222400475,694,0.18741560896570347,False
422,1371,6,767,7823.062410781384,375,0.1012692411558196,False
422,1917,7,1077,11668.363657704602,199,0.0537402106400216,False
422,1129,8,876,9592.145647702826,274,0.07399405887118553,False
422,1584,9,1364,16659.438877757886,89,0.024034566567647853,False
422,1610,10,1627,21203.622112881287,53,0.01431271941668917,False
423,2699,1,1333,14386.47750003128,129,0.03483661895760194,False
423,2723,2,846,8577.128708771077,324,0.08749662435862814,False
423,1517,3,1189,14124.467774987568,132,0.035646772886848505,False
423,2987,4,1675,20750.54196051247,55,0.014852822036186876,False
423,1265,5,2248,30164.815200494995,23,0.006211180124223602,False
423,367,6,1152,12741.333924756256,167,0.045098568728058334,False
423,785,7,755,8106.09460306757,358,0.09667836889008911,False
423,356,8,2167,29502.95296250054,26,0.0070213340534701595,False
423,1784,9,1403,17648.452993612464,77,0.020793950850661626,False
423,2598,10,526,4962.056034307624,618,0.1668917094247907,False
424,2735,1,446,4023.1117534989953,749,0.20226843100189035,False
424,849,2,484,4137.1956080371765,732,0.19767755873615986,False
424,2472,3,92,623.2324303085727,2067,0.5581960572508776,False
424,836,4,228,1751.0169156453537,1365,0.3686200378071834,False
424,371,5,210,1736.6779643129837,1372,0.3705103969754253,False
424,1831,6,634,5734.045811516156,534,0.14420739940588712,False
424,1488,7,281,2321.644759691034,1148,0.31001890359168244,False
424,2368,8,54,251.46015737333758,2569,0.6937618147448015,False
424,168,9,351,3065.213197043905,954,0.2576289495004051,False
424,415,10,172,1216.1768163014758,1634,0.4412638401296246,False
425,2406,1,1324,15911.425497058779,105,0.02835538752362949,False
425,1246,2,843,9953.935772641878,257,0.06940318660545504,False
425,2374,3,238,1935.9298656077892,1286,0.347285984337024,False
425,2194,4,1113,13673.62350752961,141,0.03807723467458817,False
425,3098,5,539,5791.389392963434,529,0.14285714285714285,False
425,1517,6,1189,14124.467774987568,132,0.035646772886848505,False
425,367,7,1152,12741.333924756256,167,0.045098568728058334,False
425,1958,8,521,5376.900874888158,564,0.15230893869835269,False
425,1784,9,1403,17648.452993612464,77,0.020793950850661626,False
425,2003,10,768,8005.673345511925,362,0.09775857412908452,False
426,849,1,484,4137.1956080371765,732,0.19767755873615986,False
426,2194,2,1113,13673.62350752961,141,0.03807723467458817,False
426,1385,3,454,4354.591613583601,697,0.18822576289495005,False
426,173,4,525,4377.879222400475,694,0.18741560896570347,False
426,3527,5,1274,15145.18568718097,115,0.031055900621118012,False
426,1831,6,634,5734.045811516156,534,0.14420739940588712,False
426,1037,7,589,5340.162563385103,570,0.1539292465568458,False
426,367,8,1152,12741.333924756256,167,0.045098568728058334,False
426,2470,9,899,9834.562229076122,265,0.07156359708344585,False
426,3274,10,430,3988.466069243214,759,0.20496894409937888,False
427,849,1,484,4137.1956080371765,732,0.19767755873615986,False
427,2470,2,899,9834.562229076122,265,0.07156359708344585,False
427,2406,3,1324,15911.425497058779,105,0.02835538752362949,False
427,1610,4,1627,21203.622112881287,53,0.01431271941668917,False
427,1917,5,1077,11668.363657704602,199,0.0537402106400216,False
427,173,6,525,4377.879222400475,694,0.18741560896570347,False
427,367,7,1152,12741.333924756256,167,0.045098568728058334,False
427,3527,8,1274,15145.18568718097,115,0.031055900621118012,False
427,1831,9,634,5734.045811516156,534,0.14420739940588712,False
427,1214,10,1991,27073.43255393762,31,0.00837159060221442,False
428,356,1,2167,29502.95296250054,26,0.0070213340534701595,False
428,1784,2,1403,17648.452993612464,77,0.020793950850661626,False
428,367,3,1152,12741.333924756256,167,0.045098568728058334,False
428,296,4,2138,29830.80155175783,25,0.006751282743721307,False
428,2406,5,1324,15911.425497058779,105,0.02835538752362949,False
428,858,6,2204,31912.135776463492,20,0.0054010261949770455,False
428,3253,7,1112,12868.676927414986,165,0.044558466108560624,False
428,2268,8,1047,12622.669539758992,171,0.04617877396705374,False
428,1610,9,1627,21203.622112881287,53,0.01431271941668917,False
428,1089,10,1243,15811.006137632434,107,0.028895490143127193,False
429,2374,1,238,1935.9298656077892,1286,0.347285984337024,False
429,849,2,484,4137.1956080371765,732,0.19767755873615986,False
429,466,3,556,5099.148866001355,600,0.16203078584931138,False
429,2470,4,899,9834.562229076122,265,0.07156359708344585,False
429,2194,5,1113,13673.62350752961,141,0.03807723467458817,False
429,3254,6,430,3838.3298940131463,781,0.21091007291385364,False
429,2406,7,1324,15911.425497058779,105,0.02835538752362949,False
429,2003,8,768,8005.673345511925,362,0.09775857412908452,False
429,2735,9,446,4023.1117534989953,749,0.20226843100189035,False
429,1246,10,843,9953.935772641878,257,0.06940318660545504,False
430,2406,1,1324,15911.425497058779,105,0.02835538752362949,False
430,11,2,1023,12045.16513018045,185,0.049959492303537675,False
430,1517,3,1189,14124.467774987568,132,0.035646772886848505,False
430,1393,4,1326,16137.674690050057,100,0.027005130974885227,False
430,367,5,1152,12741.333924756256,167,0.045098568728058334,False
430,2470,6,899,9834.562229076122,265,0.07156359708344585,False
430,1784,7,1403,17648.452993612464,77,0.020793950850661626,False
430,2100,8,1150,13032.466469726762,158,0.04266810694031866,False
430,1641,9,1185,14406.19469979475,128,0.03456656764785309,False
430,3253,10,1112,12868.676927414986,165,0.044558466108560624,False
431,849,1,484,4137.1956080371765,732,0.19767755873615986,False
431,2406,2,1324,15911.425497058779,105,0.02835538752362949,False
431,1917,3,1077,11668.363657704602,199,0.0537402106400216,False
431,1610,4,1627,21203.622112881287,53,0.01431271941668917,False
431,2470,5,899,9834.562229076122,265,0.07156359708344585,False
431,1831,6,634,5734.045811516156,534,0.14420739940588712,False
431,2968,7,992,11463.838815645044,204,0.05509046718876587,False
431,1371,8,767,7823.062410781384,375,0.1012692411558196,False
431,1037,9,589,5340.162563385103,570,0.1539292465568458,False
431,2194,10,1113,13673.62350752961,141,0.03807723467458817,False
432,708,1,671,7027.82387859474,430,0.11612206319200648,False
432,539,2,970,11268.418336678264,210,0.05671077504725898,False
432,2671,3,766,8477.47378024496,330,0.08911693221712125,False
432,195,4,159,1177.4403251342478,1657,0.4474750202538482,False
432,1393,5,1326,16137.674690050057,100,0.027005130974885227,False
432,2406,6,1324,15911.425497058779,105,0.02835538752362949,False
432,339,7,662,6982.408920702255,437,0.11801242236024845,False
432,543,8,674,7011.4595335515605,431,0.11639211450175534,False
432,1784,9,1403,17648.452993612464,77,0.020793950850661626,False
432,1441,10,475,4724.251430804826,652,0.17607345395625168,False
433,1265,1,2248,30164.815200494995,23,0.006211180124223602,False
433,2406,2,1324,15911.425497058779,105,0.02835538752362949,False
433,1517,3,1189,14124.467774987568,132,0.035646772886848505,False
433,2470,4,899,9834.562229076122,265,0.07156359708344585,False
433,1784,5,1403,17648.452993612464,77,0.020793950850661626,False
433,1641,6,1185,14406.19469979475,128,0.03456656764785309,False
433,367,7,1152,12741.333924756256,167,0.045098568728058334,False
433,2100,8,1150,13032.466469726762,158,0.04266810694031866,False
433,3253,9,1112,12868.676927414986,165,0.044558466108560624,False
433,1958,10,521,5376.900874888158,564,0.15230893869835269,False
434,588,1,1336,16327.279898761482,95,0.025654874426140967,False
434,1265,2,2248,30164.815200494995,23,0.006211180124223602,False
434,2470,3,899,9834.562229076122,265,0.07156359708344585,False
434,595,4,1053,12612.15008513157,173,0.046718876586551446,False
434,2406,5,1324,15911.425497058779,105,0.02835538752362949,False
434,1234,6,1030,13066.52425452494,156,0.04212800432082096,False
434,1278,7,1173,15026.933672824978,118,0.03186605455036457,False
434,1517,8,1189,14124.467774987568,132,0.035646772886848505,False
434,3504,9,678,7762.799452358628,381,0.10288954901431271,False
434,367,10,1152,12741.333924756256,167,0.045098568728058334,False
435,849,1,484,4137.1956080371765,732,0.19767755873615986,False
435,2194,2,1113,13673.62350752961,141,0.03807723467458817,False
435,1831,3,634,5734.045811516156,534,0.14420739940588712,False
435,368,4,779,8483.940453676954,329,0.0888468809073724,False
435,173,5,525,4377.879222400475,694,0.18741560896570347,False
435,1037,6,589,5340.162563385103,570,0.1539292465568458,False
435,836,7,228,1751.0169156453537,1365,0.3686200378071834,False
435,1214,8,1991,27073.43255393762,31,0.00837159060221442,False
435,2273,9,613,6461.724895180098,469,0.1266540642722117,False
435,2470,10,899,9834.562229076122,265,0.07156359708344585,False
436,849,1,484,4137.1956080371765,732,0.19767755873615986,False
436,173,2,525,4377.879222400475,694,0.18741560896570347,False
436,2470,3,899,9834.562229076122,265,0.07156359708344585,False
436,2406,4,1324,15911.425497058779,105,0.02835538752362949,False
436,1917,5,1077,11668.363657704602,199,0.0537402106400216,False
436,1371,6,767,7823.062410781384,375,0.1012692411558196,False
436,2968,7,992,11463.838815645044,204,0.05509046718876587,False
436,3527,8,1274,15145.18568718097,115,0.031055900621118012,False
436,1610,9,1627,21203.622112881287,53,0.01431271941668917,False
436,2641,10,834,8649.795340226987,319,0.08614636780988388,False
437,2406,1,1324,15911.425497058779,105,0.02835538752362949,False
437,2194,2,1113,13673.62350752961,141,0.03807723467458817,False
437,368,3,779,8483.940453676954,329,0.0888468809073724,False
437,2470,4,899,9834.562229076122,265,0.07156359708344585,False
437,595,5,1053,12612.15008513157,173,0.046718876586551446,False
437,1610,6,1627,21203.622112881287,53,0.01431271941668917,False
437,588,7,1336,16327.279898761482,95,0.025654874426140967,False
437,1246,8,843,9953.935772641878,257,0.06940318660545504,False
437,750,9,1351,18151.316431061976,71,0.01917364299216851,False
437,2987,10,1675,20750.54196051247,55,0.014852822036186876,False
438,2374,1,238,1935.9298656077892,1286,0.347285984337024,False
438,3254,2,430,3838.3298940131463,781,0.21091007291385364,False
438,2470,3,899,9834.562229076122,265,0.07156359708344585,False
438,2735,4,446,4023.1117534989953,749,0.20226843100189035,False
438,2406,5,1324,15911.425497058779,105,0.02835538752362949,False
438,849,6,484,4137.1956080371765,732,0.19767755873615986,False
438,2472,7,92,623.2324303085727,2067,0.5581960572508776,False
438,371,8,210,1736.6779643129837,1372,0.3705103969754253,False
438,1958,9,521,5376.900874888158,564,0.15230893869835269,False
438,2376,10,320,2891.4920026881377,997,0.2692411558196057,False
439,2406,1,1324,15911.425497058779,105,0.02835538752362949,False
439,1246,2,843,9953.935772641878,257,0.06940318660545504,False
439,2470,3,899,9834.562229076122,265,0.07156359708344585,False
439,2194,4,1113,13673.62350752961,141,0.03807723467458817,False
439,367,5,1152,12741.333924756256,167,0.045098568728058334,False
439,3098,6,539,5791.389392963434,529,0.14285714285714285,False
439,2374,7,238,1935.9298656077892,1286,0.347285984337024,False
439,1784,8,1403,17648.452993612464,77,0.020793950850661626,False
439,2858,9,3379,50257.027663730645,1,0.00027005130974885227,False
439,368,10,779,8483.940453676954,329,0.0888468809073724,False
440,2406,1,1324,15911.425497058779,105,0.02835538752362949,False
440,1917,2,1077,11668.363657704602,199,0.0537402106400216,False
440,368,3,779,8483.940453676954,329,0.0888468809073724,False
440,1385,4,454,4354.591613583601,697,0.18822576289495005,False
440,1722,5,847,9207.403508173844,289,0.07804482851741831,False
440,1265,6,2248,30164.815200494995,23,0.006211180124223602,False
440,1370,7,1124,12916.45219146292,163,0.04401836348906292,False
440,2353,8,973,11192.615485374583,214,0.05779098028625439,False
440,733,9,1323,15999.609648258094,103,0.027815284904131786,False
440,849,10,484,4137.1956080371765,732,0.19767755873615986,False
441,849,1,484,4137.1956080371765,732,0.19767755873615986,False
441,3527,2,1274,15145.18568718097,115,0.031055900621118012,False
441,1371,3,767,7823.062410781384,375,0.1012692411558196,False
441,2406,4,1324,15911.425497058779,105,0.02835538752362949,False
441,173,5,525,4377.879222400475,694,0.18741560896570347,False
441,1917,6,1077,11668.363657704602,199,0.0537402106400216,False
441,1831,7,634,5734.045811516156,534,0.14420739940588712,False
441,2968,8,992,11463.838815645044,204,0.05509046718876587,False
441,1037,9,589,5340.162563385103,570,0.1539292465568458,False
441,1610,10,1627,21203.622112881287,53,0.01431271941668917,False
442,466,1,556,5099.148866001355,600,0.16203078584931138,False
442,3087,2,509,5141.8302460362265,596,0.16095058061031595,False
442,1958,3,521,5376.900874888158,564,0.15230893869835269,False
442,368,4,779,8483.940453676954,329,0.0888468809073724,False
442,520,5,359,3138.7649747707956,932,0.2516878206859303,False
442,3098,6,539,5791.389392963434,529,0.14285714285714285,False
442,2472,7,92,623.2324303085727,2067,0.5581960572508776,False
442,371,8,210,1736.6779643129837,1372,0.3705103969754253,False
442,2376,9,320,2891.4920026881377,997,0.2692411558196057,False
442,849,10,484,4137.1956080371765,732,0.19767755873615986,False
443,2268,1,1047,12622.669539758992,171,0.04617877396705374,False
443,1610,2,1627,21203.622112881287,53,0.01431271941668917,False
443,2858,3,3379,50257.027663730645,1,0.00027005130974885227,False
443,1208,4,1158,14810.865486380973,122,0.03294625978935998,False
443,367,5,1152,12741.333924756256,167,0.045098568728058334,False
443,593,6,2551,36777.598995411536,6,0.0016203078584931137,False
443,2000,7,1601,20342.080655839327,57,0.01539292465568458,False
443,1246,8,843,9953.935772641878,257,0.06940318660545504,False
443,111,9,1229,15718.304403803608,109,0.029435592762624897,False
443,1265,10,2248,30164.815200494995,23,0.006211180124223602,False
444,1265,1,2248,30164.815200494995,23,0.006211180124223602,False
444,1208,2,1158,14810.865486380973,122,0.03294625978935998,False
444,2406,3,1324,15911.425497058779,105,0.02835538752362949,False
444,1246,4,843,9953.935772641878,257,0.06940318660545504,False
444,3098,5,539,5791.389392963434,529,0.14285714285714285,False
444,2470,6,899,9834.562229076122,265,0.07156359708344585,False
444,858,7,2204,31912.135776463492,20,0.0054010261949770455,False
444,1958,8,521,5376.900874888158,564,0.15230893869835269,False
444,2194,9,1113,13673.62350752961,141,0.03807723467458817,False
444,1244,10,708,8232.71579415292,347,0.09370780448285174,False
445,379,1,414,3692.3205936413024,806,0.21766135565757494,False
445,442,2,625,6040.1106480918925,509,0.1374561166621658,False
445,2406,3,1324,15911.425497058779,105,0.02835538752362949,False
445,2640,4,1202,13938.680495319237,136,0.03672697812584391,False
445,1610,5,1627,21203.622112881287,53,0.01431271941668917,False
445,466,6,556,5099.148866001355,600,0.16203078584931138,False
445,2470,7,899,9834.562229076122,265,0.07156359708344585,False
445,836,8,228,1751.0169156453537,1365,0.3686200378071834,False
445,2376,9,320,2891.4920026881377,997,0.2692411558196057,False
445,367,10,1152,12741.333924756256,167,0.045098568728058334,False
446,1246,1,843,9953.935772641878,257,0.06940318660545504,False
446,1265,2,2248,30164.815200494995,23,0.006211180124223602,False
446,1208,3,1158,14810.865486380973,122,0.03294625978935998,False
446,2858,4,3379,50257.027663730645,1,0.00027005130974885227,False
446,3098,5,539,5791.389392963434,529,0.14285714285714285,False
446,2406,6,1324,15911.425497058779,105,0.02835538752362949,False
446,318,7,2205,32060.29507007315,19,0.005130974885228194,False
446,1183,8,966,10960.909501000278,225,0.060761544693491765,False
446,2268,9,1047,12622.669539758992,171,0.04617877396705374,False
446,356,10,2167,29502.95296250054,26,0.0070213340534701595,False
447,1246,1,843,9953.935772641878,257,0.06940318660545504,False
447,3098,2,539,5791.389392963434,529,0.14285714285714285,False
447,1186,3,549,5726.250837490564,537,0.14501755333513366,False
447,2313,4,452,4851.431428539417,639,0.1725627869295166,False
447,1958,5,521,5376.900874888158,564,0.15230893869835269,False
447,1208,6,1158,14810.865486380973,122,0.03294625978935998,False
447,953,7,718,8613.709447935711,322,0.08695652173913043,False
447,2240,8,234,2078.7371845103885,1227,0.33135295706184176,False
447,2745,9,225,2101.812445967829,1219,0.32919254658385094,False
447,2194,10,1113,13673.62350752961,141,0.03807723467458817,False
448,2858,1,3379,50257.027663730645,1,0.00027005130974885227,False
448,2699,2,1333,14386.47750003128,129,0.03483661895760194,False
448,1265,3,2248,30164.815200494995,23,0.006211180124223602,False
448,2997,4,2207,30287.330109496044,22,0.00594112881447475,False
448,356,5,2167,29502.95296250054,26,0.0070213340534701595,False
448,2355,6,1677,21334.909548900763,50,0.013502565487442613,False
448,2762,7,2412,34805.42273076186,13,0.0035106670267350797,False
448,2706,8,1357,16438.374532125355,93,0.025114771806643264,False
448,3578,9,1859,24884.900654850804,33,0.008911693221712126,False
448,2987,10,1675,20750.54196051247,55,0.014852822036186876,False
449,2003,1,768,8005.673345511925,362,0.09775857412908452,False
449,2470,2,899,9834.562229076122,265,0.07156359708344585,False
449,3489,3,701,6916.038224598236,440,0.11882257628949501,False
449,849,4,484,4137.1956080371765,732,0.19767755873615986,False
449,2406,5,1324,15911.425497058779,105,0.02835538752362949,False
449,1278,6,1173,15026.933672824978,118,0.03186605455036457,False
449,2368,7,54,251.46015737333758,2569,0.6937618147448015,False
449,2100,8,1150,13032.466469726762,158,0.04266810694031866,False
449,173,9,525,4377.879222400475,694,0.18741560896570347,False
449,2735,10,446,4023.1117534989953,749,0.20226843100189035,False
450,1208,1,1158,14810.865486380973,122,0.03294625978935998,False
450,858,2,2204,31912.135776463492,20,0.0054010261949770455,False
450,1246,3,843,9953.935772641878,257,0.06940318660545504,False
450,2194,4,1113,13673.62350752961,141,0.03807723467458817,False
450,3098,5,539,5791.389392963434,529,0.14285714285714285,False
450,2858,6,3379,50257.027663730645,1,0.00027005130974885227,False
450,3504,7,678,7762.799452358628,381,0.10288954901431271,False
450,2268,8,1047,12622.669539758992,171,0.04617877396705374,False
450,1221,9,1675,22862.716982968926,41,0.011072103699702943,False
450,1610,10,1627,21203.622112881287,53,0.01431271941668917,False
451,3098,1,539,5791.389392963434,529,0.14285714285714285,False
451,1246,2,843,9953.935772641878,257,0.06940318660545504,False
451,1186,3,549,5726.250837490564,537,0.14501755333513366,False
451,953,4,718,8613.709447935711,322,0.08695652173913043,False
451,858,5,2204,31912.135776463492,20,0.0054010261949770455,False
451,1958,6,521,5376.900874888158,564,0.15230893869835269,False
451,2268,7,1047,12622.669539758992,171,0.04617877396705374,False
451,2194,8,1113,13673.62350752961,141,0.03807723467458817,False
451,2313,9,452,4851.431428539417,639,0.1725627869295166,False
451,1265,10,2248,30164.815200494995,23,0.006211180124223602,False
452,849,1,484,4137.1956080371765,732,0.19767755873615986,False
452,1917,2,1077,11668.363657704602,199,0.0537402106400216,False
452,466,3,556,5099.148866001355,600,0.16203078584931138,False
452,1831,4,634,5734.045811516156,534,0.14420739940588712,False
452,173,5,525,4377.879222400475,694,0.18741560896570347,False
452,2194,6,1113,13673.62350752961,141,0.03807723467458817,False
452,1037,7,589,5340.162563385103,570,0.1539292465568458,False
452,2406,8,1324,15911.425497058779,105,0.02835538752362949,False
452,1385,9,454,4354.591613583601,697,0.18822576289495005,False
452,367,10,1152,12741.333924756256,167,0.045098568728058334,False
453,2374,1,238,1935.9298656077892,1286,0.347285984337024,False
453,2735,2,446,4023.1117534989953,749,0.20226843100189035,False
453,466,3,556,5099.148866001355,600,0.16203078584931138,False
453,2406,4,1324,15911.425497058779,105,0.02835538752362949,False
453,368,5,779,8483.940453676954,329,0.0888468809073724,False
453,3040,6,312,2828.56852054339,1014,0.2738320280853362,False
453,849,7,484,4137.1956080371765,732,0.19767755873615986,False
453,1958,8,521,5376.900874888158,564,0.15230893869835269,False
453,2194,9,1113,13673.62350752961,141,0.03807723467458817,False
453,173,10,525,4377.879222400475,694,0.18741560896570347,False
454,2470,1,899,9834.562229076122,265,0.07156359708344585,False
454,367,2,1152,12741.333924756256,167,0.045098568728058334,False
454,2374,3,238,1935.9298656077892,1286,0.347285984337024,False
454,2194,4,1113,13673.62350752961,141,0.03807723467458817,False
454,1246,5,843,9953.935772641878,257,0.06940318660545504,False
454,466,6,556,5099.148866001355,600,0.16203078584931138,False
454,1784,7,1403,17648.452993612464,77,0.020793950850661626,False
454,1610,8,1627,21203.622112881287,53,0.01431271941668917,False
454,3254,9,430,3838.3298940131463,781,0.21091007291385364,False
454,1060,10,777,8969.938991330382,297,0.08020523899540913,False
455,1265,1,2248,30164.815200494995,23,0.006211180124223602,False
455,2470,2,899,9834.562229076122,265,0.07156359708344585,False
455,1234,3,1030,13066.52425452494,156,0.04212800432082096,False
455,356,4,2167,29502.95296250054,26,0.0070213340534701595,False
455,3504,5,678,7762.799452358628,381,0.10288954901431271,False
455,1221,6,1675,22862.716982968926,41,0.011072103699702943,False
455,2194,7,1113,13673.62350752961,141,0.03807723467458817,False
455,1259,8,1755,23260.316415956328,39,0.01053200108020524,False
455,1278,9,1173,15026.933672824978,118,0.03186605455036457,False
455,1214,10,1991,27073.43255393762,31,0.00837159060221442,False
456,2406,1,1324,15911.425497058779,105,0.02835538752362949,False
456,3527,2,1274,15145.18568718097,115,0.031055900621118012,False
456,849,3,484,4137.1956080371765,732,0.19767755873615986,False
456,2194,4,1113,13673.62350752961,141,0.03807723467458817,False
456,1214,5,1991,27073.43255393762,31,0.00837159060221442,False
456,2470,6,899,9834.562229076122,265,0.07156359708344585,False
456,1917,7,1077,11668.363657704602,199,0.0537402106400216,False
456,2640,8,1202,13938.680495319237,136,0.03672697812584391,False
456,173,9,525,4377.879222400475,694,0.18741560896570347,False
456,1831,10,634,5734.045811516156,534,0.14420739940588712,False
457,2194,1,1113,13673.62350752961,141,0.03807723467458817,False
457,2406,2,1324,15911.425497058779,105,0.02835538752362949,False
457,2470,3,899,9834.562229076122,265,0.07156359708344585,False
457,3098,4,539,5791.389392963434,529,0.14285714285714285,False
457,1517,5,1189,14124.467774987568,132,0.035646772886848505,False
457,1265,6,2248,30164.815200494995,23,0.006211180124223602,False
457,849,7,484,4137.1956080371765,732,0.19767755873615986,False
457,466,8,556,5099.148866001355,600,0.16203078584931138,False
457,2374,9,238,1935.9298656077892,1286,0.347285984337024,False
457,21,10,1332,15861.790447333964,106,0.02862543883337834,False
458,1214,1,1991,27073.43255393762,31,0.00837159060221442,False
458,589,2,2605,36165.89894183467,9,0.0024304617877396704,False
458,1610,3,1627,21203.622112881287,53,0.01431271941668917,False
458,858,4,2204,31912.135776463492,20,0.0054010261949770455,False
458,2406,5,1324,15911.425497058779,105,0.02835538752362949,False
458,2194,6,1113,13673.62350752961,141,0.03807723467458817,False
458,1198,7,2495,36483.882218338185,8,0.002160410477990818,False
458,3527,8,1274,15145.18568718097,115,0.031055900621118012,False
458,1221,9,1675,22862.716982968926,41,0.011072103699702943,False
458,3578,10,1859,24884.900654850804,33,0.008911693221712126,False
459,2997,1,2207,30287.330109496044,22,0.00594112881447475,False
459,2699,2,1333,14386.47750003128,129,0.03483661895760194,False
459,356,3,2167,29502.95296250054,26,0.0070213340534701595,False
459,1265,4,2248,30164.815200494995,23,0.006211180124223602,False
459,2355,5,1677,21334.909548900763,50,0.013502565487442613,False
459,1517,6,1189,14124.467774987568,132,0.035646772886848505,False
459,2987,7,1675,20750.54196051247,55,0.014852822036186876,False
459,2406,8,1324,15911.425497058779,105,0.02835538752362949,False
459,2723,9,846,8577.128708771077,324,0.08749662435862814,False
459,2395,10,1202,14591.197277188907,126,0.034026465028355386,False
460,2470,1,899,9834.562229076122,265,0.07156359708344585,False
460,2406,2,1324,15911.425497058779,105,0.02835538752362949,False
460,3253,3,1112,12868.676927414986,165,0.044558466108560624,False
460,367,4,1152,12741.333924756256,167,0.045098568728058334,False
460,356,5,2167,29502.95296250054,26,0.0070213340534701595,False
460,2858,6,3379,50257.027663730645,1,0.00027005130974885227,False
460,3087,7,509,5141.8302460362265,596,0.16095058061031595,False
460,2003,8,768,8005.673345511925,362,0.09775857412908452,False
460,2918,9,1457,18885.898215834106,64,0.017283283823926545,False
460,2997,10,2207,30287.330109496044,22,0.00594112881447475,False
461,2735,1,446,4023.1117534989953,749,0.20226843100189035,False
461,2003,2,768,8005.673345511925,362,0.09775857412908452,False
461,1246,3,843,9953.935772641878,257,0.06940318660545504,False
461,836,4,228,1751.0169156453537,1365,0.3686200378071834,False
461,3431,5,78,480.6392637713724,2221,0.5997839589522009,False
461,1958,6,521,5376.900874888158,564,0.15230893869835269,False
461,1385,7,454,4354.591613583601,697,0.18822576289495005,False
461,1488,8,281,2321.644759691034,1148,0.31001890359168244,False
461,3040,9,312,2828.56852054339,1014,0.2738320280853362,False
461,168,10,351,3065.213197043905,954,0.2576289495004051,False
462,2470,1,899,9834.562229076122,265,0.07156359708344585,False
462,2406,2,1324,15911.425497058779,105,0.02835538752362949,False
462,849,3,484,4137.1956080371765,732,0.19767755873615986,False
462,2003,4,768,8005.673345511925,362,0.09775857412908452,False
462,3033,5,882,9406.776221937542,281,0.0758844180394275,False
462,466,6,556,5099.148866001355,600,0.16203078584931138,False
462,1517,7,1189,14124.467774987568,132,0.035646772886848505,False
462,1917,8,1077,11668.363657704602,199,0.0537402106400216,False
462,368,9,779,8483.940453676954,329,0.0888468809073724,False
462,1371,10,767,7823.062410781384,375,0.1012692411558196,False
463,2406,1,1324,15911.425497058779,105,0.02835538752362949,False
463,3087,2,509,5141.8302460362265,596,0.16095058061031595,False
463,2003,3,768,8005.673345511925,362,0.09775857412908452,False
463,367,4,1152,12741.333924756256,167,0.045098568728058334,False
463,2374,5,238,1935.9298656077892,1286,0.347285984337024,False
463,1784,6,1403,17648.452993612464,77,0.020793950850661626,False
463,3254,7,430,3838.3298940131463,781,0.21091007291385364,False
463,708,8,671,7027.82387859474,430,0.11612206319200648,False
463,1958,9,521,5376.900874888158,564,0.15230893869835269,False
463,588,10,1336,16327.279898761482,95,0.025654874426140967,False
464,318,1,2205,32060.29507007315,19,0.005130974885228194,False
464,1246,2,843,9953.935772641878,257,0.06940318660545504,False
464,858,3,2204,31912.135776463492,20,0.0054010261949770455,False
464,2268,4,1047,12622.669539758992,171,0.04617877396705374,False
464,356,5,2167,29502.95296250054,26,0.0070213340534701595,False
464,1089,6,1243,15811.006137632434,107,0.028895490143127193,False
464,1213,7,1640,22083.331234721743,44,0.0118822576289495,False
464,1617,8,2242,31203.69208998335,21,0.005671077504725898,False
464,1784,9,1403,17648.452993612464,77,0.020793950850661626,False
464,111,10,1229,15718.304403803608,109,0.029435592762624897,False
465,1265,1,2248,30164.815200494995,23,0.006211180124223602,False
465,296,2,2138,29830.80155175783,25,0.006751282743721307,False
465,1617,3,2242,31203.69208998335,21,0.005671077504725898,False
465,1208,4,1158,14810.865486380973,122,0.03294625978935998,False
465,858,5,2204,31912.135776463492,20,0.0054010261949770455,False
465,1213,6,1640,22083.331234721743,44,0.0118822576289495,False
465,1060,7,777,8969.938991330382,297,0.08020523899540913,False
465,1517,8,1189,14124.467774987568,132,0.035646772886848505,False
465,356,9,2167,29502.95296250054,26,0.0070213340534701595,False
465,1259,10,1755,23260.316415956328,39,0.01053200108020524,False
466,2406,1,1324,15911.425497058779,105,0.02835538752362949,False
466,2470,2,899,9834.562229076122,265,0.07156359708344585,False
466,1517,3,1189,14124.467774987568,132,0.035646772886848505,False
466,1246,4,843,9953.935772641878,257,0.06940318660545504,False
466,3504,5,678,7762.799452358628,381,0.10288954901431271,False
466,3098,6,539,5791.389392963434,529,0.14285714285714285,False
466,1958,7,521,5376.900874888158,564,0.15230893869835269,False
466,356,8,2167,29502.95296250054,26,0.0070213340534701595,False
466,2194,9,1113,13673.62350752961,141,0.03807723467458817,False
466,1234,10,1030,13066.52425452494,156,0.04212800432082096,False
467,1265,1,2248,30164.815200494995,23,0.006211180124223602,False
467,2406,2,1324,15911.425497058779,105,0.02835538752362949,False
467,539,3,970,11268.418336678264,210,0.05671077504725898,False
467,2470,4,899,9834.562229076122,265,0.07156359708344585,False
467,2268,5,1047,12622.669539758992,171,0.04617877396705374,False
467,1246,6,843,9953.935772641878,257,0.06940318660545504,False
467,367,7,1152,12741.333924756256,167,0.045098568728058334,False
467,1517,8,1189,14124.467774987568,132,0.035646772886848505,False
467,1784,9,1403,17648.452993612464,77,0.020793950850661626,False
467,2100,10,1150,13032.466469726762,158,0.04266810694031866,False
468,2406,1,1324,15911.425497058779,105,0.02835538752362949,False
468,356,2,2167,29502.95296250054,26,0.0070213340534701595,False
468,2470,3,899,9834.562229076122,265,0.07156359708344585,False
468,708,4,671,7027.82387859474,430,0.11612206319200648,False
468,539,5,970,11268.418336678264,210,0.05671077504725898,False
468,2100,6,1150,13032.466469726762,158,0.04266810694031866,False
468,1183,7,966,10960.909501000278,225,0.060761544693491765,False
468,2671,8,766,8477.47378024496,330,0.08911693221712125,False
468,1246,9,843,9953.935772641878,257,0.06940318660545504,False
468,367,10,1152,12741.333924756256,167,0.045098568728058334,False
469,1208,1,1158,14810.865486380973,122,0.03294625978935998,False
469,2406,2,1324,15911.425497058779,105,0.02835538752362949,False
469,1221,3,1675,22862.716982968926,41,0.011072103699702943,False
469,2194,4,1113,13673.62350752961,141,0.03807723467458817,False
469,1214,5,1991,27073.43255393762,31,0.00837159060221442,False
469,904,6,1039,13489.29063272895,148,0.039967593842830135,False
469,3504,7,678,7762.799452358628,381,0.10288954901431271,False
469,318,8,2205,32060.29507007315,19,0.005130974885228194,False
469,1265,9,2248,30164.815200494995,23,0.006211180124223602,False
469,2470,10,899,9834.562229076122,265,0.07156359708344585,False
470,2470,1,899,9834.562229076122,265,0.07156359708344585,False
470,596,2,488,5107.150963194401,599,0.16176073453956252,False
470,367,3,1152,12741.333924756256,167,0.045098568728058334,False
470,1265,4,2248,30164.815200494995,23,0.006211180124223602,False
470,2080,5,851,9765.444600953726,269,0.07264380232244126,False
470,1517,6,1189,14124.467774987568,132,0.035646772886848505,False
470,1,7,2058,28045.883205107395,29,0.007831487982716717,False
470,2987,8,1675,20750.54196051247,55,0.014852822036186876,False
470,2100,9,1150,13032.466469726762,158,0.04266810694031866,False
470,356,10,2167,29502.95296250054,26,0.0070213340534701595,False
471,849,1,484,4137.1956080371765,732,0.19767755873615986,False
471,3527,2,1274,15145.18568718097,115,0.031055900621118012,False
471,2406,3,1324,15911.425497058779,105,0.02835538752362949,False
471,173,4,525,4377.879222400475,694,0.18741560896570347,False
471,1917,5,1077,11668.363657704602,199,0.0537402106400216,False
471,1584,6,1364,16659.438877757886,89,0.024034566567647853,False
471,1610,7,1627,21203.622112881287,53,0.01431271941668917,False
471,750,8,1351,18151.316431061976,71,0.01917364299216851,False
471,1831,9,634,5734.045811516156,534,0.14420739940588712,False
471,1037,10,589,5340.162563385103,570,0.1539292465568458,False
472,2968,1,992,11463.838815645044,204,0.05509046718876587,False
472,1610,2,1627,21203.622112881287,53,0.01431271941668917,False
472,1097,3,2236,30024.356290340704,24,0.006481231433972455,False
472,1210,4,2862,39999.1070644443,4,0.001080205238995409,False
472,1129,5,876,9592.145647702826,274,0.07399405887118553,False
472,2194,6,1113,13673.62350752961,141,0.03807723467458817,False
472,849,7,484,4137.1956080371765,732,0.19767755873615986,False
472,858,8,2204,31912.135776463492,20,0.0054010261949770455,False
472,1917,9,1077,11668.363657704602,199,0.0537402106400216,False
472,1371,10,767,7823.062410781384,375,0.1012692411558196,False
473,595,1,1053,12612.15008513157,173,0.046718876586551446,False
473,588,2,1336,16327.279898761482,95,0.025654874426140967,False
473,1028,3,990,11770.931674200543,195,0.052660005401026194,False
473,1265,4,2248,30164.815200494995,23,0.006211180124223602,False
473,1947,5,752,8791.79057359741,306,0.0826357007831488,False
473,2406,6,1324,15911.425497058779,105,0.02835538752362949,False
473,356,7,2167,29502.95296250054,26,0.0070213340534701595,False
473,1088,8,670,6879.768977779068,443,0.11963273021874156,False
473,900,9,341,3407.5294704445614,870,0.2349446394815015,False
473,2858,10,3379,50257.027663730645,1,0.00027005130974885227,False
474,2374,1,238,1935.9298656077892,1286,0.347285984337024,False
474,849,2,484,4137.1956080371765,732,0.19767755873615986,False
474,2470,3,899,9834.562229076122,265,0.07156359708344585,False
474,173,4,525,4377.879222400475,694,0.18741560896570347,False
474,367,5,1152,12741.333924756256,167,0.045098568728058334,False
474,2003,6,768,8005.673345511925,362,0.09775857412908452,False
474,2735,7,446,4023.1117534989953,749,0.20226843100189035,False
474,2406,8,1324,15911.425497058779,105,0.02835538752362949,False
474,1831,9,634,5734.045811516156,534,0.14420739940588712,False
474,836,10,228,1751.0169156453537,1365,0.3686200378071834,False
475,2374,1,238,1935.9298656077892,1286,0.347285984337024,False
475,173,2,525,4377.879222400475,694,0.18741560896570347,False
475,2376,3,320,2891.4920026881377,997,0.2692411558196057,False
475,1371,4,767,7823.062410781384,375,0.1012692411558196,False
475,368,5,779,8483.940453676954,329,0.0888468809073724,False
475,1037,6,589,5340.162563385103,570,0.1539292465568458,False
475,367,7,1152,12741.333924756256,167,0.045098568728058334,False
475,1610,8,1627,21203.622112881287,53,0.01431271941668917,False
475,2194,9,1113,13673.62350752961,141,0.03807723467458817,False
475,1517,10,1189,14124.467774987568,132,0.035646772886848505,False
476,466,1,556,5099.148866001355,600,0.16203078584931138,False
476,3040,2,312,2828.56852054339,1014,0.2738320280853362,False
476,2376,3,320,2891.4920026881377,997,0.2692411558196057,False
476,3087,4,509,5141.8302460362265,596,0.16095058061031595,False
476,2472,5,92,623.2324303085727,2067,0.5581960572508776,False
476,3243,6,288,2248.1547885086075,1171,0.316230083715906,False
476,2794,7,378,3326.504658897429,888,0.23980556305698084,False
476,1958,8,521,5376.900874888158,564,0.15230893869835269,False
476,1037,9,589,5340.162563385103,570,0.1539292465568458,False
476,542,10,202,1528.8750204692742,1446,0.3904941938968404,False
477,849,1,484,4137.1956080371765,732,0.19767755873615986,False
477,173,2,525,4377.879222400475,694,0.18741560896570347,False
477,1037,3,589,5340.162563385103,570,0.1539292465568458,False
477,3274,4,430,3988.466069243214,759,0.20496894409937888,False
477,1722,5,847,9207.403508173844,289,0.07804482851741831,False
477,836,6,228,1751.0169156453537,1365,0.3686200378071834,False
477,2641,7,834,8649.795340226987,319,0.08614636780988388,False
477,1214,8,1991,27073.43255393762,31,0.00837159060221442,False
477,1882,9,457,3729.7316158295102,800,0.21604104779908181,False
477,1479,10,549,5376.050373048992,565,0.15257899000810154,False
478,2268,1,1047,12622.669539758992,171,0.04617877396705374,False
478,356,2,2167,29502.95296250054,26,0.0070213340534701595,False
478,1089,3,1243,15811.006137632434,107,0.028895490143127193,False
478,36,4,916,10862.61364956842,233,0.06292195517148258,False
478,1784,5,1403,17648.452993612464,77,0.020793950850661626,False
478,858,6,2204,31912.135776463492,20,0.0054010261949770455,False
478,1246,7,843,9953.935772641878,257,0.06940318660545504,False
478,1393,8,1326,16137.674690050057,100,0.027005130974885227,False
478,1208,9,1158,14810.865486380973,122,0.03294625978935998,False
478,1183,10,966,10960.909501000278,225,0.060761544693491765,False
479,2406,1,1324,15911.425497058779,105,0.02835538752362949,False
479,2470,2,899,9834.562229076122,265,0.07156359708344585,False
479,2194,3,1113,13673.62350752961,141,0.03807723467458817,False
479,1259,4,1755,23260.316415956328,39,0.01053200108020524,False
479,367,5,1152,12741.333924756256,167,0.045098568728058334,False
479,1517,6,1189,14124.467774987568,132,0.035646772886848505,False
479,858,7,2204,31912.135776463492,20,0.0054010261949770455,False
479,1917,8,1077,11668.363657704602,199,0.0537402106400216,False
479,21,9,1332,15861.790447333964,106,0.02862543883337834,False
479,2735,10,446,4023.1117534989953,749,0.20226843100189035,False
480,1610,1,1627,21203.622112881287,53,0.01431271941668917,False
480,2268,2,1047,12622.669539758992,171,0.04617877396705374,False
480,849,3,484,4137.1956080371765,732,0.19767755873615986,False
480,1246,4,843,9953.935772641878,257,0.06940318660545504,False
480,2194,5,1113,13673.62350752961,141,0.03807723467458817,False
480,367,6,1152,12741.333924756256,167,0.045098568728058334,False
480,2406,7,1324,15911.425497058779,105,0.02835538752362949,False
480,1831,8,634,5734.045811516156,534,0.14420739940588712,False
480,173,9,525,4377.879222400475,694,0.18741560896570347,False
480,466,10,556,5099.148866001355,600,0.16203078584931138,False
481,2406,1,1324,15911.425497058779,105,0.02835538752362949,False
481,2194,2,1113,13673.62350752961,141,0.03807723467458817,False
481,1610,3,1627,21203.622112881287,53,0.01431271941668917,False
481,1517,4,1189,14124.467774987568,132,0.035646772886848505,False
481,1246,5,843,9953.935772641878,257,0.06940318660545504,False
481,368,6,779,8483.940453676954,329,0.0888468809073724,False
481,2374,7,238,1935.9298656077892,1286,0.347285984337024,False
481,466,8,556,5099.148866001355,600,0.16203078584931138,False
481,3098,9,539,5791.389392963434,529,0.14285714285714285,False
481,2268,10,1047,12622.669539758992,171,0.04617877396705374,False
482,849,1,484,4137.1956080371765,732,0.19767755873615986,False
482,1958,2,521,5376.900874888158,564,0.15230893869835269,False
482,2376,3,320,2891.4920026881377,997,0.2692411558196057,False
482,371,4,210,1736.6779643129837,1372,0.3705103969754253,False
482,2252,5,183,1432.8035994030688,1495,0.40372670807453415,False
482,836,6,228,1751.0169156453537,1365,0.3686200378071834,False
482,3243,7,288,2248.1547885086075,1171,0.316230083715906,False
482,2240,8,234,2078.7371845103885,1227,0.33135295706184176,False
482,542,9,202,1528.8750204692742,1446,0.3904941938968404,False
482,1831,10,634,5734.045811516156,534,0.14420739940588712,False
483,2858,1,3379,50257.027663730645,1,0.00027005130974885227,False
483,1246,2,843,9953.935772641878,257,0.06940318660545504,False
483,1208,3,1158,14810.865486380973,122,0.03294625978935998,False
483,858,4,2204,31912.135776463492,20,0.0054010261949770455,False
483,1265,5,2248,30164.815200494995,23,0.006211180124223602,False
483,1610,6,1627,21203.622112881287,53,0.01431271941668917,False
483,2268,7,1047,12622.669539758992,171,0.04617877396705374,False
483,2194,8,1113,13673.62350752961,141,0.03807723467458817,False
483,356,9,2167,29502.95296250054,26,0.0070213340534701595,False
483,1221,10,1675,22862.716982968926,41,0.011072103699702943,False
484,2699,1,1333,14386.47750003128,129,0.03483661895760194,False
484,2858,2,3379,50257.027663730645,1,0.00027005130974885227,False
484,2355,3,1677,21334.909548900763,50,0.013502565487442613,False
484,1517,4,1189,14124.467774987568,132,0.035646772886848505,False
484,367,5,1152,12741.333924756256,167,0.045098568728058334,False
484,2395,6,1202,14591.197277188907,126,0.034026465028355386,False
484,2997,7,2207,30287.330109496044,22,0.00594112881447475,False
484,2770,8,919,9825.391991444534,266,0.07183364839319471,False
484,3175,9,1697,21376.390399979813,49,0.013232514177693762,False
484,785,10,755,8106.09460306757,358,0.09667836889008911,False
485,2406,1,1324,15911.425497058779,105,0.02835538752362949,False
485,356,2,2167,29502.95296250054,26,0.0070213340534701595,False
485,1517,3,1189,14124.467774987568,132,0.035646772886848505,False
485,2997,4,2207,30287.330109496044,22,0.00594112881447475,False
485,2470,5,899,9834.562229076122,265,0.07156359708344585,False
485,1784,6,1403,17648.452993612464,77,0.020793950850661626,False
485,1641,7,1185,14406.19469979475,128,0.03456656764785309,False
485,367,8,1152,12741.333924756256,167,0.045098568728058334,False
485,3253,9,1112,12868.676927414986,165,0.044558466108560624,False
485,2355,10,1677,21334.909548900763,50,0.013502565487442613,False
486,2858,1,3379,50257.027663730645,1,0.00027005130974885227,False
486,2268,2,1047,12622.669539758992,171,0.04617877396705374,False
486,1784,3,1403,17648.452993612464,77,0.020793950850661626,False
486,296,4,2138,29830.80155175783,25,0.006751282743721307,False
486,356,5,2167,29502.95296250054,26,0.0070213340534701595,False
486,1246,6,843,9953.935772641878,257,0.06940318660545504,False
486,2997,7,2207,30287.330109496044,22,0.00594112881447475,False
486,1060,8,777,8969.938991330382,297,0.08020523899540913,False
486,1393,9,1326,16137.674690050057,100,0.027005130974885227,False
486,1213,10,1640,22083.331234721743,44,0.0118822576289495,False
487,356,1,2167,29502.95296250054,26,0.0070213340534701595,False
487,1517,2,1189,14124.467774987568,132,0.035646772886848505,False
487,318,3,2205,32060.29507007315,19,0.005130974885228194,False
487,2997,4,2207,30287.330109496044,22,0.00594112881447475,False
487,2406,5,1324,15911.425497058779,105,0.02835538752362949,False
487,2268,6,1047,12622.669539758992,171,0.04617877396705374,False
487,367,7,1152,12741.333924756256,167,0.045098568728058334,False
487,1784,8,1403,17648.452993612464,77,0.020793950850661626,False
487,1610,9,1627,21203.622112881287,53,0.01431271941668917,False
487,1246,10,843,9953.935772641878,257,0.06940318660545504,False
488,849,1,484,4137.1956080371765,732,0.19767755873615986,False
488,2406,2,1324,15911.425497058779,105,0.02835538752362949,False
488,1917,3,1077,11668.363657704602,199,0.0537402106400216,False
488,173,4,525,4377.879222400475,694,0.18741560896570347,False
488,2470,5,899,9834.562229076122,265,0.07156359708344585,False
488,367,6,1152,12741.333924756256,167,0.045098568728058334,False
488,3527,7,1274,15145.18568718097,115,0.031055900621118012,False
488,466,8,556,5099.148866001355,600,0.16203078584931138,False
488,1831,9,634,5734.045811516156,534,0.14420739940588712,False
488,1037,10,589,5340.162563385103,570,0.1539292465568458,False
489,2194,1,1113,13673.62350752961,141,0.03807723467458817,False
489,2406,2,1324,15911.425497058779,105,0.02835538752362949,False
489,1246,3,843,9953.935772641878,257,0.06940318660545504,False
489,2470,4,899,9834.562229076122,265,0.07156359708344585,False
489,1214,5,1991,27073.43255393762,31,0.00837159060221442,False
489,1265,6,2248,30164.815200494995,23,0.006211180124223602,False
489,1221,7,1675,22862.716982968926,41,0.011072103699702943,False
489,2858,8,3379,50257.027663730645,1,0.00027005130974885227,False
489,2968,9,992,11463.838815645044,204,0.05509046718876587,False
489,260,10,2948,43880.7985879179,2,0.0005401026194977045,False
490,2406,1,1324,15911.425497058779,105,0.02835538752362949,False
490,2470,2,899,9834.562229076122,265,0.07156359708344585,False
490,594,3,751,8508.560492194558,328,0.08857682959762354,False
490,2161,4,690,7446.941259271376,402,0.10856062651903861,False
490,367,5,1152,12741.333924756256,167,0.045098568728058334,False
490,2090,6,245,2184.2402868811646,1192,0.3219011612206319,False
490,1917,7,1077,11668.363657704602,199,0.0537402106400216,False
490,849,8,484,4137.1956080371765,732,0.19767755873615986,False
490,1831,9,634,5734.045811516156,534,0.14420739940588712,False
490,1097,10,2236,30024.356290340704,24,0.006481231433972455,False
491,2194,1,1113,13673.62350752961,141,0.03807723467458817,False
491,2470,2,899,9834.562229076122,265,0.07156359708344585,False
491,466,3,556,5099.148866001355,600,0.16203078584931138,False
491,1246,4,843,9953.935772641878,257,0.06940318660545504,False
491,1610,5,1627,21203.622112881287,53,0.01431271941668917,False
491,2406,6,1324,15911.425497058779,105,0.02835538752362949,False
491,2374,7,238,1935.9298656077892,1286,0.347285984337024,False
491,849,8,484,4137.1956080371765,732,0.19767755873615986,False
491,2268,9,1047,12622.669539758992,171,0.04617877396705374,False
491,3098,10,539,5791.389392963434,529,0.14285714285714285,False
492,2395,1,1202,14591.197277188907,126,0.034026465028355386,False
492,1517,2,1189,14124.467774987568,132,0.035646772886848505,False
492,367,3,1152,12741.333924756256,167,0.045098568728058334,False
492,3254,4,430,3838.3298940131463,781,0.21091007291385364,False
492,2355,5,1677,21334.909548900763,50,0.013502565487442613,False
492,3578,6,1859,24884.900654850804,33,0.008911693221712126,False
492,2268,7,1047,12622.669539758992,171,0.04617877396705374,False
492,1784,8,1403,17648.452993612464,77,0.020793950850661626,False
492,785,9,755,8106.09460306757,358,0.09667836889008911,False
492,2723,10,846,8577.128708771077,324,0.08749662435862814,False
493,1246,1,843,9953.935772641878,257,0.06940318660545504,False
493,3098,2,539,5791.389392963434,529,0.14285714285714285,False
493,1810,3,349,3353.6667309417803,882,0.2381852551984877,False
493,1635,4,502,5309.273710180128,575,0.15527950310559005,False
493,36,5,916,10862.61364956842,233,0.06292195517148258,False
493,1784,6,1403,17648.452993612464,77,0.020793950850661626,False
493,2194,7,1113,13673.62350752961,141,0.03807723467458817,False
493,296,8,2138,29830.80155175783,25,0.006751282743721307,False
493,1060,9,777,8969.938991330382,297,0.08020523899540913,False
493,1393,10,1326,16137.674690050057,100,0.027005130974885227,False
494,2470,1,899,9834.562229076122,265,0.07156359708344585,False
494,2406,2,1324,15911.425497058779,105,0.02835538752362949,False
494,3254,3,430,3838.3298940131463,781,0.21091007291385364,False
494,2374,4,238,1935.9298656077892,1286,0.347285984337024,False
494,3087,5,509,5141.8302460362265,596,0.16095058061031595,False
494,2735,6,446,4023.1117534989953,749,0.20226843100189035,False
494,1265,7,2248,30164.815200494995,23,0.006211180124223602,False
494,849,8,484,4137.1956080371765,732,0.19767755873615986,False
494,3033,9,882,9406.776221937542,281,0.0758844180394275,False
494,356,10,2167,29502.95296250054,26,0.0070213340534701595,False
495,849,1,484,4137.1956080371765,732,0.19767755873615986,False
495,2406,2,1324,15911.425497058779,105,0.02835538752362949,False
495,1917,3,1077,11668.363657704602,199,0.0537402106400216,False
495,173,4,525,4377.879222400475,694,0.18741560896570347,False
495,2470,5,899,9834.562229076122,265,0.07156359708344585,False
495,1831,6,634,5734.045811516156,534,0.14420739940588712,False
495,466,7,556,5099.148866001355,600,0.16203078584931138,False
495,1371,8,767,7823.062410781384,375,0.1012692411558196,False
495,3527,9,1274,15145.18568718097,115,0.031055900621118012,False
495,367,10,1152,12741.333924756256,167,0.045098568728058334,False
496,849,1,484,4137.1956080371765,732,0.19767755873615986,False
496,2406,2,1324,15911.425497058779,105,0.02835538752362949,False
496,1610,3,1627,21203.622112881287,53,0.01431271941668917,False
496,2470,4,899,9834.562229076122,265,0.07156359708344585,False
496,1917,5,1077,11668.363657704602,199,0.0537402106400216,False
496,367,6,1152,12741.333924756256,167,0.045098568728058334,False
496,3527,7,1274,15145.18568718097,115,0.031055900621118012,False
496,173,8,525,4377.879222400475,694,0.18741560896570347,False
496,1831,9,634,5734.045811516156,534,0.14420739940588712,False
496,466,10,556,5099.148866001355,600,0.16203078584931138,False
497,2470,1,899,9834.562229076122,265,0.07156359708344585,False
497,2406,2,1324,15911.425497058779,105,0.02835538752362949,False
497,2374,3,238,1935.9298656077892,1286,0.347285984337024,False
497,367,4,1152,12741.333924756256,167,0.045098568728058334,False
497,466,5,556,5099.148866001355,600,0.16203078584931138,False
497,1246,6,843,9953.935772641878,257,0.06940318660545504,False
497,2003,7,768,8005.673345511925,362,0.09775857412908452,False
497,2268,8,1047,12622.669539758992,171,0.04617877396705374,False
497,1517,9,1189,14124.467774987568,132,0.035646772886848505,False
497,3254,10,430,3838.3298940131463,781,0.21091007291385364,False
498,1246,1,843,9953.935772641878,257,0.06940318660545504,False
498,1265,2,2248,30164.815200494995,23,0.006211180124223602,False
498,3098,3,539,5791.389392963434,529,0.14285714285714285,False
498,1208,4,1158,14810.865486380973,122,0.03294625978935998,False
498,2268,5,1047,12622.669539758992,171,0.04617877396705374,False
498,2194,6,1113,13673.62350752961,141,0.03807723467458817,False
498,3504,7,678,7762.799452358628,381,0.10288954901431271,False
498,858,8,2204,31912.135776463492,20,0.0054010261949770455,False
498,356,9,2167,29502.95296250054,26,0.0070213340534701595,False
498,1517,10,1189,14124.467774987568,132,0.035646772886848505,False
499,3098,1,539,5791.389392963434,529,0.14285714285714285,False
499,2374,2,238,1935.9298656077892,1286,0.347285984337024,False
499,1265,3,2248,30164.815200494995,23,0.006211180124223602,False
499,2194,4,1113,13673.62350752961,141,0.03807723467458817,False
499,367,5,1152,12741.333924756256,167,0.045098568728058334,False
499,708,6,671,7027.82387859474,430,0.11612206319200648,False
499,2100,7,1150,13032.466469726762,158,0.04266810694031866,False
499,1517,8,1189,14124.467774987568,132,0.035646772886848505,False
499,11,9,1023,12045.16513018045,185,0.049959492303537675,False
499,371,10,210,1736.6779643129837,1372,0.3705103969754253,False
500,2470,1,899,9834.562229076122,265,0.07156359708344585,False
500,1265,2,2248,30164.815200494995,23,0.006211180124223602,False
500,367,3,1152,12741.333924756256,167,0.045098568728058334,False
500,2406,4,1324,15911.425497058779,105,0.02835538752362949,False
500,1517,5,1189,14124.467774987568,132,0.035646772886848505,False
500,356,6,2167,29502.95296250054,26,0.0070213340534701595,False
500,1246,7,843,9953.935772641878,257,0.06940318660545504,False
500,1,8,2058,28045.883205107395,29,0.007831487982716717,False
500,2100,9,1150,13032.466469726762,158,0.04266810694031866,False
500,2355,10,1677,21334.909548900763,50,0.013502565487442613,False
